alpha_mean,alpha_std,wage,productivity,loan_rate,deposit_rate,bank_credit_multiplier,hh_debt_cap_multiplier,firm_debt_cap_multiplier,adaptation_rate,price_elasticity,skill_wage_weight,demand_smoothing,price_adjust_speed,price_stickiness,max_price_step,inventory_target_days,demand_expectation_memory,max_hire_per_step,max_fire_per_step,hh_max_dsr,firm_max_dsr,firm_reentry_lag,firm_reentry_cash_fraction,consumption_memory,precautionary_saving,consumption_floor_prop,consumption_ceiling_prop,unemployed_consumption_penalty,unemployment_transfer,seed,Employment_mean,UnemploymentRate_mean,Output_mean,Consumption_mean,Transfers_mean,AvgPrice_mean,AvgMarkup_mean,PriceDispersion_mean,InventoryGap_mean,SalesForecastError_mean,InventoryTurnover_mean,CreditRejections_mean,FirmDowntimeShare_mean,ReentryCount_mean,UnemploymentTransfers_mean,HH_Debt_mean,HH_Deposit_mean,Firm_Debt_mean,Bank_Equity_mean,BankFailed_mean,BankResolved_mean,BankResolutionAmount_mean,BankResolutionHaircut_mean,BankBailedOut_mean,BankBailoutAmount_mean,Defaults_mean,DefaultsHH_mean,DefaultsFirm_mean,BalanceOK_mean,DefaultsHH_rate,DefaultsFirm_rate,BalanceOK_share,BankFailed_share,BankResolved_share,BankBailedOut_share,bad_run,error
0.6452449580844042,0.11438242115405353,1.1691091067696298,0.9756379361631039,0.060259254154553576,0.023504583496575165,5.629093245440795,3.719193614113348,1.8722509705698998,0.9452032499504117,2.772880972845087,0.4635972036466438,0.30328459927847795,0.09316498070929698,0.7568419720328592,0.06195729504968979,1.0568192314292626,0.5402793613108543,4.0702662211838945,3.561303549182185,0.4256258578894385,1.9277876498861444,3.1131509461670115,0.40172843120845964,0.2213845955010647,0.13367001114287125,0.16901942887009794,2.5087352912485956,0.443611252195392,0.16531453871818463,0,90.9,0.091,94.76266856048304,114.19205404459103,10.627201780535938,1.2387089427805802,0.02608087255112807,0.10587728849163998,0.032300803142895546,0.035267604000077085,0.6798000974159126,92.75,0.0,0.0,1.5043623023354802,43.66276104847702,4.4137885239372165,5.86381594938013,5.5730496694973235,0.0,0.25,2.2264075815327224,0.007761239371887651,0.0,0.0,0.5,0.5,0.0,1.0,0.007333333333333333,0.003333333333333333,1.0,0.0,0.11666666666666667,0.0,False,
0.6452449580844042,0.11438242115405353,1.1691091067696298,0.9756379361631039,0.060259254154553576,0.023504583496575165,5.629093245440795,3.719193614113348,1.8722509705698998,0.9452032499504117,2.772880972845087,0.4635972036466438,0.30328459927847795,0.09316498070929698,0.7568419720328592,0.06195729504968979,1.0568192314292626,0.5402793613108543,4.0702662211838945,3.561303549182185,0.4256258578894385,1.9277876498861444,3.1131509461670115,0.40172843120845964,0.2213845955010647,0.13367001114287125,0.16901942887009794,2.5087352912485956,0.443611252195392,0.16531453871818463,1,81.2,0.188,84.42297195586633,102.05888513872979,9.493165946969395,1.2400401810868718,0.029434262503653684,0.09704193403848227,0.34459865525195166,0.05383141605842638,0.5733990093696686,91.6,0.0,0.0,3.1079133279018714,52.65909571519593,3.2825647564922433,10.472190953050443,4.023933171468111,0.0,0.35,3.5778624512050987,0.01355079910317423,0.0,0.0,1.0,1.0,0.0,1.0,0.009666666666666667,0.003333333333333333,1.0,0.0,0.15,0.0,False,
0.6452449580844042,0.11438242115405353,1.1691091067696298,0.9756379361631039,0.060259254154553576,0.023504583496575165,5.629093245440795,3.719193614113348,1.8722509705698998,0.9452032499504117,2.772880972845087,0.4635972036466438,0.30328459927847795,0.09316498070929698,0.7568419720328592,0.06195729504968979,1.0568192314292626,0.5402793613108543,4.0702662211838945,3.561303549182185,0.4256258578894385,1.9277876498861444,3.1131509461670115,0.40172843120845964,0.2213845955010647,0.13367001114287125,0.16901942887009794,2.5087352912485956,0.443611252195392,0.16531453871818463,2,92.65,0.0735,94.18936428977649,115.48778657724051,10.83179587422062,1.266485482290068,0.02978981093125672,0.128713103186951,0.24203594807716144,0.020943791792116938,0.580846153485498,95.95,0.0,0.0,1.215061859578657,41.874677442362916,3.0414835903355035,18.07027697993893,5.156946329824204,0.0,0.2,1.846031482185198,0.009657123673255242,0.0,0.0,0.45,0.45,0.0,1.0,0.006666666666666666,0.003333333333333333,1.0,0.0,0.11666666666666667,0.0,False,
0.909897026370959,0.030292840174025972,1.378903035857281,1.6964552110398503,0.07121692131398225,0.006014735024483917,4.246502098302851,4.500460717780311,3.407027880955929,0.7947544487392207,1.0608129828943365,0.07190915465848212,0.2903831033602168,0.1326160529124223,0.780204767443818,0.08296200605478368,2.389994579343895,0.3416035464187126,5.753534323086534,7.86286214380874,0.642483754360903,1.388675474183961,1.7292030159782654,0.6748285590712292,0.5498054339263743,0.24678527902522823,0.18219700965346,1.139615108269415,0.10412470626722749,0.14446421932281603,0,30.55,0.6945,64.59739539874447,52.45902439161724,4.2125487745439925,0.8221819932043501,0.008739848022421875,0.04729799844815376,5.199856550665887,0.28996833305461345,0.11456887081980174,94.5,0.0,0.0,10.033040031969573,47.38398108056876,0.24026691830288374,0.0,2.6067574167208742,0.0,0.55,5.374285735242877,0.1617285930174566,0.05,1.2945404608608555,1.15,1.15,0.0,1.0,0.016166666666666666,0.0,1.0,0.0,0.35,0.08333333333333333,False,
0.909897026370959,0.030292840174025972,1.378903035857281,1.6964552110398503,0.07121692131398225,0.006014735024483917,4.246502098302851,4.500460717780311,3.407027880955929,0.7947544487392207,1.0608129828943365,0.07190915465848212,0.2903831033602168,0.1326160529124223,0.780204767443818,0.08296200605478368,2.389994579343895,0.3416035464187126,5.753534323086534,7.86286214380874,0.642483754360903,1.388675474183961,1.7292030159782654,0.6748285590712292,0.5498054339263743,0.24678527902522823,0.18219700965346,1.139615108269415,0.10412470626722749,0.14446421932281603,1,35.5,0.6449999999999999,75.1640819310451,61.015496127383685,4.895105777293347,0.8207535809883767,0.007991463465889113,0.04579236165856657,4.237190529388234,0.28754016964883095,0.13551963866384747,98.55,0.0,0.0,9.317942146321634,37.58779861281084,0.11704870765456324,0.0,3.040507833190195,0.0,0.5,4.5269300445842235,0.14965000500906242,0.0,1.2347948543702982,0.75,0.75,0.0,1.0,0.015666666666666666,0.0,1.0,0.0,0.35,0.06666666666666667,False,
0.909897026370959,0.030292840174025972,1.378903035857281,1.6964552110398503,0.07121692131398225,0.006014735024483917,4.246502098302851,4.500460717780311,3.407027880955929,0.7947544487392207,1.0608129828943365,0.07190915465848212,0.2903831033602168,0.1326160529124223,0.780204767443818,0.08296200605478368,2.389994579343895,0.3416035464187126,5.753534323086534,7.86286214380874,0.642483754360903,1.388675474183961,1.7292030159782654,0.6748285590712292,0.5498054339263743,0.24678527902522823,0.18219700965346,1.139615108269415,0.10412470626722749,0.14446421932281603,2,25.55,0.7445000000000002,53.53006024336328,43.94076323926638,3.5230972566153533,0.8315552123797059,0.010537120218519476,0.050661475956167844,6.073531234258095,0.30596517680257634,0.09737544514581936,103.05,0.0,0.0,10.755361128583655,46.35194581385947,0.0,0.0,2.148640807870641,0.0,0.65,6.972653362217903,0.17587275541393418,0.05,0.7497186021395079,1.45,1.45,0.0,1.0,0.015666666666666666,0.0,1.0,0.0,0.4,0.05,False,
0.6754955942450456,0.061680585302728304,1.0851982982241901,1.6033041248362037,0.023680902155098216,0.007975521453856067,9.70185046044568,4.595547243735244,2.362824363197356,0.6869574629821188,1.467978075592364,0.31499975641279643,0.25765662700029346,0.2590392773947752,0.4850612763294383,0.12550844161289637,1.844785836198874,0.16650691362319212,10.39213092181795,10.402971359009742,0.2949552355500604,0.9573333231748488,1.2399354516306018,0.49295692026733956,0.497112939678344,0.16269453211040452,0.2081495647894933,2.275640984685474,0.22361521648372057,0.022147153461998713,0,61.4,0.386,101.86905188020614,68.53574820729943,6.663117551096528,0.6798256364815511,0.0011280561197575844,0.042572406161970174,0.9918535894840476,0.02035652447754581,0.2598439847396376,76.15,0.0,0.0,0.8548801236331502,231.41531471205025,0.0,0.0,7.503942528754249,0.0,0.25,4.995512348231936,0.007284337052697004,0.0,0.0,1.1,1.1,0.0,1.0,0.0055000000000000005,0.0,1.0,0.0,0.08333333333333333,0.0,False,
0.6754955942450456,0.061680585302728304,1.0851982982241901,1.6033041248362037,0.023680902155098216,0.007975521453856067,9.70185046044568,4.595547243735244,2.362824363197356,0.6869574629821188,1.467978075592364,0.31499975641279643,0.25765662700029346,0.2590392773947752,0.4850612763294383,0.12550844161289637,1.844785836198874,0.16650691362319212,10.39213092181795,10.402971359009742,0.2949552355500604,0.9573333231748488,1.2399354516306018,0.49295692026733956,0.497112939678344,0.16269453211040452,0.2081495647894933,2.275640984685474,0.22361521648372057,0.022147153461998713,1,62.3,0.37700000000000006,101.98526126578265,68.66172858377853,6.760785397936705,0.679512758667426,0.0018301692500809284,0.04032087696471637,1.0114691113454948,0.020445987635967954,0.26671025600886233,78.35,0.0,0.0,0.8349476855173515,256.825557087076,0.03171799912639918,0.0,7.920465528982416,0.0,0.3,5.454797973699765,0.00799186142361162,0.0,0.0,1.3,1.3,0.0,1.0,0.005666666666666666,0.0,1.0,0.0,0.1,0.0,False,
0.6754955942450456,0.061680585302728304,1.0851982982241901,1.6033041248362037,0.023680902155098216,0.007975521453856067,9.70185046044568,4.595547243735244,2.362824363197356,0.6869574629821188,1.467978075592364,0.31499975641279643,0.25765662700029346,0.2590392773947752,0.4850612763294383,0.12550844161289637,1.844785836198874,0.16650691362319212,10.39213092181795,10.402971359009742,0.2949552355500604,0.9573333231748488,1.2399354516306018,0.49295692026733956,0.497112939678344,0.16269453211040452,0.2081495647894933,2.275640984685474,0.22361521648372057,0.022147153461998713,2,60.1,0.3989999999999999,98.47061394052844,66.77374222811113,6.522041772327384,0.6862870627474236,9.883897968672175e-06,0.04920237618236521,1.195224686288939,0.021220635588510346,0.245476657673447,81.2,0.0,0.0,0.8836714231337487,229.38183004254293,0.0,0.0,7.266883554886183,0.0,0.25,3.657575471884342,0.007370069997976359,0.0,0.0,0.85,0.85,0.0,1.0,0.0055000000000000005,0.0,1.0,0.0,0.1,0.0,False,
0.6071749573387424,0.07075139733447419,1.1945564291447182,1.8920658639806192,0.03948036141046224,0.020434002318691583,7.510669082552765,3.507054833517345,4.41130956573752,0.8764588317836969,2.2873019900752354,0.477736020956418,0.18116728592246029,0.419823198058875,0.5937141355886671,0.21265020618794614,1.7406612845033846,0.35211897418060034,3.2806277596305042,4.294567981469824,0.2129694540790936,1.306391302492876,2.006881387135605,0.23613180399734895,0.31959159655104863,0.22930525605917015,0.13754733173206737,1.7547583866094247,0.14535234213127485,0.04639860371906345,0,98.45,0.015500000000000003,186.11422051508617,125.91315616744245,11.76040804492975,0.683546732191137,0.08040216194062426,0.03850083157165299,-0.17241250375347522,0.05744967910884534,0.5386391635072145,83.0,0.0,0.0,0.07191783576454834,68.52591074865549,1.917261621956938,0.0,6.158620001482353,0.0,0.25,2.8079003602475354,0.010893031471225046,0.0,0.0,0.75,0.75,0.0,1.0,0.0085,0.0,1.0,0.0,0.15,0.0,False,
0.6071749573387424,0.07075139733447419,1.1945564291447182,1.8920658639806192,0.03948036141046224,0.020434002318691583,7.510669082552765,3.507054833517345,4.41130956573752,0.8764588317836969,2.2873019900752354,0.477736020956418,0.18116728592246029,0.419823198058875,0.5937141355886671,0.21265020618794614,1.7406612845033846,0.35211897418060034,3.2806277596305042,4.294567981469824,0.2129694540790936,1.306391302492876,2.006881387135605,0.23613180399734895,0.31959159655104863,0.22930525605917015,0.13754733173206737,1.7547583866094247,0.14535234213127485,0.04639860371906345,1,99.35,0.006500000000000001,187.02849331426847,127.87898414406361,11.867918123552773,0.6951965175486167,0.09888395643359141,0.046110141872004906,-0.24585204328063118,0.05554189800302791,0.5769945352963969,89.25,0.0,0.0,0.03015909241739124,58.96481653680807,2.0908033387570755,0.0,5.913846108506528,0.0,0.15,1.7364597429168136,0.009834622370902641,0.0,0.0,0.55,0.55,0.0,1.0,0.0085,0.0,1.0,0.0,0.13333333333333333,0.0,False,
0.6071749573387424,0.07075139733447419,1.1945564291447182,1.8920658639806192,0.03948036141046224,0.020434002318691583,7.510669082552765,3.507054833517345,4.41130956573752,0.8764588317836969,2.2873019900752354,0.477736020956418,0.18116728592246029,0.419823198058875,0.5937141355886671,0.21265020618794614,1.7406612845033846,0.35211897418060034,3.2806277596305042,4.294567981469824,0.2129694540790936,1.306391302492876,2.006881387135605,0.23613180399734895,0.31959159655104863,0.22930525605917015,0.13754733173206737,1.7547583866094247,0.14535234213127485,0.04639860371906345,2,98.25,0.017500000000000005,183.8032798623654,125.39290840483514,11.736516916346858,0.6882462990286504,0.0788766720791099,0.03628760956332572,-0.17775307694771877,0.05026925440708104,0.5377674037199335,92.9,0.0,0.0,0.08119755650836104,76.78620816872208,0.9728588186842861,0.0,5.514400222363933,0.0,0.2,2.6197238437429275,0.009707615543846996,0.0,0.0,0.65,0.65,0.0,1.0,0.008333333333333333,0.0,1.0,0.0,0.13333333333333333,0.0,False,
0.8092359272571386,0.06725169683324644,1.4206316413818678,1.253334500438355,0.04361339078116272,0.003578845284391674,6.342131817436772,2.6234664022926926,2.415015224549329,0.3930104352621351,2.5978580391087265,0.4169520415759481,0.27066009538082636,0.3311508586875525,0.6440378125936306,0.09666334162308471,2.53065072175307,0.5145475644758672,9.019858544189596,5.0707488469045146,0.4653957380511221,2.0019117251381524,2.9974066687119914,0.8227392540559659,0.7254416336516508,0.3347314016471328,0.026840661644916667,1.5661765106415304,0.0515910312202747,0.20427870882501856,0,87.5,0.125,113.47895586702232,129.40764789614656,12.430526862091344,1.1778614885628673,0.03229963293677225,0.10954801677851425,0.018203630082530405,0.050684004155615046,0.33987671327379954,68.1,0.0,0.0,2.5534838603127317,202.9954472830258,0.0,0.008567363658185029,4.169176579065102,0.0,0.15,1.4180495148075583,0.01268667964715294,0.0,0.0,0.35,0.35,0.0,1.0,0.009166666666666667,0.003333333333333333,1.0,0.0,0.11666666666666667,0.0,False,
0.8092359272571386,0.06725169683324644,1.4206316413818678,1.253334500438355,0.04361339078116272,0.003578845284391674,6.342131817436772,2.6234664022926926,2.415015224549329,0.3930104352621351,2.5978580391087265,0.4169520415759481,0.27066009538082636,0.3311508586875525,0.6440378125936306,0.09666334162308471,2.53065072175307,0.5145475644758672,9.019858544189596,5.0707488469045146,0.4653957380511221,2.0019117251381524,2.9974066687119914,0.8227392540559659,0.7254416336516508,0.3347314016471328,0.026840661644916667,1.5661765106415304,0.0515910312202747,0.20427870882501856,1,88.65,0.11350000000000002,114.42125917691904,130.16371758180043,12.59389950085026,1.1696565406024453,0.026960650376800527,0.10042284886035062,0.039925703240921775,0.05115124722488827,0.3335058572174431,67.0,0.0,0.0,2.3185633451639602,207.80302866576298,0.0,0.0,3.002353446936611,0.0,0.1,1.15296713149355,0.012792170689672432,0.0,0.0,0.4,0.4,0.0,1.0,0.0095,0.0016666666666666666,1.0,0.0,0.13333333333333333,0.0,False,
0.8092359272571386,0.06725169683324644,1.4206316413818678,1.253334500438355,0.04361339078116272,0.003578845284391674,6.342131817436772,2.6234664022926926,2.415015224549329,0.3930104352621351,2.5978580391087265,0.4169520415759481,0.27066009538082636,0.3311508586875525,0.6440378125936306,0.09666334162308471,2.53065072175307,0.5145475644758672,9.019858544189596,5.0707488469045146,0.4653957380511221,2.0019117251381524,2.9974066687119914,0.8227392540559659,0.7254416336516508,0.3347314016471328,0.026840661644916667,1.5661765106415304,0.0515910312202747,0.20427870882501856,2,80.25,0.1975,102.08301070346965,117.42045993389384,11.40056892208949,1.1737898140538614,0.016617152400066126,0.09520525492187899,0.3715908072784758,0.046386917407852814,0.27796808905049286,69.1,0.0,0.0,4.034504499294116,222.80943180478934,0.0,7.1534986701988945,6.77083808760842,0.0,0.1,0.9877370490252411,0.002511153932468975,0.0,0.0,0.3,0.3,0.0,1.0,0.006333333333333333,0.0016666666666666666,1.0,0.0,0.03333333333333333,0.0,False,
0.8613258164525495,0.03898162135143647,1.425660647415225,1.0672154989402063,0.033589821613355206,0.0098578910361928,10.636435542461818,2.651720007749011,4.222620868208747,0.6593654057619313,1.568319908395098,0.11465578548811488,0.22278425573739427,0.20142313076296883,0.8908178126223175,0.10816969691922534,2.223137257265474,0.46839808999744936,8.268824767479018,6.955295091131272,0.5449658131698163,0.7565067727538095,3.3634780286155808,0.7314945256406309,0.3440897830834114,0.10695231435311871,0.3391052726364715,1.3570190757338576,0.29211777816830714,0.05819188938254756,0,15.2,0.8480000000000001,14.921453738106342,20.35954319617394,2.195517397019447,1.3813149798428657,0.026018317991961654,0.12647128208801436,1.5402070261846137,0.4845531888944947,0.32042874469120336,91.15,0.05,0.3,4.923033841763524,89.1923411858601,0.05238890207834553,3.188534114688626,1.1569504577327698,0.0,0.65,4.5727285022353525,0.16683188392764003,0.3,2.935734778526291,3.25,3.1,0.15,1.0,0.017666666666666667,0.02,1.0,0.0,0.26666666666666666,0.13333333333333333,False,
0.8613258164525495,0.03898162135143647,1.425660647415225,1.0672154989402063,0.033589821613355206,0.0098578910361928,10.636435542461818,2.651720007749011,4.222620868208747,0.6593654057619313,1.568319908395098,0.11465578548811488,0.22278425573739427,0.20142313076296883,0.8908178126223175,0.10816969691922534,2.223137257265474,0.46839808999744936,8.268824767479018,6.955295091131272,0.5449658131698163,0.7565067727538095,3.3634780286155808,0.7314945256406309,0.3440897830834114,0.10695231435311871,0.3391052726364715,1.3570190757338576,0.29211777816830714,0.05819188938254756,1,19.2,0.808,17.936137782743664,24.407002605577336,2.75865335274846,1.390670810787377,0.034518535146851735,0.12789590660713018,1.5827604642025563,0.4571422938475463,0.31900632537116735,86.55,0.030000000000000006,0.15,4.69317587870246,103.04823928159446,0.03170821354715532,1.2826287316080243,0.9110813582163356,0.0,0.5,3.921714909469729,0.1682936955992824,0.4,3.1884164618123716,4.3,4.2,0.1,1.0,0.0175,0.018333333333333333,1.0,0.0,0.18333333333333332,0.13333333333333333,False,
0.8613258164525495,0.03898162135143647,1.425660647415225,1.0672154989402063,0.033589821613355206,0.0098578910361928,10.636435542461818,2.651720007749011,4.222620868208747,0.6593654057619313,1.568319908395098,0.11465578548811488,0.22278425573739427,0.20142313076296883,0.8908178126223175,0.10816969691922534,2.223137257265474,0.46839808999744936,8.268824767479018,6.955295091131272,0.5449658131698163,0.7565067727538095,3.3634780286155808,0.7314945256406309,0.3440897830834114,0.10695231435311871,0.3391052726364715,1.3570190757338576,0.29211777816830714,0.05819188938254756,2,24.3,0.757,22.51194468382151,31.33518387613575,3.5997931347234435,1.3910212593004623,0.015796122269680826,0.1525031286297587,1.5270038429782153,0.35408395409965887,0.2883823548110189,89.9,0.10500000000000001,0.35,4.34984373134543,112.84881702856156,0.0,66.27598013456301,6.366000071389559,0.0,0.7,4.090403271253918,0.08694307669455552,0.15,2.1929812388283447,4.3,3.95,0.35,1.0,0.018833333333333334,0.018333333333333333,1.0,0.0,0.23333333333333334,0.05,False,
0.633269239450922,0.05615321104496874,1.0300479157195985,1.4715149365973916,0.06889047445782674,0.011230753485150468,8.031248668236582,4.220636532183372,1.611798562143649,0.891479380141761,1.7532970118898998,0.14124970593786862,0.2017743897962847,0.3008264725442744,0.660157286791065,0.20328701875837854,1.4650766334763397,0.6198892091535863,6.2539149429202245,9.834331472818103,0.22802774358595446,1.8573286266985813,2.2247410509918955,0.33038706649608307,0.38976503659607686,0.31651998277401816,0.2924773169661937,2.2280160214877913,0.38710702320524226,0.11169086326626343,0,98.9,0.01100000000000001,145.90261420666576,108.69643969477912,10.187173886466828,0.7530242832182167,0.0725370174930807,0.04621593876734827,-0.22443815983043258,0.025435995597835454,0.6418713463689116,100.15,0.0,0.0,0.12285994959288975,42.1887945704094,0.27032079853329655,0.005997355380672009,4.204709281195027,0.0,0.35,3.2001966233749286,0.02622182117664102,0.0,0.0,0.8,0.8,0.0,1.0,0.0125,0.0,1.0,0.0,0.2833333333333333,0.0,False,
0.633269239450922,0.05615321104496874,1.0300479157195985,1.4715149365973916,0.06889047445782674,0.011230753485150468,8.031248668236582,4.220636532183372,1.611798562143649,0.891479380141761,1.7532970118898998,0.14124970593786862,0.2017743897962847,0.3008264725442744,0.660157286791065,0.20328701875837854,1.4650766334763397,0.6198892091535863,6.2539149429202245,9.834331472818103,0.22802774358595446,1.8573286266985813,2.2247410509918955,0.33038706649608307,0.38976503659607686,0.31651998277401816,0.2924773169661937,2.2280160214877913,0.38710702320524226,0.11169086326626343,1,99.3,0.007000000000000006,147.3154090081543,110.38290779300124,10.228375803095613,0.7603939505904427,0.08351721921767981,0.054476033834424384,-0.27483588555127664,0.03458470991693159,0.7103982078506053,102.75,0.0,0.0,0.0781836042863844,26.556227055831794,0.32547881156968417,0.012778852010244446,4.944604374116284,0.0,0.25,2.191433769413519,0.02497669974478573,0.0,0.0,0.6,0.6,0.0,1.0,0.012833333333333334,0.0,1.0,0.0,0.2833333333333333,0.0,False,
0.633269239450922,0.05615321104496874,1.0300479157195985,1.4715149365973916,0.06889047445782674,0.011230753485150468,8.031248668236582,4.220636532183372,1.611798562143649,0.891479380141761,1.7532970118898998,0.14124970593786862,0.2017743897962847,0.3008264725442744,0.660157286791065,0.20328701875837854,1.4650766334763397,0.6198892091535863,6.2539149429202245,9.834331472818103,0.22802774358595446,1.8573286266985813,2.2247410509918955,0.33038706649608307,0.38976503659607686,0.31651998277401816,0.2924773169661937,2.2280160214877913,0.38710702320524226,0.11169086326626343,2,99.7,0.0030000000000000027,146.17084688513674,111.04794084765237,10.269577719724396,0.7650815098999681,0.07950187302971423,0.038796186001901864,-0.2587339920405577,0.03225203764509774,0.6785565464412923,100.4,0.0,0.0,0.03350725897987903,44.53913035690657,0.07270402420645142,0.0,5.248486499476889,0.0,0.25,2.234235326980624,0.022408159777645043,0.0,0.0,0.6,0.6,0.0,1.0,0.0125,0.0,1.0,0.0,0.26666666666666666,0.0,False,
0.769214357199583,0.05026010650532205,1.3380041580371753,1.7983031040392035,0.046385239750728655,0.016112075193402572,10.099693346911714,2.4765358742001946,1.9961867141147194,0.32613934124947785,1.0301247202661958,0.18542472147413885,0.13496613827341555,0.17967197292118026,0.7943220227849456,0.04912364072754831,2.7264686001822693,0.6397133562984838,9.814721372521916,9.44229984045441,0.32882169321066296,1.0729684208787211,0.16959388602463168,0.5552219945190695,0.3904755791768212,0.2980423603154938,0.01241396967146707,1.7118134053085792,0.3971367550592227,0.008560125538744193,0,0.0,1.0,1.1825682705108975,0.8771877553026742,0.0,0.7472608885322107,0.0017153087756856835,0.04304959051494679,223.8173047822973,0.18213235191659707,0.0016476287467370398,98.8,0.0,0.0,0.8560125538744193,5.954547188352786,0.0,0.0,0.42079970539488143,0.0,0.15,0.3468786793845718,0.16722240926921772,0.0,0.8889017859126651,0.15,0.15,0.0,1.0,0.016666666666666666,0.0,1.0,0.0,0.2833333333333333,0.11666666666666667,True,
0.769214357199583,0.05026010650532205,1.3380041580371753,1.7983031040392035,0.046385239750728655,0.016112075193402572,10.099693346911714,2.4765358742001946,1.9961867141147194,0.32613934124947785,1.0301247202661958,0.18542472147413885,0.13496613827341555,0.17967197292118026,0.7943220227849456,0.04912364072754831,2.7264686001822693,0.6397133562984838,9.814721372521916,9.44229984045441,0.32882169321066296,1.0729684208787211,0.16959388602463168,0.5552219945190695,0.3904755791768212,0.2980423603154938,0.01241396967146707,1.7118134053085792,0.3971367550592227,0.008560125538744193,1,0.0,1.0,1.1631791433015288,0.8625560053642047,0.0,0.7465182452692336,0.0016973403368501692,0.04120898257906402,231.17909817149211,0.15108354280059594,0.0015825907837802734,98.5,0.0,0.0,0.8560125538744193,8.241532326019215,0.0,0.0,0.6195270813837302,0.0,0.15,0.4211546326282032,0.16116996306600612,0.0,0.9190968596827315,0.15,0.15,0.0,1.0,0.016666666666666666,0.0,1.0,0.0,0.26666666666666666,0.11666666666666667,True,
0.769214357199583,0.05026010650532205,1.3380041580371753,1.7983031040392035,0.046385239750728655,0.016112075193402572,10.099693346911714,2.4765358742001946,1.9961867141147194,0.32613934124947785,1.0301247202661958,0.18542472147413885,0.13496613827341555,0.17967197292118026,0.7943220227849456,0.04912364072754831,2.7264686001822693,0.6397133562984838,9.814721372521916,9.44229984045441,0.32882169321066296,1.0729684208787211,0.16959388602463168,0.5552219945190695,0.3904755791768212,0.2980423603154938,0.01241396967146707,1.7118134053085792,0.3971367550592227,0.008560125538744193,2,0.0,1.0,1.3281430459456223,0.9937524531311974,0.0,0.7542415225778186,0.0018369010947817566,0.04748445382469472,223.55451351745396,0.2934305495173885,0.001827246860539277,99.4,0.0,0.0,0.8560125538744193,4.663363547732191,0.0,0.0,0.24812409430029878,0.0,0.1,0.2641683429567415,0.13198447493120707,0.0,0.7246214292567215,0.1,0.1,0.0,1.0,0.016666666666666666,0.0,1.0,0.0,0.23333333333333334,0.06666666666666667,True,
0.7624511738763112,0.10202275919910764,1.3116179702229278,1.928111592111423,0.053793088815512355,0.013860130035634133,11.380912704770456,3.2878915112616753,2.7885663373028677,0.7636179527488548,2.6645358113220032,0.39089924402713383,0.15536937026030556,0.434548479063221,0.5522793497779339,0.1339050210191494,2.6862275520643046,0.428264326455864,5.587004930019819,4.519517723310307,0.3907077003492403,0.8353888425846924,1.4516260403503218,0.37028404105284846,0.5211298083548711,0.32592995635916555,0.22193995062991526,1.0266543792670948,0.3613674258096702,0.06709126752815586,0,75.6,0.244,155.05414387513892,107.08688797067,9.915831854885337,0.6950544915079656,0.019660039242969107,0.03617721864922199,0.363723142026467,0.13068837972897243,0.2972431573085796,106.9,0.0,0.0,1.6370269276870033,31.601878666273876,0.15441016226970575,0.8775399990445468,3.7805095631376835,0.0,0.15,0.8973124352511098,0.05910179644405487,0.0,0.0,0.2,0.2,0.0,1.0,0.014499999999999999,0.0,1.0,0.0,0.2833333333333333,0.0,False,
0.7624511738763112,0.10202275919910764,1.3116179702229278,1.928111592111423,0.053793088815512355,0.013860130035634133,11.380912704770456,3.2878915112616753,2.7885663373028677,0.7636179527488548,2.6645358113220032,0.39089924402713383,0.15536937026030556,0.434548479063221,0.5522793497779339,0.1339050210191494,2.6862275520643046,0.428264326455864,5.587004930019819,4.519517723310307,0.3907077003492403,0.8353888425846924,1.4516260403503218,0.37028404105284846,0.5211298083548711,0.32592995635916555,0.22193995062991526,1.0266543792670948,0.3613674258096702,0.06709126752815586,1,72.6,0.274,150.5757794008518,103.31435929426468,9.522346463818458,0.6905501029431459,0.013858425746287132,0.03505758286843665,0.43362024410672684,0.1294064897157932,0.2794662531164299,106.05,0.0,0.0,1.838300730271471,27.873554288421097,0.27864198320306177,0.0,2.679649844090007,0.0,0.15,0.8877204884303428,0.07243570741270768,0.0,0.0,0.25,0.25,0.0,1.0,0.015,0.0,1.0,0.0,0.2833333333333333,0.0,False,
0.7624511738763112,0.10202275919910764,1.3116179702229278,1.928111592111423,0.053793088815512355,0.013860130035634133,11.380912704770456,3.2878915112616753,2.7885663373028677,0.7636179527488548,2.6645358113220032,0.39089924402713383,0.15536937026030556,0.434548479063221,0.5522793497779339,0.1339050210191494,2.6862275520643046,0.428264326455864,5.587004930019819,4.519517723310307,0.3907077003492403,0.8353888425846924,1.4516260403503218,0.37028404105284846,0.5211298083548711,0.32592995635916555,0.22193995062991526,1.0266543792670948,0.3613674258096702,0.06709126752815586,2,71.3,0.28700000000000003,147.74672199834822,102.56798514008378,9.351836127689475,0.6974750619999192,0.014816763297459557,0.035809202770624035,0.48446961735829985,0.12345111056803333,0.28208032386176324,106.4,0.0,0.0,1.9255193780580733,38.478184747438775,0.012405929834091613,0.33590872056706916,3.8740814702007462,0.0,0.15,1.1795425080173862,0.057822326257771485,0.0,0.0,0.3,0.3,0.0,1.0,0.014666666666666666,0.0,1.0,0.0,0.26666666666666666,0.0,False,
0.727164618428584,0.10599256522254627,0.9829044233865477,1.1629432296585465,0.027078594352173378,0.007106636881983142,4.681076346563716,2.2785087078398774,3.9077979908752716,0.5776987682802027,1.2889673711163125,0.25799840443815814,0.06777053447889715,0.3552232585265867,0.5762776891275416,0.16385977454673295,1.6270648395652108,0.4020935080974195,3.750927658392925,6.372389642646915,0.47335722828610927,1.784179692505445,2.449456948077665,0.6312957528894643,0.16002937391568914,0.07550054959110442,0.04974242095095587,2.1186046052727208,0.20007005611466827,0.18638447912979286,0,97.6,0.02400000000000002,111.53932117955551,100.2443074952971,9.593147172252705,0.9088106798332435,0.07022104613009755,0.0608922631950188,0.0470284820241388,0.01516289747443097,0.4592828955438069,85.3,0.0,0.0,0.4473227499115029,163.35054290721013,0.5408903606236846,0.0,45.93593635101682,0.0,0.0,0.0,0.0,0.0,0.0,0.0,0.0,0.0,1.0,0.0003333333333333333,0.0,1.0,0.0,0.0,0.0,False,
0.727164618428584,0.10599256522254627,0.9829044233865477,1.1629432296585465,0.027078594352173378,0.007106636881983142,4.681076346563716,2.2785087078398774,3.9077979908752716,0.5776987682802027,1.2889673711163125,0.25799840443815814,0.06777053447889715,0.3552232585265867,0.5762776891275416,0.16385977454673295,1.6270648395652108,0.4020935080974195,3.750927658392925,6.372389642646915,0.47335722828610927,1.784179692505445,2.449456948077665,0.6312957528894643,0.16002937391568914,0.07550054959110442,0.04974242095095587,2.1186046052727208,0.20007005611466827,0.18638447912979286,1,96.05,0.039500000000000035,110.63130631742797,98.82277314380475,9.440796986627792,0.9065964697389564,0.06806909518238771,0.07235614644740593,0.03585408917221261,0.014350374109274052,0.46227965743937816,83.85,0.0,0.0,0.7362186925626817,174.19394042855166,0.913151166375026,0.0,49.55251887899543,0.0,0.0,0.0,0.0,0.0,0.0,0.05,0.05,0.0,1.0,0.00016666666666666666,0.0,1.0,0.0,0.0,0.0,False,
0.727164618428584,0.10599256522254627,0.9829044233865477,1.1629432296585465,0.027078594352173378,0.007106636881983142,4.681076346563716,2.2785087078398774,3.9077979908752716,0.5776987682802027,1.2889673711163125,0.25799840443815814,0.06777053447889715,0.3552232585265867,0.5762776891275416,0.16385977454673295,1.6270648395652108,0.4020935080974195,3.750927658392925,6.372389642646915,0.47335722828610927,1.784179692505445,2.449456948077665,0.6312957528894643,0.16002937391568914,0.07550054959110442,0.04974242095095587,2.1186046052727208,0.20007005611466827,0.18638447912979286,2,96.95,0.03050000000000002,110.66228232407784,99.98991433964241,9.52925838473258,0.9155929620998192,0.06238045609636056,0.07093403911796647,0.03767039111683988,0.016567660812059067,0.4612097768686801,93.05,0.0,0.0,0.5684726613458683,152.347696047851,0.14796087639269073,0.0,39.93653863541455,0.0,0.0,0.0,0.0,0.0,0.0,0.1,0.1,0.0,1.0,0.0008333333333333333,0.0,1.0,0.0,0.0,0.0,False,
0.5819969847284121,0.08045376522809561,0.9787501024817533,1.3120837857047172,0.015436792161896806,0.018670063114332468,5.91947115009207,3.0175462896707175,2.9738080565745255,0.47154635413728774,2.8274746270892193,0.27892456406117555,0.09874259065042651,0.17055247719240707,0.6212429648757407,0.117527415463686,2.4673359631225145,0.28307634232764545,9.493216811982643,11.312610161014888,0.5169675151430679,1.0897894037276405,0.3545232700766325,0.7972083755854207,0.6421674906006766,0.17406113401278647,0.08010307524178446,1.5010635093128706,0.2625332514267525,0.03534530240910216,0,61.65,0.3835,86.1136462383031,65.13241558371381,6.033994381800008,0.7662034890988462,0.024101906722445318,0.04147116148153405,0.8061840586638281,0.0450832811422318,0.21647629959542694,55.55,0.0,0.0,1.3554923473890679,179.99806776311232,2.3383708425830236,0.0,35.29812341620095,0.0,0.0,0.0,0.0,0.0,0.0,0.7,0.7,0.0,1.0,0.0023333333333333335,0.0,1.0,0.0,0.0,0.0,False,
0.5819969847284121,0.08045376522809561,0.9787501024817533,1.3120837857047172,0.015436792161896806,0.018670063114332468,5.91947115009207,3.0175462896707175,2.9738080565745255,0.47154635413728774,2.8274746270892193,0.27892456406117555,0.09874259065042651,0.17055247719240707,0.6212429648757407,0.117527415463686,2.4673359631225145,0.28307634232764545,9.493216811982643,11.312610161014888,0.5169675151430679,1.0897894037276405,0.3545232700766325,0.7972083755854207,0.6421674906006766,0.17406113401278647,0.08010307524178446,1.5010635093128706,0.2625332514267525,0.03534530240910216,1,61.25,0.3875,86.00432443427363,65.10681717777531,5.994844377700739,0.7663152104142406,0.025508737127467086,0.03852393534841572,0.8098093605251115,0.04874372256785122,0.2143536245950703,54.05,0.0,0.0,1.3696304683527087,195.29761850794702,2.060055567414022,0.0,41.050195589690304,0.0,0.0,0.0,0.0,0.0,0.0,0.7,0.7,0.0,1.0,0.0023333333333333335,0.0,1.0,0.0,0.0,0.0,False,
0.5819969847284121,0.08045376522809561,0.9787501024817533,1.3120837857047172,0.015436792161896806,0.018670063114332468,5.91947115009207,3.0175462896707175,2.9738080565745255,0.47154635413728774,2.8274746270892193,0.27892456406117555,0.09874259065042651,0.17055247719240707,0.6212429648757407,0.117527415463686,2.4673359631225145,0.28307634232764545,9.493216811982643,11.312610161014888,0.5169675151430679,1.0897894037276405,0.3545232700766325,0.7972083755854207,0.6421674906006766,0.17406113401278647,0.08010307524178446,1.5010635093128706,0.2625332514267525,0.03534530240910216,2,61.65,0.38350000000000006,83.92461327247867,64.61650094662755,6.033994381800009,0.7820809541791592,0.03165279066927141,0.05056493859213157,0.9264120797803379,0.03735644029225563,0.20363559531501307,58.8,0.0,0.0,1.3554923473890674,179.82672820803734,1.3464172761873188,1.4203211687571495,37.188379854857246,0.0,0.0,0.0,0.0,0.0,0.0,0.65,0.65,0.0,1.0,0.0021666666666666666,0.0,1.0,0.0,0.0,0.0,False,
0.7913830373346868,0.042901661929934255,1.1469828636018244,1.144405916032959,0.06343757380097237,0.0050256226357210535,9.478029695036573,4.290419339653214,4.019630505628172,0.5630287217830215,2.3220841889932116,0.33311844181440886,0.08552705568064613,0.21039291350753508,0.5261138552002017,0.1689173173822664,1.3568184141901731,0.22318897023664908,8.461545278167971,11.020109770912113,0.599086268775637,1.1699542878587479,3.951472402471424,0.45807400826117434,0.4760758114657405,0.20065531851181134,0.25403076089720356,2.3819255365051277,0.27153893422455905,0.16068979700333957,0,91.35,0.0865,113.93049754967151,114.40360386943175,10.477688459002666,1.0317251182678777,0.022616926493186546,0.0874859210220836,0.3119075147316067,0.11671517254629149,0.5672175327068794,101.4,0.0,0.0,1.3899667440788872,103.37020688761751,0.3077752884643593,14.92972111527267,14.796374758581496,0.0,0.0,0.0,0.07686244505279877,0.0,2.746503490303875,0.0,0.0,0.0,1.0,0.016666666666666666,0.0,1.0,0.0,0.11666666666666667,0.06666666666666667,False,
0.7913830373346868,0.042901661929934255,1.1469828636018244,1.144405916032959,0.06343757380097237,0.0050256226357210535,9.478029695036573,4.290419339653214,4.019630505628172,0.5630287217830215,2.3220841889932116,0.33311844181440886,0.08552705568064613,0.21039291350753508,0.5261138552002017,0.1689173173822664,1.3568184141901731,0.22318897023664908,8.461545278167971,11.020109770912113,0.599086268775637,1.1699542878587479,3.951472402471424,0.45807400826117434,0.4760758114657405,0.20065531851181134,0.25403076089720356,2.3819255365051277,0.27153893422455905,0.16068979700333957,1,85.95,0.1405,108.7520490869205,108.43851175965858,9.85831771265768,1.0209500443791921,0.013463310207502155,0.08505867605773916,0.3973276522459114,0.12560349660992937,0.5472780632493506,99.0,0.0,0.0,2.257691647896921,54.43737690343926,0.38722402259257155,0.6106577588342237,6.823475710009697,0.0,0.0,0.0,0.09241551096739471,0.0,2.739709509716944,0.0,0.0,0.0,1.0,0.016666666666666666,0.0,1.0,0.0,0.16666666666666666,0.03333333333333333,False,
0.7913830373346868,0.042901661929934255,1.1469828636018244,1.144405916032959,0.06343757380097237,0.0050256226357210535,9.478029695036573,4.290419339653214,4.019630505628172,0.5630287217830215,2.3220841889932116,0.33311844181440886,0.08552705568064613,0.21039291350753508,0.5261138552002017,0.1689173173822664,1.3568184141901731,0.22318897023664908,8.461545278167971,11.020109770912113,0.599086268775637,1.1699542878587479,3.951472402471424,0.45807400826117434,0.4760758114657405,0.20065531851181134,0.25403076089720356,2.3819255365051277,0.27153893422455905,0.16068979700333957,2,95.8,0.042000000000000016,112.39417702326696,115.72715409852326,10.988095833305476,1.0655056136374201,0.03921170808509113,0.1191542729721536,0.12347032395425624,0.09736470068139076,0.5620859658587832,100.1,0.0,0.0,0.6748971474140262,173.5616119302673,0.058395262161664595,9.36295040716282,20.057317978368015,0.0,0.0,0.0,0.08221497873211649,0.0,2.6477307433333794,0.15,0.15,0.0,1.0,0.017333333333333333,0.0016666666666666666,1.0,0.0,0.15,0.05,False,
0.7045478177849914,0.07649348066409462,1.2563232799393016,1.0112934714208661,0.030481365662381032,0.024721384060615293,5.115226499098752,2.8239115733154168,2.229403025593095,0.711975441923782,1.146744413537455,0.23120915832686864,0.33709250434792665,0.10216714457053042,0.5077299129123658,0.04645516845365944,1.2628458797878908,0.311815438220837,5.09865768269804,5.327935739360418,0.3768592775347758,1.689299340023764,2.769191468786408,0.21143412819731125,0.7031491511489842,0.0422781746770488,0.09654589233812952,1.8510849664438553,0.1253958045273283,0.12633551720866626,0,95.05,0.049500000000000044,96.44305745817461,125.02674471131198,11.941352775823063,1.3197912636320808,0.0546103371130061,0.11483884942132201,0.4065265765343528,0.008316763692061052,0.44787080983710476,107.25,0.0,0.0,0.6253608101828979,184.41211979542067,0.0,7.738632696225423,48.553523858144516,0.0,0.0,0.0,0.0,0.0,0.0,0.05,0.05,0.0,1.0,0.00016666666666666666,0.0,1.0,0.0,0.0,0.0,False,
0.7045478177849914,0.07649348066409462,1.2563232799393016,1.0112934714208661,0.030481365662381032,0.024721384060615293,5.115226499098752,2.8239115733154168,2.229403025593095,0.711975441923782,1.146744413537455,0.23120915832686864,0.33709250434792665,0.10216714457053042,0.5077299129123658,0.04645516845365944,1.2628458797878908,0.311815438220837,5.09865768269804,5.327935739360418,0.3768592775347758,1.689299340023764,2.769191468786408,0.21143412819731125,0.7031491511489842,0.0422781746770488,0.09654589233812952,1.8510849664438553,0.1253958045273283,0.12633551720866626,1,96.75,0.03250000000000003,98.2363540206759,127.81253686722278,12.154927733412745,1.3261013335708263,0.06119178254852211,0.12142590420728519,0.46679288177208145,0.007666774339490803,0.4306582085297446,104.9,0.0,0.0,0.41059043092816533,187.08660525275462,0.27494827087238644,2.6871623723740328,46.004377946367086,0.0,0.0,0.0,0.0,0.0,0.0,0.1,0.1,0.0,1.0,0.0003333333333333333,0.0,1.0,0.0,0.0,0.0,False,
0.7045478177849914,0.07649348066409462,1.2563232799393016,1.0112934714208661,0.030481365662381032,0.024721384060615293,5.115226499098752,2.8239115733154168,2.229403025593095,0.711975441923782,1.146744413537455,0.23120915832686864,0.33709250434792665,0.10216714457053042,0.5077299129123658,0.04645516845365944,1.2628458797878908,0.311815438220837,5.09865768269804,5.327935739360418,0.3768592775347758,1.689299340023764,2.769191468786408,0.21143412819731125,0.7031491511489842,0.0422781746770488,0.09654589233812952,1.8510849664438553,0.1253958045273283,0.12633551720866626,2,90.9,0.09099999999999994,91.21480129973922,120.94408684039445,11.419978614648254,1.3453055313045035,0.05823757412079391,0.11536087367082386,0.3963394801465724,0.009830075375857946,0.45126571954533895,104.35,0.0,0.0,1.1496532065988627,185.86771960818697,0.0,18.41062288910459,51.28176863259739,0.0,0.0,0.0,0.0,0.0,0.0,0.1,0.1,0.0,1.0,0.0003333333333333333,0.0,1.0,0.0,0.0,0.0,False,
0.6643061249196343,0.0483599743897818,0.9315910103363937,1.5562277352917642,0.028411350050348214,0.02125865199159682,7.043227992347853,3.9113554951475913,3.149448071692005,0.3729260780243207,2.1765470926049995,0.07799367043163447,0.12706164394418573,0.40627124759159006,0.8321798167919194,0.17936063169798885,1.9895416775631838,0.49738684767869124,4.687480087466796,8.333168661583343,0.42253314676137904,1.4216965346209574,0.8273304015773318,0.2790118178266494,0.20649234004487993,0.05122649979507632,0.06805716151533855,2.583937635148102,0.2324680465632631,0.2161353604205086,0,78.6,0.21399999999999997,126.47062765701484,80.74792911109066,7.3223053412440535,0.643916005122797,0.07354979089115529,0.03157898451100937,0.12289725020300202,0.06023144375961037,0.3946303332288895,69.75,0.0,0.0,4.6252967129988845,170.89243960622767,0.0,0.0,19.288041149596427,0.0,0.15,5.1195262290189465,0.003107122845980373,0.0,0.0,1.4,1.4,0.0,1.0,0.006999999999999999,0.0,1.0,0.0,0.05,0.0,False,
0.6643061249196343,0.0483599743897818,0.9315910103363937,1.5562277352917642,0.028411350050348214,0.02125865199159682,7.043227992347853,3.9113554951475913,3.149448071692005,0.3729260780243207,2.1765470926049995,0.07799367043163447,0.12706164394418573,0.40627124759159006,0.8321798167919194,0.17936063169798885,1.9895416775631838,0.49738684767869124,4.687480087466796,8.333168661583343,0.42253314676137904,1.4216965346209574,0.8273304015773318,0.2790118178266494,0.20649234004487993,0.05122649979507632,0.06805716151533855,2.583937635148102,0.2324680465632631,0.2161353604205086,1,75.0,0.25,121.73768335386566,77.63704585347247,6.9869325775229525,0.644376070941293,0.07488732276738733,0.03439350086218687,0.1979776362475939,0.05935173866886415,0.36925502110637043,73.75,0.0,0.0,5.403384010512715,182.84043208286,0.0,0.0,18.623644985123818,0.0,0.15,5.244665128147118,0.0032298060388671617,0.0,0.0,1.15,1.15,0.0,1.0,0.006666666666666666,0.0,1.0,0.0,0.05,0.0,False,
0.6643061249196343,0.0483599743897818,0.9315910103363937,1.5562277352917642,0.028411350050348214,0.02125865199159682,7.043227992347853,3.9113554951475913,3.149448071692005,0.3729260780243207,2.1765470926049995,0.07799367043163447,0.12706164394418573,0.40627124759159006,0.8321798167919194,0.17936063169798885,1.9895416775631838,0.49738684767869124,4.687480087466796,8.333168661583343,0.42253314676137904,1.4216965346209574,0.8273304015773318,0.2790118178266494,0.20649234004487993,0.05122649979507632,0.06805716151533855,2.583937635148102,0.2324680465632631,0.2161353604205086,2,77.8,0.22200000000000003,122.81971580590373,79.61171924083484,7.247778060417142,0.6504265610030421,0.07443822109410579,0.02007571496554474,0.16272133783306736,0.05832251038588389,0.37890738523517065,70.6,0.0,0.0,4.798205001335291,177.18575089021388,0.0,0.0,9.106573927562224,0.0,0.05,1.631893161657209,0.002120650544795571,0.0,0.0,0.95,0.95,0.0,1.0,0.006333333333333333,0.0,1.0,0.0,0.03333333333333333,0.0,False,
0.8873641888378923,0.11599757721984108,1.2842472923801311,1.2144165378503788,0.06516081088659466,0.012843076421654272,6.423852098566034,4.063090347790072,3.8118050173428437,0.8108404620234971,2.431133251662357,0.3617946935267625,0.16750236029574528,0.3720936353792445,0.8421305516784889,0.14799551217031323,0.8169988451469413,0.3864918738319256,10.723774193943523,11.950070832364535,0.34647700266840586,2.070812185938102,3.549517235045017,0.6972014863563295,0.5872661952909072,0.12370514705510363,0.11141814483498348,1.992545737691552,0.1836274892366807,0.08487659753325252,0,61.35,0.3865,85.95155052099963,89.35432352466536,7.878857138752106,1.0664086281626566,0.002297264097321415,0.08781024333599421,2.8535331004747206,0.16663847746050892,0.4513025838685484,101.45,0.0,0.0,3.2804804946602095,18.774994747528744,0.2039016589201006,3.2244011485779835,3.714934006928459,0.0,0.2,1.5685412753118206,0.13109766642368711,0.0,1.4833164730814454,0.3,0.3,0.0,1.0,0.0155,0.0,1.0,0.0,0.3,0.06666666666666667,False,
0.8873641888378923,0.11599757721984108,1.2842472923801311,1.2144165378503788,0.06516081088659466,0.012843076421654272,6.423852098566034,4.063090347790072,3.8118050173428437,0.8108404620234971,2.431133251662357,0.3617946935267625,0.16750236029574528,0.3720936353792445,0.8421305516784889,0.14799551217031323,0.8169988451469413,0.3864918738319256,10.723774193943523,11.950070832364535,0.34647700266840586,2.070812185938102,3.549517235045017,0.6972014863563295,0.5872661952909072,0.12370514705510363,0.11141814483498348,1.992545737691552,0.1836274892366807,0.08487659753325252,1,70.25,0.2975,96.19085073390904,100.2836520005386,9.021837228970425,1.0660809642925702,0.0036770635910512604,0.08353831871085414,1.813707402937125,0.14141527936707393,0.5375613839662812,105.15,0.0,0.0,2.5250787766142624,22.16349610317455,0.09573781850894447,0.7646255927224435,4.054571403129236,0.0,0.2,0.94843314520681,0.12204488697258459,0.0,1.7151611518191805,0.2,0.2,0.0,1.0,0.015333333333333334,0.0,1.0,0.0,0.3,0.06666666666666667,False,
0.8873641888378923,0.11599757721984108,1.2842472923801311,1.2144165378503788,0.06516081088659466,0.012843076421654272,6.423852098566034,4.063090347790072,3.8118050173428437,0.8108404620234971,2.431133251662357,0.3617946935267625,0.16750236029574528,0.3720936353792445,0.8421305516784889,0.14799551217031323,0.8169988451469413,0.3864918738319256,10.723774193943523,11.950070832364535,0.34647700266840586,2.070812185938102,3.549517235045017,0.6972014863563295,0.5872661952909072,0.12370514705510363,0.11141814483498348,1.992545737691552,0.1836274892366807,0.08487659753325252,2,60.6,0.394,82.61726845021586,87.46477636160988,7.782538591823597,1.09605354769417,0.014093510619360566,0.1257407364411136,2.7118873819036877,0.18175340585674388,0.528428899990699,99.15,0.0,0.0,3.344137942810149,19.11037432685738,0.36339346308239595,3.3588036779417734,4.20261340293594,0.0,0.05,0.3292235035296326,0.1477780453083128,0.0,1.891311818236897,0.05,0.05,0.0,1.0,0.015666666666666666,0.0016666666666666666,1.0,0.0,0.26666666666666666,0.11666666666666667,False,
0.8801260459533965,0.09971056555253249,0.9244732277823143,1.3793061532406368,0.056190991117842065,0.0158206587136842,7.331246853713079,2.115202844847975,3.6634881971622013,0.5007178831897934,1.727614465396615,0.1541252934045288,0.21390592081718532,0.23922381137470017,0.7389678310782748,0.15498428487200303,0.9149815545875463,0.26887795266400316,6.910185781618583,8.433983566002494,0.4959527277432046,1.5739062541298905,1.0939647748546413,0.7842279636391831,0.252738530848039,0.27000304002571746,0.15473352754668207,2.7405830039407455,0.31804284198301425,0.09093509369855855,0,95.35,0.0465,138.1737443757778,96.84031343699833,8.814852226904367,0.704559742657956,0.04677438620037268,0.048585590281651,-0.4458654221432853,0.09355292618097874,1.197985718825289,103.3,0.0,0.0,0.4228481856982973,22.121366934751354,0.0,0.0,3.9588266765542928,0.0,0.15,1.5366482771841885,0.015210439854049958,0.0,0.0,0.95,0.95,0.0,1.0,0.016833333333333332,0.0,1.0,0.0,0.18333333333333332,0.0,False,
0.8801260459533965,0.09971056555253249,0.9244732277823143,1.3793061532406368,0.056190991117842065,0.0158206587136842,7.331246853713079,2.115202844847975,3.6634881971622013,0.5007178831897934,1.727614465396615,0.1541252934045288,0.21390592081718532,0.23922381137470017,0.7389678310782748,0.15498428487200303,0.9149815545875463,0.26887795266400316,6.910185781618583,8.433983566002494,0.4959527277432046,1.5739062541298905,1.0939647748546413,0.7842279636391831,0.252738530848039,0.27000304002571746,0.15473352754668207,2.7405830039407455,0.31804284198301425,0.09093509369855855,1,94.55,0.05449999999999999,136.63768231343178,95.5366914821408,8.740894368681783,0.7010129108524793,0.04245800708750824,0.05044437422146669,-0.388135258703009,0.09563242111277025,1.143282853578024,104.25,0.0,0.0,0.4955962606571441,16.294812289277225,0.0,0.043751056295840494,2.9035334544507165,0.0,0.15,1.2124428303671528,0.015673369837050737,0.0,0.0,0.8,0.8,0.0,1.0,0.016833333333333332,0.0,1.0,0.0,0.16666666666666666,0.0,False,
0.8801260459533965,0.09971056555253249,0.9244732277823143,1.3793061532406368,0.056190991117842065,0.0158206587136842,7.331246853713079,2.115202844847975,3.6634881971622013,0.5007178831897934,1.727614465396615,0.1541252934045288,0.21390592081718532,0.23922381137470017,0.7389678310782748,0.15498428487200303,0.9149815545875463,0.26887795266400316,6.910185781618583,8.433983566002494,0.4959527277432046,1.5739062541298905,1.0939647748546413,0.7842279636391831,0.252738530848039,0.27000304002571746,0.15473352754668207,2.7405830039407455,0.31804284198301425,0.09093509369855855,2,95.1,0.049,135.43822616005167,96.31594763409905,8.79174039620981,0.7101082082961541,0.042233454487399825,0.0548924290204465,-0.2674765121020727,0.10767180937793079,1.093860089716292,104.2,0.0,0.0,0.44558195912293697,26.4846059579428,0.0,0.11188669252246149,4.655050851973452,0.0,0.2,1.3874858934568564,0.015458008757601914,0.0,0.0,0.85,0.85,0.0,1.0,0.017166666666666667,0.0,1.0,0.0,0.2,0.0,False,
0.8241937006433252,0.08682555084122415,1.2251152802574343,1.5277045251086632,0.03937821008190494,0.027446324538233285,8.286990755762993,3.0999379530863065,2.6533312075077564,0.6309196556771746,1.8379790297676493,0.034649866161436144,0.11356277587562418,0.13904440012834132,0.6993297830544065,0.20047568297144583,1.5121902221335306,0.237128179392241,7.660036688871804,5.704225666329532,0.5650772917762659,0.900973733044831,0.665176681625477,0.4718578598081856,0.4275690926297323,0.2641139233830182,0.32383556736576813,1.3600199529739267,0.4198452327212428,0.11342132419447319,0,56.8,0.43200000000000005,84.93794291795687,67.6835658983218,6.958654791862226,0.8068143677683075,0.002569611238232449,0.051632144964062154,2.256272806135594,0.13490381729610978,0.20004799534797563,81.85,0.0,0.0,4.899801205201242,150.7351995359707,0.0,0.042183707557446715,3.2104929960976643,0.0,0.45,6.847144370373684,0.0480520233758487,0.0,0.0,2.2,2.2,0.0,1.0,0.014499999999999999,0.0,1.0,0.0,0.3,0.0,False,
0.8241937006433252,0.08682555084122415,1.2251152802574343,1.5277045251086632,0.03937821008190494,0.027446324538233285,8.286990755762993,3.0999379530863065,2.6533312075077564,0.6309196556771746,1.8379790297676493,0.034649866161436144,0.11356277587562418,0.13904440012834132,0.6993297830544065,0.20047568297144583,1.5121902221335306,0.237128179392241,7.660036688871804,5.704225666329532,0.5650772917762659,0.900973733044831,0.665176681625477,0.4718578598081856,0.4275690926297323,0.2641139233830182,0.32383556736576813,1.3600199529739267,0.4198452327212428,0.11342132419447319,1,43.7,0.563,69.61972145384073,55.314087041924424,5.3537537747249875,0.8046987038763141,0.0008965818649504054,0.051755210673276805,3.883155066697102,0.20572942620727291,0.14287072181767693,99.45,0.0,0.0,6.385620552148841,48.212701546788985,0.0,0.0,2.355353568651087,0.0,0.45,6.1919375177440985,0.05932411641083502,0.0,0.0,2.15,2.15,0.0,1.0,0.014833333333333334,0.0,1.0,0.0,0.2833333333333333,0.0,False,
0.8241937006433252,0.08682555084122415,1.2251152802574343,1.5277045251086632,0.03937821008190494,0.027446324538233285,8.286990755762993,3.0999379530863065,2.6533312075077564,0.6309196556771746,1.8379790297676493,0.034649866161436144,0.11356277587562418,0.13904440012834132,0.6993297830544065,0.20047568297144583,1.5121902221335306,0.237128179392241,7.660036688871804,5.704225666329532,0.5650772917762659,0.900973733044831,0.665176681625477,0.4718578598081856,0.4275690926297323,0.2641139233830182,0.32383556736576813,1.3600199529739267,0.4198452327212428,0.11342132419447319,2,56.3,0.437,86.40259793905517,69.39571669785741,6.897399027849355,0.8150077272690668,0.0014739459131801413,0.060473080144666125,2.100039168130936,0.11795346823461746,0.21803649556816523,85.85,0.0,0.0,4.956511867298479,129.58461222284998,0.0,0.42032675468449143,3.9968282928566703,0.0,0.4,6.160743034181293,0.04502518936429511,0.0,0.0,2.0,2.0,0.0,1.0,0.014833333333333334,0.0,1.0,0.0,0.26666666666666666,0.0,False,
0.7329292328222817,0.09052747639785114,1.1056996679047153,1.7404855387956388,0.02046585812371058,0.0014315702089815977,9.239969914411953,4.665040593164434,4.486434915344736,0.27762366418884366,1.384078656861893,0.21257181749862775,0.242489453993529,0.3781763691423507,0.6946926357082943,0.06933594015524899,1.1076439020918216,0.19271755653580958,11.961803376700356,8.981738837768791,0.27770428750297105,0.6683598162916438,3.746860575509781,0.30021496618216303,0.2947084156596489,0.21081638369568984,0.22899343163846322,1.2234283859801505,0.08343387468721489,0.19604082515590732,0,93.75,0.0625,160.2823912865543,107.88424397447895,10.365934386606707,0.6750928292522443,0.061247415305126986,0.025136288166302128,-0.07223675030988078,0.07747783146547732,0.6829472965889233,76.65,0.0,0.0,1.2252551572244204,287.5439537297289,0.0175996344768524,0.0,12.950243915301911,0.0,0.1,2.951902609958354,0.002143614486895751,0.0,0.0,0.8,0.8,0.0,1.0,0.006833333333333334,0.0,1.0,0.0,0.03333333333333333,0.0,False,
0.7329292328222817,0.09052747639785114,1.1056996679047153,1.7404855387956388,0.02046585812371058,0.0014315702089815977,9.239969914411953,4.665040593164434,4.486434915344736,0.27762366418884366,1.384078656861893,0.21257181749862775,0.242489453993529,0.3781763691423507,0.6946926357082943,0.06933594015524899,1.1076439020918216,0.19271755653580958,11.961803376700356,8.981738837768791,0.27770428750297105,0.6683598162916438,3.746860575509781,0.30021496618216303,0.2947084156596489,0.21081638369568984,0.22899343163846322,1.2234283859801505,0.08343387468721489,0.19604082515590732,1,90.8,0.092,155.91988014200888,104.45537590602484,10.03975298457482,0.6714802211360373,0.056506264472731584,0.024340754269561445,-0.0841966249625787,0.08620757017678989,0.6898115950865868,76.1,0.0,0.0,1.8035755914343472,296.5183783266988,0.20011470986309982,0.0,12.674249763344939,0.0,0.05,1.663022028126758,0.0010466826717582189,0.0,0.0,0.6,0.6,0.0,1.0,0.007333333333333333,0.0,1.0,0.0,0.016666666666666666,0.0,False,
0.7329292328222817,0.09052747639785114,1.1056996679047153,1.7404855387956388,0.02046585812371058,0.0014315702089815977,9.239969914411953,4.665040593164434,4.486434915344736,0.27762366418884366,1.384078656861893,0.21257181749862775,0.242489453993529,0.3781763691423507,0.6946926357082943,0.06933594015524899,1.1076439020918216,0.19271755653580958,11.961803376700356,8.981738837768791,0.27770428750297105,0.6683598162916438,3.746860575509781,0.30021496618216303,0.2947084156596489,0.21081638369568984,0.22899343163846322,1.2234283859801505,0.08343387468721489,0.19604082515590732,2,92.3,0.07700000000000003,156.72817185990317,106.12367518730711,10.205607934760526,0.6801220606514111,0.058809968778097875,0.03144946157621817,-0.05762382372837462,0.0801442138083568,0.674808371112342,76.5,0.0,0.0,1.5095143537004863,304.5012239480762,0.0,0.0,19.42593098765299,0.0,0.05,1.619049096997119,0.0010562751442810896,0.0,0.0,0.45,0.45,0.0,1.0,0.006833333333333334,0.0,1.0,0.0,0.016666666666666666,0.0,False,
0.5960021187795562,0.12814554075769857,1.3463902552900808,1.4280237976003094,0.012942014956293746,0.017453135416232512,10.94842880318718,3.415491398056899,3.3138378918588414,0.30448924215188966,1.9634793302144185,0.42317986360230686,0.33162684811445137,0.2743604937302059,0.47118838849942246,0.08637065466563931,2.153423102360374,0.5579294819166795,7.388192859423776,3.180335145492704,0.6241667909061264,2.130624370165143,0.5690286161916402,0.61138442781277,0.6793260155400982,0.08805804678016244,0.2703571847779704,2.6747200598572394,0.3374200550139127,0.247490874455988,0,92.35,0.0765,132.4795666177293,134.56596339823096,12.4339140076039,1.0273955759630358,0.08638376901374743,0.05976063062834565,0.017324947839417328,0.01195253097463237,0.37362333547253174,75.4,0.0,0.0,1.8933051895883086,238.7513424812581,10.496000657079442,0.24428677113450487,50.0,0.0,0.0,0.0,0.0,0.0,0.0,0.0,0.0,0.0,1.0,0.0,0.0,1.0,0.0,0.0,0.0,False,
0.5960021187795562,0.12814554075769857,1.3463902552900808,1.4280237976003094,0.012942014956293746,0.017453135416232512,10.94842880318718,3.415491398056899,3.3138378918588414,0.30448924215188966,1.9634793302144185,0.42317986360230686,0.33162684811445137,0.2743604937302059,0.47118838849942246,0.08637065466563931,2.153423102360374,0.5579294819166795,7.388192859423776,3.180335145492704,0.6241667909061264,2.130624370165143,0.5690286161916402,0.61138442781277,0.6793260155400982,0.08805804678016244,0.2703571847779704,2.6747200598572394,0.3374200550139127,0.247490874455988,1,91.85,0.0815,131.6354341903918,134.4986468179029,12.366594494839394,1.034350945720425,0.09452122112849097,0.06399067463484118,0.01816732732554556,0.016263989450380066,0.37365757876726396,71.1,0.0,0.0,2.017050626816302,258.27537355763184,10.671675330568329,0.0,50.0,0.0,0.0,0.0,0.0,0.0,0.0,0.0,0.0,0.0,1.0,0.0,0.0,1.0,0.0,0.0,0.0,False,
0.5960021187795562,0.12814554075769857,1.3463902552900808,1.4280237976003094,0.012942014956293746,0.017453135416232512,10.94842880318718,3.415491398056899,3.3138378918588414,0.30448924215188966,1.9634793302144185,0.42317986360230686,0.33162684811445137,0.2743604937302059,0.47118838849942246,0.08637065466563931,2.153423102360374,0.5579294819166795,7.388192859423776,3.180335145492704,0.6241667909061264,2.130624370165143,0.5690286161916402,0.61138442781277,0.6793260155400982,0.08805804678016244,0.2703571847779704,2.6747200598572394,0.3374200550139127,0.247490874455988,2,94.0,0.06,133.53649363358198,136.52778552506513,12.656068399726763,1.03119249826818,0.0784786477946197,0.05701954422291018,0.03166468229695288,0.012159494665844806,0.3700118819003607,72.7,0.0,0.0,1.4849452467359279,233.0934745032551,9.016112451693909,4.016523552413174,50.0,0.0,0.0,0.0,0.0,0.0,0.0,0.0,0.0,0.0,1.0,0.0,0.0,1.0,0.0,0.0,0.0,False,
0.8480660371011075,0.12463577276533935,1.0595517159147534,1.8144210607215605,0.04942300219577744,0.026207910955787776,8.940873796679256,3.835003248151625,4.7310441366821365,0.4327858688596976,2.045150368840339,0.2831126865447372,0.31404036622946735,0.3170869425231917,0.8608919403567137,0.18579373518196302,2.016573115195227,0.5972466315909176,11.223179026605028,7.486702233036828,0.25962944192379356,1.521346794941123,1.8644921515126345,0.5807896599232529,0.6063667820964648,0.14602173855280468,0.30259593695880277,1.90836914140591,0.15092074942702943,0.23302209760175457,0,71.4,0.2859999999999999,127.02050327779511,87.2640791054425,7.565199251631341,0.6901485033749098,0.18025806675705605,0.02735319260818534,0.3452357546616316,0.06942487231501564,0.3219021329367003,89.85,0.0,0.0,6.664431991410181,178.0263807559742,0.0,0.0,18.59899202324727,0.0,0.1,2.72036890802062,0.013643743536325035,0.0,0.0,0.5,0.5,0.0,1.0,0.0155,0.0,1.0,0.0,0.16666666666666666,0.0,False,
0.8480660371011075,0.12463577276533935,1.0595517159147534,1.8144210607215605,0.04942300219577744,0.026207910955787776,8.940873796679256,3.835003248151625,4.7310441366821365,0.4327858688596976,2.045150368840339,0.2831126865447372,0.31404036622946735,0.3170869425231917,0.8608919403567137,0.18579373518196302,2.016573115195227,0.5972466315909176,11.223179026605028,7.486702233036828,0.25962944192379356,1.521346794941123,1.8644921515126345,0.5807896599232529,0.6063667820964648,0.14602173855280468,0.30259593695880277,1.90836914140591,0.15092074942702943,0.23302209760175457,1,73.85,0.2615,131.9370275865431,89.37073093645793,7.824789422030454,0.6833891003323285,0.1691971537669793,0.030444265107164366,0.30698936866315973,0.06919304915883552,0.3323122696506827,93.6,0.0,0.0,6.093527852285883,128.70014079827678,0.022715148907976546,0.0,11.850875120473038,0.0,0.05,1.3283631913399414,0.013032927373694955,0.0,0.0,0.4,0.4,0.0,1.0,0.015166666666666667,0.0,1.0,0.0,0.16666666666666666,0.0,False,
0.8480660371011075,0.12463577276533935,1.0595517159147534,1.8144210607215605,0.04942300219577744,0.026207910955787776,8.940873796679256,3.835003248151625,4.7310441366821365,0.4327858688596976,2.045150368840339,0.2831126865447372,0.31404036622946735,0.3170869425231917,0.8608919403567137,0.18579373518196302,2.016573115195227,0.5972466315909176,11.223179026605028,7.486702233036828,0.25962944192379356,1.521346794941123,1.8644921515126345,0.5807896599232529,0.6063667820964648,0.14602173855280468,0.30259593695880277,1.90836914140591,0.15092074942702943,0.23302209760175457,2,78.5,0.215,138.98958447677967,96.09899375130604,8.317480969930815,0.6932587040457533,0.17611032139839927,0.017775085258833735,0.12373166524970436,0.09058713892405754,0.37237140053584283,94.25,0.0,0.0,5.009975098437724,140.601230272088,0.0,0.0,17.515830537116184,0.0,0.1,2.552865342889375,0.013404312770819419,0.0,0.0,0.6,0.6,0.0,1.0,0.0155,0.0,1.0,0.0,0.16666666666666666,0.0,False,
