,Employment,UnemploymentRate,WageBill,Output,Production,Consumption,Transfers,UnemploymentTransfers,HH_Deposit,HH_Debt,Firm_Debt,Firm_Cash,Inventories,AvgPrice,AvgMarkup,PriceDispersion,InventoryGap,SalesForecastError,InventoryTurnover,CreditRequests,CreditRejections,CreditRejectionRate,FirmDowntimeShare,ReentryCount,Bank_Equity,Bank_Loans,Bank_Deposits,BankFailed,BankResolved,BankResolutionAmount,BankResolutionHaircut,BankBailedOut,BankBailoutAmount,Defaults,DefaultsHH,DefaultsFirm,BalanceOK
0,100,0.0,111.3359488538279,110.24537912619843,110.24537912619843,200.97596319351592,11.13359488538279,0.0,25.354885865067388,1.9840737332674756,52.07222760509262,110.78028767592312,0.0,1.1215383522366957,0.10385380009875131,0.04050686954840663,-1.0,0.9705532979964548,2.0,39.0,0.0,0.0,0.0,0.0,50.0,54.0563013383601,136.1351735409905,False,False,0.0,0.0,False,0.0,0,0,0,True
1,100,0.0,111.3359488538279,106.69429833622223,110.24537912619843,153.01972614113973,11.13359488538279,0.0,4.356140910347452,11.527755867007361,54.010471256334,108.36713150193285,3.5510807899761883,1.1349483165948073,0.11686190100529918,0.0430122996757336,-0.9863491355080797,0.20925819638102885,1.9097050836055658,92.0,0.0,0.0,0.0,0.0,52.17637141879046,65.53822712334136,112.7232724122803,False,False,0.0,0.0,False,0.0,0,0,0,True
2,100,0.0,111.3359488538279,101.46206668881919,110.24537912619843,136.21465006874155,11.13359488538279,0.0,1.3720621398659751,22.88315972917055,58.942454814191336,104.17209079935773,12.334393227355433,1.147919435899681,0.12943949225517698,0.04548710845282962,-0.9521527236988856,0.06257605892141939,1.7495207799029395,107.0,0.0,0.0,0.0,0.0,54.56113513736662,81.8256145433619,105.54415293922371,False,False,0.0,0.0,False,0.0,0,0,0,True
3,100,0.0,111.3359488538279,100.0807374882811,110.24537912619843,133.37391076120483,11.13359488538279,0.0,0.789330359727983,34.41720140761954,69.50459591263596,104.954297355858,22.499034865272748,1.1603207639269066,0.14145765311788278,0.04793715880379485,-0.9107837789592683,0.03246592197004967,1.6412781970703918,112.0,0.0,0.0,0.0,0.0,57.24181608069933,103.92179732025551,105.74362771558599,False,False,0.0,0.0,False,0.0,0,0,0,True
4,100,0.0,111.3359488538279,99.77798770617571,110.24537912619843,133.24833431997254,11.13359488538279,0.0,0.6140769079596349,46.84994682829886,81.10209072238716,106.99255767329905,32.966426285295476,1.172164474084429,0.15293100014973438,0.05035065083715466,-0.8674141875612662,0.016134882901003435,1.571296447255985,114.0,0.0,0.0,0.0,0.0,60.48656154951894,127.95203755068601,107.60663458125867,False,False,0.0,0.0,False,0.0,0,0,0,True
5,100,0.0,111.3359488538279,99.7512387285669,110.24537912619843,133.6615105754764,11.13359488538279,0.0,0.5301845190548178,60.4500654051886,93.21752647054329,109.97623586106128,43.460566682927,1.183451773341782,0.16386158830036862,0.05274228585098606,-0.8239697924239586,0.00784103969413141,1.5231797293866407,112.0,0.0,0.0,0.0,0.0,64.34331069307032,153.6675918757319,110.5064203801161,False,False,0.0,0.0,False,0.0,0,0,0,True
6,100,0.0,111.3359488538279,99.77956715965732,110.24537912619843,134.02708311408352,11.13359488538279,0.0,0.47415339223386876,75.1682083727745,105.88210522800513,113.92183072298994,53.92637864946811,1.1941974231563237,0.1742650709539968,0.05512815097629395,-0.7809186928874308,0.0037877306665352927,1.4878738962631688,110.0,0.0,0.0,0.0,0.0,68.83513021990677,181.05031360077965,114.39598411522381,False,False,0.0,0.0,False,0.0,0,0,0,True
7,97,0.030000000000000027,107.99587038821306,98.77166166218049,107.2747413506346,131.3194386588794,10.799587038821308,0.4284838487505174,0.2512725653954544,91.04146116115018,114.81333481452343,116.92957849106676,62.42945833792224,1.2044227500379683,0.18416365865948292,0.05752265226057341,-0.7447919881588605,0.009579105958876753,1.4557618008534114,110.0,0.0,0.0,0.0,0.0,73.98696602969777,205.8547959756736,117.18085105646222,False,False,0.0,0.0,False,0.0,0,0,0,True
8,99,0.010000000000000009,110.22258936528962,99.28053071559694,110.18072596312993,132.71424292144988,11.022258936528962,0.1428279495835058,0.2988913521173544,107.26254102159955,122.93816223352408,117.72393898103124,73.32965358545525,1.214185207618007,0.19360303485974503,0.06004304824501937,-0.7064529309652905,0.00122673655907593,1.4109965641062185,110.0,0.0,0.0,0.0,0.0,79.60406672219138,230.20070325512364,118.02283033314859,False,False,0.0,0.0,False,0.0,0,0,0,True
9,100,0.0,111.3359488538279,99.45761683364094,111.47945836457993,132.98865380172273,11.13359488538279,0.0,0.3337781606552481,123.5270025868848,132.09194531047137,118.94795788937445,85.35149511639423,1.2234370788484186,0.2025120100116605,0.06291275371800278,-0.6653210800238639,0.0016102652072263017,1.379237146701509,109.0,0.0,0.0,0.0,0.0,85.65198901727845,255.61894789735618,119.28173605002969,False,False,0.0,0.0,False,0.0,0,0,0,True
10,98,0.020000000000000018,109.10922987675134,98.67017420239253,109.2907222224822,130.38740910656736,10.910922987675134,0.2856558991670116,0.34428220502038975,140.1955090118334,141.17879442974467,121.91692844579907,95.97204313648389,1.2321730918649514,0.21088338958697,0.0661422077864827,-0.6258393880212064,0.006291669213668855,1.3573243234982761,107.0,0.0,0.0,0.0,0.0,92.18390571767335,281.37430344157804,122.26121065081946,False,False,0.0,0.0,False,0.0,0,0,0,True
11,99,0.010000000000000009,110.22258936528962,98.59366169686982,110.79381895433329,129.7178567849848,11.022258936528962,0.1428279495835058,0.34842776380415263,155.9937992028712,152.65027737784513,126.19661143476559,108.17220039394738,1.240454700679964,0.2187798090753085,0.06970504400910382,-0.5835415323753066,0.004465035056161555,1.3394765266206345,101.0,0.0,0.0,0.0,0.0,99.18854075955973,308.64407658071633,126.54503919856974,False,False,0.0,0.0,False,0.0,0,0,0,True
12,94,0.06000000000000005,104.65579192259823,97.07226893399884,104.92283562047862,123.07981638537895,10.465579192259822,0.8569676975010349,0.30137409329869325,171.35343811290886,157.35615538741527,127.91223322649786,116.02276708042714,1.2482801433092157,0.22619304095818643,0.07365520720863536,-0.5427268411394366,0.041305268190546626,1.2945233804664902,95.0,0.0,0.0,0.0,0.0,106.78761127887172,328.7095935003241,128.21360731979655,False,False,0.0,0.0,False,0.0,0,0,0,True
13,96,0.040000000000000036,106.88251089967478,98.04805855209841,107.59326953636509,122.44540131830234,10.688251089967478,0.5713117983340232,0.30081308706792553,184.77954108754938,160.2265455982386,126.74946981375757,125.56797806469385,1.2556731940657075,0.23315991034923744,0.07783526969488212,-0.49879618271556864,0.03386059366540743,1.152382398288864,85.0,0.0,0.0,0.0,0.0,114.63093053347288,345.006086685788,127.0502829008255,False,False,0.0,0.0,False,0.0,0,0,0,True
14,98,0.020000000000000018,109.10922987675134,98.27411950532169,110.33392752863824,122.84426554943165,10.910922987675136,0.2856558991670116,0.30397805378386455,197.15945070555955,162.10976662741385,122.76085456658103,137.6277860880104,1.2625282485479445,0.2395586223411612,0.082291369714554,-0.4521667366070098,0.01901430400229081,1.0685414547865482,78.0,0.0,0.0,0.0,0.0,122.63298702364858,359.2692173329734,123.0648326203649,False,False,0.0,0.0,False,0.0,0,0,0,True
15,99,0.010000000000000009,110.22258936528962,96.69363749768992,111.18472127891562,120.59967961218918,11.022258936528964,0.1428279495835058,0.32301296508361266,206.88800110082107,169.6528427928728,121.53678826907286,152.11886986923608,1.268801237849662,0.24532774245732777,0.08707813237043918,-0.3862995680753182,0.023959730830051297,0.925682474276926,71.0,0.0,0.0,0.0,0.0,130.7536011492637,376.5408438936939,121.85980123415646,False,False,0.0,0.0,False,0.0,0,0,0,True
16,95,0.050000000000000044,105.7691514111365,91.53072324805512,105.83463988118584,114.44373932994255,10.576915141113652,0.7141397479175291,0.32496931852166844,215.28896924052066,174.9946682905175,116.44536726364467,166.42278650236682,1.2743896158529655,0.2503921245062945,0.09195423989535342,-0.2945175720583464,0.06376988816886633,0.7516880250408625,61.0,0.0,0.0,0.0,0.0,139.28307564203553,390.28363753103815,116.77033658216634,False,False,0.0,0.0,False,0.0,0,0,0,True
17,97,0.030000000000000027,107.99587038821306,91.13819169813321,107.61313147312114,114.14598709185445,10.799587038821308,0.4284838487505174,0.32868027981863546,221.67755316014046,187.81913743928348,115.7809455575782,182.89772627735474,1.2790704150861574,0.2545622669714417,0.09666718086149982,-0.19251397607324008,0.036140548759844966,0.624962677838338,52.0,0.0,0.0,0.0,0.0,148.12104262322256,409.4966905994239,116.10962583739685,False,False,0.0,0.0,False,0.0,0,0,0,True
18,87,0.13,105.7691514111365,89.19559016931143,105.15713211466738,111.82350629307366,10.576915141113652,0.7141397479175291,0.32678777305223394,228.2419675291717,132.0956205795689,106.21625338367501,170.40361750583804,1.2827658422631119,0.2577882157491354,0.10095720946786305,-0.08167329361294658,0.03918443350662424,0.5129994817522043,47.0,0.0,0.0,0.1,0.0,116.16819212987934,360.3375881087406,106.54304115672724,False,False,0.0,0.0,False,0.0,1,0,1,True
19,96,0.040000000000000036,106.88251089967478,88.17760312096401,106.10709369857888,112.24328053840884,10.68825108996748,0.5713117983340232,0.32721687746165484,234.4961781592836,141.6857159052014,108.61070148449429,188.3331080834529,1.2857147472843946,0.2602941953269671,0.10485822625378462,-0.13048891282933525,0.04133606689707135,0.5893098790010961,47.0,0.0,0.0,0.0,1.0,122.7283819782721,376.181894064485,108.93791836195594,False,False,0.0,0.0,False,0.0,0,0,0,True
20,93,0.06999999999999995,103.54243243405995,87.05882725549641,102.71146664090479,109.17429736661884,10.354243243405996,0.9997956470845406,0.3222165396503589,241.254617591734,152.71124256200267,107.82104348669094,203.9857474688613,1.2873800213812348,0.261611350980825,0.10783077911582505,-0.012222004593835212,0.03224166430425142,0.4431970899551275,44.0,0.0,0.0,0.0,0.0,129.81972473057388,393.9658601537367,108.1432600263413,False,False,0.0,0.0,False,0.0,0,0,0,True
21,92,0.07999999999999996,102.42907294552167,86.44216222155875,101.54405404769074,108.31033217228013,10.242907294552168,1.1426235966680465,0.3178864847817078,248.59154335739726,164.52861548524166,107.59068727295144,219.08763929499327,1.2878978543714061,0.26186420033591074,0.1101118120546817,0.09766442735618161,0.021379457010566857,0.3535074740799048,43.0,0.0,0.0,0.0,0.0,137.50436457405544,413.12015884263894,107.90857375773315,False,False,0.0,0.0,False,0.0,0,0,0,True
22,88,0.12,97.97563499136855,82.80596896887874,97.69861983998564,103.61011785342122,9.797563499136857,1.7139353950020697,0.30892314594854775,255.9418070118704,172.59327953756826,103.1730616220734,233.98029016610016,1.2873630700109364,0.26115379782352866,0.11176322709815417,0.22613606480944232,0.051661362541377966,0.3047963568145626,40.0,0.0,0.0,0.0,0.0,145.82215178215122,428.5350865494387,103.48198476802196,False,False,0.0,0.0,False,0.0,0,0,0,True
23,81,0.18999999999999995,90.1821185716006,77.50121185305217,90.45951366753849,96.76881404067194,9.018211857160061,2.7137310420866103,0.29264999985218365,264.4079759768091,180.96479932792207,100.34272700973521,246.93859198058644,1.285621137746717,0.25930308485271975,0.11286670221241671,0.370588210906471,0.08608407787391428,0.2722345472311102,37.0,0.0,0.0,0.0,0.0,154.5911080303848,445.37277530473114,100.6353770095874,False,False,0.0,0.0,False,0.0,0,0,0,True
24,72,0.28,80.16188317475608,70.60545493684637,80.53679947246356,87.89551093883463,8.016188317475608,3.9991825883381624,0.26938352963363665,274.1815578168913,186.14415741753942,96.0087439353743,256.86993651620367,1.2826916175635117,0.2563040995949787,0.11375302523155938,0.5430744319809344,0.1246232268525584,0.24167396194086277,36.0,0.0,0.0,0.0,0.0,163.8205796619102,460.32571523443073,96.27812746500794,False,False,0.0,0.0,False,0.0,0,0,0,True
25,61,0.39,75.70844522060297,67.75367088706,76.37146542821675,84.00214327561388,7.570844522060297,4.570494386672186,0.2509672988896181,284.9146459797982,124.52600530412002,86.52544605695901,232.72440548063298,1.2784030466839276,0.25198124088604823,0.11453133127402822,0.6895125367570029,0.09556135117888623,0.2264425036761085,34.0,0.0,0.0,0.1,0.0,132.44338309710372,409.4406512839182,86.77641335584863,False,False,0.0,0.0,False,0.0,1,0,1,True
26,62,0.38,69.0282882893733,63.26592804534344,69.49467039848504,78.06465258317078,6.90282882893733,5.427462084173221,0.23165765440463182,296.77218141364654,131.67347870120102,91.75241642069746,238.95314783377455,1.2734763549541794,0.2470306569331365,0.11547159714907075,0.6083964057837561,0.10711340808551233,0.34172945353641204,32.0,0.0,0.0,0.0,1.0,138.70611360471787,428.44566011484756,91.98407407510209,False,False,0.0,0.0,False,0.0,0,0,0,True
27,66,0.33999999999999997,73.48172624352641,65.95115541806824,74.04084694346106,80.9114953179921,7.3481726243526415,4.856150285839197,0.22860819362571494,294.7627731190752,142.47093551244964,95.99880180732723,247.04283935916737,1.2675005721762473,0.2410563093875054,0.1165378633823054,0.6719834937424707,0.018270046075840783,0.25014130902529313,30.0,0.0,0.0,0.0,0.0,137.51729448599602,437.2337086315248,96.22741000095294,False,False,0.0,0.0,False,0.0,3,3,0,True
28,64,0.36,71.25500726644985,65.48878712011287,71.85211080136335,79.8620754365934,7.125500726644986,5.141806185006209,0.2238896804989119,302.4682060340023,150.24226907019136,98.06048485952735,253.40616304041785,1.2611821830090855,0.23474788455609494,0.11761962457352051,0.730745855365431,0.017370949990006528,0.23153673663282345,32.0,0.0,0.0,0.0,0.0,142.11254939428315,452.7104751041937,98.28437454002626,False,False,0.0,0.0,False,0.0,1,1,0,True
29,61,0.39,67.91492880083501,63.12808862645127,68.56900658821677,76.50876636813133,6.791492880083502,5.570290033756726,0.21874080380870486,301.7595499352415,155.78501777042794,97.80790222425786,258.8470810021833,1.254643856695083,0.22822315470975055,0.11865712807381978,0.8152449815292228,0.04263644902785417,0.21789637017570174,29.0,0.0,0.0,0.0,0.0,141.88450793728907,457.54456770566946,98.02664302806656,False,False,0.0,0.0,False,0.0,3,3,0,True
30,58,0.42000000000000004,64.57485033522018,62.101633141975135,65.24626386919749,74.77081223108267,6.457485033522018,5.998773882507244,0.21271457681068462,298.3377698558534,160.723814477839,98.58989477202633,261.99171172940567,1.2476784492752324,0.22127513404292856,0.11970791690153723,0.8784437954049285,0.035918303458227246,0.2119885718363886,31.0,0.0,0.0,0.0,0.0,139.4447855625136,459.0615843336924,98.80260934883701,False,False,0.0,0.0,False,0.0,4,4,0,True
31,58,0.42000000000000004,64.57485033522018,64.03507814822123,65.24626386919749,76.57229522747139,6.457485033522018,5.998773882507244,0.2096355191524366,270.1282072687204,166.8823474094103,102.13243373448415,263.2028974503819,1.2405017788973267,0.2141175688995208,0.12080545662757683,0.8761038805583198,0.01860296454158698,0.21656742019901848,35.0,0.0,0.0,0.0,0.0,121.41974640916071,437.0105546781307,102.3420692536366,False,False,0.0,0.0,False,0.0,10,10,0,True
32,58,0.42000000000000004,64.57485033522018,67.34904353503705,65.24626386919749,80.0086643589963,6.457485033522018,5.998773882507244,0.20806134544504928,248.36620471873627,172.52099276475224,108.27788666783714,261.1001177845423,1.2337313449311451,0.20736263687720422,0.12190046265903325,0.8080050258683302,0.0558270043553276,0.22780240086985476,44.0,0.0,0.0,0.0,0.0,106.41539873460542,420.88719748348853,108.48594801328218,False,False,0.0,0.0,False,0.0,9,9,0,True
33,58,0.42000000000000004,64.57485033522018,70.02021781686595,65.24626386919749,82.70932008495231,6.457485033522018,5.998773882507244,0.20725584771692573,249.85266849951716,176.91404878725496,115.60428903610901,256.3261638368739,1.2279780645814604,0.20161483928397353,0.12295307238979288,0.7204634536028783,0.061547153901207616,0.23947941024920721,51.0,0.0,0.0,0.0,0.0,104.70870065049878,426.7667172867721,115.81154488382593,False,False,0.0,0.0,False,0.0,4,4,0,True
34,61,0.39,67.91492880083501,72.5291637881806,68.64610033774642,85.2752313091815,6.791492880083502,5.570290033756726,0.21023647030815207,246.55755224219305,181.13613807061697,121.44933996363272,252.44310038643974,1.2234256366745135,0.19705507998687816,0.12395543845286437,0.643400139411593,0.06010529888402595,0.24949865603872007,51.0,0.0,0.0,0.0,0.0,100.69331555917647,427.69369031281,121.65957643394087,False,False,0.0,0.0,False,0.0,5,5,0,True
35,56,0.43999999999999995,70.14164777791157,75.67610655223432,71.07883931611796,88.64272166891058,7.014164777791158,5.284634134589715,0.2140182667612076,244.358203645096,128.92848524993065,119.99434638049642,214.0612406141099,1.2199115117128092,0.1935209998919982,0.12495071166200855,0.5559137379748667,0.06737212950310505,0.2631202448599029,53.0,0.0,0.0,0.1,0.0,62.91827789664736,373.28668889502666,120.20836464725762,False,False,0.0,0.0,False,0.0,6,5,1,True
36,59,0.41000000000000003,71.25500726644985,76.43798258308436,72.29538903862458,90.31196093399889,7.125500726644986,5.141806185006209,0.2170780803042931,216.61546168650466,88.22765715582416,126.76521240348464,185.9055558497116,1.2182834585710696,0.19186639734540917,0.1258486044429915,0.2931400121257103,0.057395562706875326,0.45197025992831696,57.0,0.0,0.0,0.1,1.0,14.799231202397799,304.8431188423288,126.98229048378893,False,False,0.0,0.0,False,0.0,12,11,1,True
37,72,0.28,73.06572311781431,66.84591113711087,81.38837349345854,78.0341410469585,8.01618831747561,3.9991825883381624,0.230950436147773,191.579811161325,85.1514626981994,127.32164179861975,200.4480182060593,1.2184843349902088,0.19190558837042157,0.12787344188976157,0.25809707244462016,0.11422641002823249,0.3830661460578663,64.0,64.0,1.0,0.0,1.0,1.1996428798280072,276.73127385952444,127.55259223476753,False,False,0.0,0.0,False,0.0,7,7,0,True
38,75,0.25,66.81925146173923,62.751033544826804,83.82415432877497,73.04141162812056,8.350196164037094,3.570698739587645,0.1795613150672791,142.56966642980765,82.71020633552294,91.3094105366064,221.52113899000744,1.2169242179325928,0.19018551652050258,0.13022693293406068,0.5103509677281624,0.11183207521539193,0.25618094668503455,70.0,70.0,1.0,0.0,0.0,5.489338311100422,225.2798727653306,91.48897185167368,False,True,32.420187159525305,0.2616448002572203,False,0.0,13,13,0,True
39,66,0.33999999999999997,54.63188416547441,54.43598076120511,73.88475126715336,63.064773728643935,7.3481726243526415,4.856150285839197,0.17091335264248403,115.08642456509264,80.6099331193969,76.43023642570111,240.9699094959557,1.2129975037780798,0.18616198161945285,0.13226627245827605,0.8523936739865418,0.178169327722836,0.20206119173736686,82.0,82.0,1.0,0.0,0.0,4.5960689867006135,195.69635768448956,76.6011497783436,False,True,13.887036501417962,0.1534679505950482,False,0.0,8,8,0,True
40,54,0.45999999999999996,49.47418080966867,51.3855948910425,60.84152359858042,59.07850763760965,6.0121412381067065,6.5700856808412675,0.08361097033036362,100.08715357474178,78.6513891507407,71.22102551619817,250.42583820349364,1.2051427284023168,0.17834492172070043,0.1333537706742656,1.096124209345367,0.1365447659025506,0.18385270757535546,94.0,94.0,1.0,0.0,0.0,4.2782781891917105,178.7385427254825,71.30463648652854,False,True,6.554753368221797,0.08418706312045267,False,0.0,5,5,0,True
41,50,0.5,48.79980782264567,51.91499769145082,56.36674813037608,59.10483563409711,5.566797442691395,7.14139747917529,0.11422325625610652,90.10101228743922,76.70101950564694,73.46055345273365,254.8775886424189,1.1945808956227855,0.16790050216392544,0.13398063319304016,1.2102207249204395,0.0542892098039464,0.18191068458784207,95.0,95.0,1.0,0.0,0.0,0.40056350856382483,166.80203179308614,73.57477670898976,False,False,0.0,0.0,False,0.0,3,3,0,True
42,48,0.52,49.15669473403869,52.894710656103484,54.242528961599916,59.57602674883218,5.344125544983739,7.427053378342302,0.1865542808638576,88.32884456244162,74.74221536579708,75.05546581762205,256.2254069479153,1.1826274790111586,0.1561332741213492,0.13397037193332223,1.2339913421973567,0.00845880459020561,0.18425564957619833,92.0,92.0,1.0,0.0,0.0,1.6000759355291554,163.0710599282387,75.24202009848591,False,False,0.0,0.0,False,0.0,1,1,0,True
43,48,0.52,49.3377188971103,53.72213452313325,54.242528961599916,59.85596569946546,5.344125544983739,7.427053378342302,0.15970316582607927,77.83632004594695,72.77919252991236,70.10946654477607,256.74580138638197,1.1705541193758946,0.14426492703859614,0.1337212346496925,1.2277316886555687,0.01487749092004007,0.18676296938193798,93.0,93.0,1.0,0.0,0.0,4.216150182636129,150.61551257585933,70.26916971060214,False,True,6.713185777368547,0.08720421367747773,False,0.0,3,3,0,True
44,48,0.52,47.54978286762128,52.88903770130329,54.242528961599916,58.309741457544575,5.344125544983739,7.427053378342302,0.1098755678568629,66.86671422415927,70.87093846367983,68.7657349205429,258.0992926466786,1.1589379347357016,0.13284477526648394,0.1335099984027651,1.2592975940575568,0.011624990450826335,0.1835931498514284,99.0,99.0,1.0,0.0,0.0,4.132536629303985,137.7376526878391,68.87561048839976,False,True,4.1734169599585345,0.057131725167852705,False,0.0,3,3,0,True
45,48,0.52,47.62547396987663,53.556012913398995,54.242528961599916,58.41657351413464,5.344125544983739,7.427053378342302,0.08683320756511059,64.12844217198543,68.96113552321236,71.71441458838109,258.78580869487956,1.1471009096642129,0.12122457130730316,0.1330274159774855,1.2611986448786054,0.009669741138261804,0.18566989999149275,102.0,102.0,1.0,0.0,0.0,5.0380577391603705,133.0895776951978,71.8012477959462,False,False,0.0,0.0,False,0.0,1,1,0,True
46,45,0.55,49.20395882167034,55.549981441501885,54.242528961599916,59.95232453815617,5.344125544983739,7.427053378342302,0.07062215540274767,58.25686070558837,41.1721417437946,56.37156388823114,237.57160251314463,1.1352390448510803,0.10960505891060282,0.13214365700647923,1.2039191267493632,0.03978321668441289,0.19333486482920664,100.0,100.0,1.0,0.1,0.0,3.3865311626180308,99.42900244938298,56.44218604363388,False,True,14.837213537882985,0.2081557031202933,False,0.0,3,2,1,True
47,52,0.48,46.77192909580744,53.82531403070803,58.31554794219618,57.542351886257585,5.789469340399051,6.855741580008279,0.08317762126751083,59.49652870603806,39.63213919991934,64.0911082752082,242.06183642463282,1.1267988597433167,0.10110547198245738,0.1353222607124606,0.9530872095151371,0.018618204959251636,0.22788258592587826,103.0,103.0,1.0,0.0,1.0,5.324423648289025,99.1286679059574,64.17428589647571,False,False,0.0,0.0,False,0.0,0,0,0,True
48,51,0.49,51.88057560853825,59.16794090014326,57.335877140971284,62.63073339850149,5.678133391545223,6.9985695295917845,0.08901832236885543,54.7984155802966,37.94809462851683,69.25680649445056,240.22977266546084,1.117159408855941,0.09151964005007633,0.1370633487651173,0.8630649473664433,0.08799838586885922,0.23112609400945167,101.0,101.0,1.0,0.0,0.0,3.5900994121221337,92.74651020881342,69.34582481681942,False,False,0.0,0.0,False,0.0,2,2,0,True
49,52,0.48,55.50205417458666,63.021344518774136,58.71730442980426,66.15386649860734,5.789469340399051,6.855741580008279,0.13972212522802896,52.4202672432918,36.16191592539918,72.34672741050032,235.92573257649096,1.1085290780866561,0.08299836422467892,0.13758476183873805,0.7317144235709369,0.10124913643494415,0.24525285595229515,96.0,96.0,1.0,0.0,0.0,3.297861418648585,88.58218316869099,72.48644953572835,False,False,0.0,0.0,False,0.0,1,1,0,True
50,53,0.47,57.63427296166941,65.49130053079024,60.01603683125424,68.28821299912767,5.900805289252879,6.712913630424773,0.1667244584662051,53.27827980463816,34.31051842846683,75.5453323675425,230.45046887695494,1.1014767505575063,0.07605462342892419,0.13776297088087153,0.6169793949362476,0.08021674778364712,0.2568098191180647,97.0,97.0,1.0,0.0,0.0,4.907899702547191,87.588798233105,75.7120568260087,False,False,0.0,0.0,False,0.0,0,0,0,True
51,55,0.44999999999999996,60.54961562389089,68.56998690021683,62.13243368361018,71.12832850207378,6.1234771869605344,6.427257731257761,0.18276439231738784,54.15865577051851,32.37598404860254,78.58460739752022,224.01291566034826,1.0959223110722625,0.07059369909376434,0.1376919235954314,0.5043222742013668,0.08036619892991853,0.27195858791856187,96.0,96.0,1.0,0.0,0.0,6.40448121747432,86.53463981912105,78.7673717898376,False,False,0.0,0.0,False,0.0,0,0,0,True
52,60,0.4,64.67752271259621,72.61869589706025,67.97494934611689,75.04897028772274,6.680156931229674,5.713117983340233,0.22820921679774164,55.06544018865954,30.88274144558107,82.44075654749487,219.3691691094049,1.0917779924236153,0.06653679966800248,0.1374175907257925,0.39828275952351194,0.09326407289068053,0.2905186594144918,93.0,93.0,1.0,0.0,0.0,7.7839207591885184,85.9481816342406,82.66896576429261,False,False,0.0,0.0,False,0.0,0,0,0,True
53,61,0.39,67.49413826647735,87.27208398173514,69.04206602935207,89.96640328139158,6.791492880083502,5.570290033756726,0.2109554359230743,68.0899190470195,31.195539932439488,97.75876609595323,201.13915115702187,1.0888315871294076,0.06365881351294186,0.13709598311493826,0.12233519242659993,0.2467863501245377,0.3649861741141073,92.0,0.0,0.0,0.0,0.0,9.066037238247308,99.285458979459,97.9697215318763,False,False,0.0,0.0,False,0.0,0,0,0,True
54,75,0.25,83.00564395548952,94.67011477811108,84.5900340312519,97.64350661128003,8.350196164037094,3.570698739587645,0.24772827021193367,74.46854949970624,31.404971771464382,104.06017929527077,191.0590704101627,1.0890491469510777,0.06388608678805112,0.13693073198753863,-0.022402775070934085,0.18378538319099857,0.39886922958003546,93.0,0.0,0.0,0.0,0.0,10.296446988112182,105.87352127117063,104.30790756548271,False,False,0.0,0.0,False,0.0,0,0,0,True
55,88,0.12,97.41539011187068,106.69123351718194,99.59595381637563,110.30600949528898,9.797563499136855,1.7139353950020697,0.405526249071288,75.65893447701616,31.068446238554923,107.02267403470167,183.96379070935632,1.0909213749803313,0.06577034273988307,0.1362360166988392,-0.15507884426155824,0.20705420434703345,0.44646863977862716,92.0,0.0,0.0,0.0,0.0,8.935536914016344,106.72738071557109,107.42820028377295,False,False,0.0,0.0,False,0.0,1,1,0,True
56,100,0.0,107.25315723995037,103.67944003527657,113.99930146461269,107.603392437992,11.13359488538279,0.0,0.6002502648109833,64.90005655759461,31.41414237079193,102.21692289468182,194.28365213869247,1.0942712809345223,0.0691099282042861,0.1354691514466512,-0.1400955628510035,0.04869049411543361,0.42029511707776984,95.0,51.0,0.5368421052631579,0.0,0.0,7.616749252937948,96.31419892838653,102.8171731594928,False,False,0.0,0.0,False,0.0,1,1,0,True
57,98,0.020000000000000018,98.934125766762,99.16827391794072,112.01887628090348,103.27398415015274,10.910922987675136,0.2856558991670116,0.2913164554585186,61.18771523242623,28.974297424817237,99.23234709606017,207.13425450165522,1.0973603313677993,0.0721767678874495,0.13467507684827787,-0.08481035938438317,0.023366732317343607,0.3917298264797223,96.0,55.0,0.5729166666666666,0.0,0.0,8.84316042347515,90.16201265724347,99.52366355151868,False,False,0.0,0.0,False,0.0,0,0,0,True
58,93,0.06999999999999995,101.99861099521381,111.59327568635582,105.7152470811332,116.48797599588387,10.354243243405994,0.9997956470845406,0.24502803089688374,59.016871187464304,30.819753953555036,106.8976841025596,201.25622589643265,1.0997158608978843,0.07448325648010887,0.1341156307291391,-0.17325074839964388,0.11469812313304566,0.44313400671596276,97.0,0.0,0.0,0.0,0.0,4.837688797929835,89.83662514101934,107.14271213345648,False,False,0.0,0.0,False,0.0,2,2,0,True
59,100,0.0,102.09603621609246,99.5055773761959,113.60058700150466,104.20214999617416,11.13359488538279,0.0,0.20127599706363997,44.935321214857176,25.891484635319934,100.0591368378111,215.35123552174144,1.1030659140304708,0.07775774572826606,0.13374840394540427,-0.08284619388279511,0.0676021655935031,0.3874067891890594,99.0,99.0,1.0,0.0,0.0,1.1158237115926175,70.82680585017711,100.26041283487474,False,False,0.0,0.0,False,0.0,2,2,0,True
60,91,0.08999999999999997,96.53704442418379,98.05949931060228,103.13307506349022,102.88130364439307,10.131571345698339,1.2854515462515523,0.2819793140267892,42.33519629919743,22.814456544996467,99.95565401828658,220.42481127462946,1.105196584766389,0.07982030952878891,0.13344587772374408,-0.03975376767419177,0.04355279483392984,0.3768044507782915,99.0,99.0,1.0,0.0,0.0,2.0522797461378754,65.1496528441939,100.23763333231337,False,False,0.0,0.0,False,0.0,0,0,0,True
61,98,0.020000000000000018,95.8393104059347,98.93182075835789,110.27099541844974,103.92086899885169,10.910922987675134,0.2856558991670116,0.3390440794578864,41.530356856474356,21.080036482912767,103.28729843157537,231.76398593472132,1.1067203393325036,0.0812807864483912,0.13325056805426494,0.019423628091051918,0.013957992272875313,0.3580940383968494,102.0,102.0,1.0,0.0,0.0,2.824250986167335,62.61039333938712,103.62634251103326,False,False,0.0,0.0,False,0.0,0,0,0,True
62,92,0.07999999999999996,96.89064013006045,100.71284438783663,103.99210189800827,105.84895144915234,10.242907294552166,1.1426235966680465,0.36804877169401995,41.34214458513873,19.32056759851294,106.531822051088,235.04324344489294,1.107424191692878,0.08195660235649523,0.13312628191391027,0.025180457543467243,0.01528114859245846,0.3587706878777063,101.0,101.0,1.0,0.0,0.0,3.4882929152985263,60.66271218365168,106.89987082278202,False,False,0.0,0.0,False,0.0,0,0,0,True
63,90,0.09999999999999998,99.17826643638635,103.31313880865643,101.81448776095537,108.6291922498656,10.02023539684451,1.4282794958350582,0.40624675599685056,41.582603936685835,17.52021880828665,109.70480186029374,233.5445923971919,1.1079899831792417,0.08249964524614603,0.13312223396481823,0.0020902907107953487,0.03152204396946667,0.3676429175828269,97.0,97.0,1.0,0.0,0.0,4.043580887460498,59.102822744972485,110.11104861629059,False,False,0.0,0.0,False,0.0,0,0,0,True
64,93,0.06999999999999995,102.18051710357562,106.07459058303405,105.18250804005183,111.61124512020383,10.354243243405994,0.9997956470845406,0.4244243265706664,37.57443123259008,15.674899320527896,112.39262285994289,232.65250985420968,1.1087654942623186,0.08325680093348109,0.13305736129991558,-0.02126634261919909,0.040134069602295465,0.37558705077607796,96.0,96.0,1.0,0.0,0.0,1.898892999811069,53.24933055311797,112.81704718651356,False,False,0.0,0.0,False,0.0,1,1,0,True
65,96,0.040000000000000036,105.68622344878412,109.43572835117207,108.22842720539506,115.26285355613419,10.688251089967478,0.5713117983340232,0.4191763332341505,37.88521550561264,13.771937160487026,115.08816219464924,231.4452087084327,1.1097474751895908,0.08422646048820104,0.13289282760991994,-0.04253037994533582,0.04892926487000249,0.38307600622852067,100.0,100.0,1.0,0.0,0.0,2.2327117481105025,51.65715266609967,115.50733852788339,False,False,0.0,0.0,False,0.0,0,0,0,True
66,98,0.020000000000000018,107.7620974147945,111.28818103730866,110.9196574386575,117.37817996820277,10.910922987675134,0.2856558991670116,0.41563144254651574,38.3167122713477,11.835895730907836,117.10136868939092,231.07668510978152,1.110884468657328,0.08537826665422459,0.1323634279681878,-0.0630702100301023,0.03796563650520689,0.3886451630282222,99.0,99.0,1.0,0.0,0.0,2.4527099801137404,50.15260800225553,117.51700013193744,False,False,0.0,0.0,False,0.0,0,0,0,True
67,98,0.020000000000000018,108.72299092279972,111.91478370523666,110.98022778399167,118.22900146734464,10.910922987675134,0.2856558991670116,0.4038937982143267,38.65293761985641,9.88566816777947,119.00944611631525,230.14212918853656,1.1122029725377867,0.08670477198677184,0.13186727006544938,-0.07876817587623737,0.022079788286270947,0.3923072476126326,97.0,97.0,1.0,0.0,0.0,2.560162677410865,48.53860578763588,119.41333991452957,False,False,0.0,0.0,False,0.0,0,0,0,True
68,99,0.010000000000000009,109.23449435271088,112.32497538715474,112.21838984010749,118.8655079970582,11.022258936528962,0.1428279495835058,0.3924196971358662,35.186752580908376,7.924474648411994,121.17726293978735,230.0355436414893,1.1136395839686954,0.08814781917004937,0.13139630733012594,-0.08807904102147548,0.013598111046138015,0.39511974553660406,96.0,96.0,1.0,0.0,0.0,0.17387632965320066,43.11122722932037,121.56968263692322,False,False,0.0,0.0,False,0.0,1,1,0,True
69,98,0.020000000000000018,109.10734076633474,112.26057456563902,110.98022778399167,119.000986876646,10.910922987675134,0.2856558991670116,0.37886601033926026,35.742617193240584,5.959053458217784,122.65445649916484,228.75519685984193,1.1151256557439113,0.08962943650637209,0.13102968778282922,-0.09704858848345026,0.006493401064986118,0.397902084995382,96.0,96.0,1.0,0.0,0.0,0.17387632965320077,41.701670651458365,123.0333225095041,False,False,0.0,0.0,False,0.0,0,0,0,True
70,99,0.010000000000000009,109.52443813459719,112.40019072331661,112.36782287937892,119.35420235469776,11.022258936528962,0.1428279495835058,0.3692280763620306,36.29999502557348,3.985694429196073,123.6880608720691,228.72282901590427,1.1166475178536135,0.09114603147914131,0.1307035346064401,-0.10382144463896645,0.00674533468822326,0.40068265665226777,97.0,97.0,1.0,0.0,0.0,0.17387632965320082,40.28568945476955,124.05728894843114,False,False,0.0,0.0,False,0.0,0,0,0,True
71,98,0.020000000000000018,109.10922987675134,111.85628940406788,110.96493499873468,118.97156517190713,10.910922987675134,0.2856558991670116,0.3255490523782348,28.28136916846689,2.6837286802740126,113.22685851071682,227.83147461057112,1.118191559268755,0.09267063222882221,0.13052739218515844,-0.10709172514300928,0.006242467021016417,0.4014240113225105,96.0,96.0,1.0,0.0,0.0,6.813144453785702,30.965097848740903,113.55240756309506,False,True,11.803413599042397,0.0941592778828807,False,0.0,2,2,0,True
72,99,0.010000000000000009,110.22258936528962,132.15866354518278,112.40746138525162,140.789879239999,11.022258936528962,0.1428279495835058,0.33661806013686824,49.20023263416035,5.507430617866367,135.59518115343602,208.08027245063997,1.1197187322868118,0.09417801354675823,0.13040167895478516,-0.2682498864527719,0.1806639866455107,0.49506778598634743,106.0,0.0,0.0,0.0,0.0,6.813144453785702,54.70766325202672,135.93179921357287,False,False,0.0,0.0,False,0.0,0,0,0,True
73,100,0.0,111.3359488538279,119.60589760195134,113.39767397710622,127.84296599148529,11.133594885382792,0.0,0.3423500149221317,52.858686702737394,1.8762579199898963,137.37602030845792,201.87204882579482,1.1232355425605145,0.09762552983864921,0.13055592049480508,-0.2807295331945227,0.03244466751110136,0.4740071645678744,93.0,0.0,0.0,0.0,0.0,4.20919401710889,54.73494462272729,137.71837032338004,False,False,0.0,0.0,False,0.0,1,1,0,True
74,100,0.0,110.67045133915866,103.23593151315224,113.39767397710622,110.7047683133327,11.133594885382792,0.0,0.34375951548231476,44.575329937301696,0.7597838033429297,127.97230844529784,212.03379128974882,1.1267948251019266,0.1011035912848512,0.13087165700563183,-0.17633289317715486,0.1487390023714385,0.40935445870002196,96.0,96.0,1.0,0.0,0.0,4.20919401710889,45.33511374064462,128.31606796078015,False,False,0.0,0.0,False,0.0,0,0,0,True
75,100,0.0,108.88036226815838,103.25424405576395,113.39767397710622,110.93164039121679,11.133594885382792,0.0,0.2802818658635636,29.17440353096507,0.0,116.44633138729252,222.17722121109102,1.1289869860475932,0.10323004538611621,0.13126670451386316,-0.10451277701717196,0.0683698176617741,0.39650735926874925,103.0,62.0,0.6019417475728155,0.0,0.0,7.003596795189365,29.17440353096507,116.72661325315607,False,True,7.983117837355813,0.06401359194305231,False,0.0,2,2,0,True
76,96,0.040000000000000036,106.88251089967478,124.6149167998792,108.89868663461637,134.00211984364427,10.688251089967478,0.5713117983340232,0.17227628967062758,46.48000038609393,4.076790284142147,136.95447952543668,206.46099104582828,1.1302415648191724,0.10442830224426491,0.13174784220333707,-0.2485255823444657,0.17036257200227028,0.4894327498061196,108.0,0.0,0.0,0.0,0.0,7.003596795189365,50.556790670236076,137.12675581510732,False,False,0.0,0.0,False,0.0,0,0,0,True
77,100,0.0,111.3359488538279,119.15009797353915,113.47657662122553,128.45501525109248,11.13359488538279,0.0,0.2349782507628213,55.00299159642546,4.00063131054158,142.89423967174838,200.78746969351462,1.1332997451719578,0.10739623036914145,0.1323363165913739,-0.2821385920493975,0.018229919788495325,0.4893016308886316,100.0,0.0,0.0,0.0,0.0,7.003596795189365,59.00362290696704,143.1292179225112,False,False,0.0,0.0,False,0.0,0,0,0,True
78,100,0.0,110.97623725431572,113.51883989567486,113.47657662122553,122.72748847321424,11.13359488538279,0.0,0.28888462536430826,54.28158151586139,5.753478564331493,146.19828383190813,200.74520641906537,1.1367169991874244,0.11071207440969022,0.13302982764144047,-0.26958907284208483,0.04036235343076381,0.4774113861538104,100.0,0.0,0.0,0.0,0.0,4.41065576987152,60.035060080192885,146.48716845727245,False,False,0.0,0.0,False,0.0,1,1,0,True
79,99,0.010000000000000009,106.44724921327494,99.02589038084011,112.48636402937093,107.3298761831838,11.022258936528962,0.1428279495835058,0.27068199364149126,42.63544129350904,3.104987233644499,138.5261548992253,214.2056800675962,1.13994955913372,0.11384111958057674,0.1338144500054947,-0.15382264690927852,0.1432517462467104,0.40981481087035887,100.0,100.0,1.0,0.0,0.0,1.8694142718426043,45.74042852715354,138.7968368928668,False,False,0.0,0.0,False,0.0,1,1,0,True
80,97,0.030000000000000027,103.32404245227227,98.09307593296994,110.03269321153793,106.41820042865301,10.799587038821306,0.4284838487505174,0.24945880310169133,36.75034793745443,0.5670256422756672,133.62656695413557,226.14529734616417,1.1416748640472525,0.11547451169857921,0.13474042014496118,-0.06673745305722877,0.07532172879187565,0.3876372960440396,101.0,101.0,1.0,0.0,0.0,1.8694142718426043,37.317373579730095,133.87602575723727,False,False,0.0,0.0,False,0.0,0,0,0,True
81,96,0.040000000000000036,104.49051841123884,100.07436650021691,108.25378013977144,108.54438424331539,10.688251089967478,0.5713117983340232,0.28711701561577585,31.539233267774527,0.0,131.25375372950595,234.32471098571878,1.142264196101506,0.11598153625691873,0.1357470120545906,-0.01393024366772097,0.015667454852519948,0.3753656753793082,101.0,101.0,1.0,0.0,0.0,1.8694142718426043,31.539233267774527,131.5408707451217,False,False,0.0,0.0,False,0.0,0,0,0,True
82,98,0.020000000000000018,107.19767392039743,103.87916644843499,110.07166886925435,112.60188171886469,10.910922987675134,0.2856558991670116,0.33418330059451296,27.473413595047013,0.0,130.08431370912086,240.51721340653813,1.1421601226438687,0.11582795278651918,0.13647485070191884,0.020119650828255477,0.030641390721647566,0.3637868142764242,102.0,102.0,1.0,0.0,0.0,1.8694142718426043,27.473413595047013,130.41849700971537,False,False,0.0,0.0,False,0.0,0,0,0,True
83,94,0.06000000000000005,104.65579192259823,102.69827720223105,106.0573395832053,111.26774697089884,10.465579192259822,0.8569676975010349,0.3503496558753669,24.241965640053852,0.0,126.68324152829223,243.87627578751238,1.1415760363671286,0.11526587484414771,0.1362162863386741,0.04380838985423094,0.004708897432366614,0.3521912063653526,97.0,97.0,1.0,0.0,0.0,1.8694142718426043,24.241965640053852,127.03359118416759,False,False,0.0,0.0,False,0.0,0,0,0,True
84,91,0.08999999999999997,101.31571345698339,100.99555597257749,102.92559723745298,109.3634175403351,10.131571345698339,1.2854515462515523,0.3270352720514236,17.902478481015436,0.0,117.86954835450115,245.80631705238787,1.1406880614712205,0.11442877576906559,0.13560753806435563,0.06580106837688407,0.015645424512091458,0.3438757670663464,97.0,97.0,1.0,0.0,0.0,7.091795017593153,17.902478481015436,118.19658362655257,False,True,7.7779459602842875,0.061742210792879275,False,0.0,1,1,0,True
85,90,0.09999999999999998,100.20235396844511,122.64843916087676,101.89362824055965,132.71676080589637,10.02023539684451,1.4282794958350582,0.3300698641416846,39.9247238939486,0.0,140.36371979510784,225.05150613207078,1.1395396928047186,0.11334269788803215,0.1348876690677001,-0.12824654614033776,0.2069991932494873,0.4318426707838846,103.0,0.0,0.0,0.0,0.0,7.091795017593153,39.9247238939486,140.69378965924952,False,False,0.0,0.0,False,0.0,0,0,0,True
86,100,0.0,111.3359488538279,122.44202298508046,113.51043954075264,132.69256280731665,11.13359488538279,0.0,0.3445984704949048,52.28828964743474,0.3784364376109124,150.96517530082474,216.11992268774304,1.1408074477295143,0.11462411099368879,0.13435780842239792,-0.2027791227641656,0.0766202470754901,0.44909063789020875,99.0,0.0,0.0,0.0,0.0,7.091795017593153,52.66672608504565,151.30977377131964,False,False,0.0,0.0,False,0.0,0,0,0,True
87,100,0.0,111.32860379332428,118.16375649995375,113.51043954075264,128.34111338330217,11.13359488538279,0.0,0.3491367280591715,60.95608288010453,1.4502355498566424,157.95083940796897,211.4666057285419,1.1429840449206492,0.11678465129014433,0.13405806466007164,-0.22251561403753084,0.005955398300912241,0.4501497414908314,99.0,0.0,0.0,0.0,0.0,7.091795017593153,62.406318429961175,158.29997613602814,False,False,0.0,0.0,False,0.0,0,0,0,True
88,100,0.0,110.85655045879267,111.65386394521144,113.51043954075264,121.55204949586692,11.13359488538279,0.0,0.3481467583338287,63.7627785752598,2.6351524161886486,159.58916075257454,213.32318132408307,1.1453837351527987,0.11915289651284937,0.1339388491695732,-0.19395696164203438,0.05655238947837434,0.4346014602539746,100.0,0.0,0.0,0.0,0.0,7.091795017593153,66.39793099144845,159.93730751090837,False,False,0.0,0.0,False,0.0,0,0,0,True
89,97,0.030000000000000027,107.22356182334077,105.48811153022703,110.2918523009276,115.05372741618423,10.799587038821308,0.4284838487505174,0.3415187311568424,63.75334986506902,3.87000771242909,159.05992042033523,218.12692209478365,1.147409667260923,0.1211432695904843,0.13397828243622406,-0.14391102500372105,0.07826529792001816,0.4139461411045284,99.0,6.0,0.06060606060606061,0.0,0.0,7.091795017593153,67.62335757749811,159.40143915149207,False,False,0.0,0.0,False,0.0,0,0,0,True
90,97,0.030000000000000027,107.24154637890062,105.41099712503066,110.45033827555777,115.09923267411786,10.799587038821306,0.4284838487505174,0.33346766558035235,63.76938035377826,4.339535096801905,157.78591887606788,223.1662632453108,1.1488091392615594,0.12250310283776063,0.13419992465770242,-0.11514944185499254,0.035277734093499165,0.4109760932216363,99.0,10.0,0.10101010101010101,0.0,0.0,7.091795017593153,68.10891545058017,158.11938654164823,False,False,0.0,0.0,False,0.0,0,0,0,True
91,98,0.020000000000000018,108.5864352367566,106.0342044431095,111.23424213214876,115.84889696929068,10.910922987675134,0.2856558991670116,0.3280037163662646,63.22507307291241,3.9139731198034164,155.453035297749,228.36630093435014,1.1498574480216026,0.12349454696628334,0.13468287535408466,-0.0944124824536152,0.011461746962324298,0.40775501657801055,100.0,14.0,0.14,0.0,0.0,7.091795017593153,67.13904619271582,155.78103901411527,False,False,0.0,0.0,False,0.0,0,0,0,True
92,97,0.030000000000000027,107.46091498047912,106.2142880013747,109.66418421031425,116.07412651687234,10.799587038821306,0.4284838487505174,0.176421208684441,63.824968942170976,4.125398446222759,155.40415365932463,231.81619714328963,1.150632247488828,0.1242069365945134,0.13534078093843172,-0.07532127761347739,0.008274155893879585,0.39742606752319276,103.0,13.0,0.1262135922330097,0.0,0.0,7.091795017593153,67.95036738839373,155.58057486800908,False,False,0.0,0.0,False,0.0,0,0,0,True
93,98,0.020000000000000018,108.69088981627735,107.94642103288204,110.62585783452383,117.97985751554285,10.910922987675136,0.2856558991670116,0.2521664087914197,65.39157550579404,4.236146731676177,155.52875311741937,234.49563394493146,1.1511481928504237,0.12467655926720492,0.1358804548328786,-0.0616619194171116,0.01465098848664582,0.39038749036101217,99.0,10.0,0.10101010101010101,0.0,0.0,7.091795017593153,69.62772223747021,155.7809195262108,False,False,0.0,0.0,False,0.0,0,0,0,True
94,98,0.020000000000000018,108.83001646723982,107.82045846646449,110.7902944887076,117.86285313111978,10.910922987675134,0.2856558991670116,0.2951712108188642,66.75261725844439,4.0799978378673565,155.01746875383571,237.46546996717456,1.1514628408612875,0.12497225096900817,0.13603779493397256,-0.04618993685308864,0.007272924409175437,0.3844259118821992,99.0,14.0,0.1414141414141414,0.0,0.0,7.091795017593153,70.83261509631174,155.31263996465458,False,False,0.0,0.0,False,0.0,0,0,0,True
95,98,0.020000000000000018,108.82077570475067,107.45458005966175,110.80707865510544,117.47661034690918,10.910922987675134,0.2856558991670116,0.31749748260818467,67.78840702917876,3.884470862044921,153.97881310813202,240.8179685626183,1.1515682283557545,0.12507314883421086,0.13602095312533785,-0.028400795712747208,0.005149973580492855,0.3766768946861292,98.0,19.0,0.19387755102040816,0.0,0.0,7.091795017593153,71.67287789122368,154.2963105907402,False,False,0.0,0.0,False,0.0,0,0,0,True
96,100,0.0,111.01359900959206,109.24795825752452,112.8271105364226,119.43491718816152,11.13359488538279,0.0,0.3314321601203307,68.69941651184962,3.6565413115650767,152.45280249825802,244.39712084151643,1.1514432573648314,0.12495488469980123,0.13594664631481995,-0.013688108272033539,0.016232714039048673,0.3726285403969095,97.0,23.0,0.23711340206185566,0.0,0.0,7.091795017593153,72.3559578234147,152.78423465837835,False,False,0.0,0.0,False,0.0,0,0,0,True
97,98,0.020000000000000018,108.87964768601961,107.8275890709324,110.74638837623812,117.88072775559131,10.910922987675134,0.2856558991670116,0.3342536313315134,70.16460582168553,3.2610791618209882,151.26386122898492,247.31592014682212,1.1511141678901127,0.12465810436045029,0.13559120602720287,0.00812260979359799,0.007262201639910523,0.3625362236984967,97.0,22.0,0.2268041237113402,0.0,0.0,7.091795017593153,73.42568498350651,151.59811486031643,False,False,0.0,0.0,False,0.0,0,0,0,True
98,99,0.010000000000000009,109.8875926129519,107.41468934982856,111.75281478060596,117.41172302810774,11.022258936528962,0.1428279495835058,0.33664147442012005,70.2619657567744,2.96411215960568,148.87399567139315,251.65404557759953,1.150504615075077,0.12409960789175083,0.13502399293020942,0.03937487318198728,0.007103483206039074,0.3527940991390419,97.0,30.0,0.30927835051546393,0.0,0.0,7.091795017593153,73.22607791638008,149.21063714581328,False,False,0.0,0.0,False,0.0,0,0,0,True
99,97,0.030000000000000027,107.63111910602031,106.3389298934914,109.80239226718467,116.19759186080688,10.799587038821306,0.4284838487505174,0.3339730691827587,71.33883909751924,2.7536799424765306,147.72512699460844,255.11750795129285,1.1494953079944608,0.12317144874310301,0.13408024134667731,0.061230211501665875,0.011537742650953687,0.3455561996653155,96.0,27.0,0.28125,0.0,0.0,7.091795017593153,74.09251903999578,148.0591000637912,False,False,0.0,0.0,False,0.0,0,0,0,True
100,97,0.030000000000000027,107.52981627846526,105.448400793645,109.80239226718467,115.15870030107133,10.799587038821306,0.4284838487505174,0.33224415367246274,71.53643281735759,2.6285973559785454,145.97735330386274,259.4714994248326,1.148237499263661,0.12199577809204402,0.1331863985628636,0.08731276890538572,0.012318278688695027,0.33835023008375964,96.0,37.0,0.3854166666666667,0.0,0.0,7.091795017593153,74.16503017333613,146.3095974575352,False,False,0.0,0.0,False,0.0,0,0,0,True
101,96,0.040000000000000036,106.33737403704,104.34506212423199,108.72635649492096,113.85570458476904,10.688251089967478,0.5713117983340232,0.3294184055284757,71.6014191524212,2.6233090399445764,144.67786170215362,263.8527937955216,1.1466858704545586,0.12052741787604612,0.1323482543956858,0.11443973139218197,0.014825824444078312,0.33121455642684283,94.0,42.0,0.44680851063829785,0.0,0.0,7.091795017593153,74.22472819236577,145.0072801076821,False,False,0.0,0.0,False,0.0,0,0,0,True
102,94,0.06000000000000005,104.01145792047339,102.58636517956197,106.51631414573569,111.80516428957917,10.465579192259822,0.8569676975010349,0.3244534169216151,71.88011914355447,2.771688666374185,143.92362153277497,267.7827427616954,1.1448363044227319,0.11876107459494034,0.13157604279327978,0.14457603081900391,0.02233524043707516,0.3230929735823,94.0,42.0,0.44680851063829785,0.0,0.0,7.091795017593153,74.65180780992866,144.2480749496966,False,False,0.0,0.0,False,0.0,0,0,0,True
103,91,0.08999999999999997,100.96261315589827,100.53539325777504,102.83977405704388,109.40280792503131,10.131571345698339,1.2854515462515523,0.3157805133155098,68.43302351137041,2.4295010136535744,143.46640879234164,270.0871235609642,1.1426588446442405,0.1166683846903426,0.13084385942062465,0.17670228342470296,0.028714485294247333,0.31497811216254007,93.0,36.0,0.3870967741935484,0.0,0.0,4.518439179029073,70.86252452502399,143.78218930565714,False,False,0.0,0.0,False,0.0,1,1,0,True
104,91,0.08999999999999997,99.72936655516327,98.37222068672864,102.83977405704388,106.85311426667793,10.131571345698339,1.2854515462515523,0.28690120046503087,63.54942522519559,0.7330449625560156,142.7272607899238,274.5546769312794,1.1401187653575469,0.11422610173834727,0.130049450288386,0.2219055637287116,0.03290140925248548,0.3047264002770661,94.0,94.0,1.0,0.0,0.0,1.995281149714884,64.28247018775161,143.01416199038883,False,False,0.0,0.0,False,0.0,1,1,0,True
105,87,0.13,95.39511035037829,95.21234092723803,98.71011470496852,103.18112396206818,9.686227550283027,1.8567633445855756,0.2761601727586305,58.82328552932645,0.0,133.83188411448066,278.0524507090099,1.137047870456695,0.11126623732069787,0.12921332345104347,0.26709709134743903,0.04517679356704603,0.2938658741051928,91.0,91.0,1.0,0.0,0.0,8.046482657234357,58.82328552932645,134.1080442872393,False,True,8.667345683778729,0.06070616011301467,False,0.0,1,1,0,True
106,85,0.15000000000000002,94.63555652575371,111.33454417815341,96.12794268732556,120.30416069332865,9.463555652575371,2.1424192437525873,0.2861860997068162,76.0283197725291,0.6720692533548085,150.72659944491397,262.84584921818214,1.1334847840948363,0.10781064518055852,0.1284571917699691,0.10464924181645804,0.146997341339608,0.3509915332405322,94.0,0.0,0.0,0.0,0.0,8.046482657234357,76.70038902588391,151.01278554462078,False,False,0.0,0.0,False,0.0,0,0,0,True
107,94,0.06000000000000005,104.60179751289837,106.80440164609642,106.35158832120729,115.29397081490657,10.465579192259822,0.8569676975010349,0.3069838275917609,75.19599998328974,0.0,151.23293877694954,262.39303589329296,1.1320042278776967,0.10639651197984146,0.1278406067817239,0.0930573925189456,0.014459100393570911,0.3399974135911311,92.0,0.0,0.0,0.0,0.0,5.4837418716049235,75.19599998328974,151.5399226045413,False,False,0.0,0.0,False,0.0,1,1,0,True
108,95,0.050000000000000044,104.18381784328842,97.83433839046486,107.65032072265726,105.51744228985127,10.57691514111365,0.7141397479175291,0.3177809366400093,69.25360361991481,0.0,146.68046856402123,272.2090182254854,1.130692606660134,0.10514278564400063,0.127318737271096,0.18448545958814386,0.07804775402290727,0.3072831160150831,93.0,93.0,1.0,0.0,0.0,5.4837418716049235,69.25360361991481,146.99824950066125,False,False,0.0,0.0,False,0.0,0,0,0,True
109,90,0.09999999999999998,99.92611139324971,96.72701756085236,101.7726573738087,104.11787452097305,10.02023539684451,1.4282794958350582,0.2997555285317597,65.66662686157095,0.0,144.66821173628722,277.25465803844173,1.12828913935097,0.10280915231178775,0.12684688432445088,0.23980379800739088,0.04504678976714835,0.29952887240559795,93.0,93.0,1.0,0.0,0.0,5.4837418716049235,65.66662686157095,144.96796726481898,False,False,0.0,0.0,False,0.0,0,0,0,True
110,87,0.13,96.86227550283027,96.67177799467929,98.44335130041189,103.79308023026556,9.686227550283027,1.8567633445855756,0.30073585348300513,64.55221253772932,0.0,144.26494846635978,279.02623134417433,1.125248231631836,0.09985385566523478,0.1263095292676257,0.26281062614862855,0.019767861765247394,0.29761876985379504,91.0,91.0,1.0,0.0,0.0,5.4837418716049235,64.55221253772932,144.5656843198428,False,False,0.0,0.0,False,0.0,0,0,0,True
111,86,0.14,95.74891601429199,97.24308686822339,97.15991168421887,104.11820346767492,9.574891601429199,1.9995912941690812,0.299623063883818,64.7833525212351,0.0,144.56986732196853,278.94305616016976,1.1219864281422762,0.09667999531172858,0.12574522591239362,0.26686159529937464,0.003051242497292669,0.29865112557259504,88.0,88.0,1.0,0.0,0.0,5.4837418716049235,64.7833525212351,144.86949038585234,False,False,0.0,0.0,False,0.0,0,0,0,True
112,86,0.14,95.74891601429199,97.5464584159529,97.15991168421887,104.15962691788167,9.574891601429199,1.9995912941690812,0.2991003328085535,65.06881437119556,0.0,144.81276879440824,278.5565094284358,1.1187354834558774,0.0935211093129937,0.12511545189433873,0.2658685513354353,0.0028621514034083088,0.2993720408604613,88.0,88.0,1.0,0.0,0.0,5.4837418716049235,65.06881437119556,145.1118691272168,False,False,0.0,0.0,False,0.0,0,0,0,True
113,86,0.14,95.74891601429199,97.86912364289714,97.15991168421887,104.23103934488361,9.574891601429199,1.9995912941690812,0.2978884461707265,61.14067128621599,0.0,145.12446576003063,277.84729746975756,1.1155577747226546,0.09043786705713037,0.12443349715107357,0.26153736472863365,0.004724366057216692,0.30054713472781713,88.0,88.0,1.0,0.0,0.0,2.9040243278501126,61.14067128621599,145.42235420620136,False,False,0.0,0.0,False,0.0,1,1,0,True
114,87,0.13,96.86227550283027,99.3797384811747,98.44335130041189,105.57702632165756,9.686227550283027,1.8567633445855756,0.29824210247827176,57.140459065281306,0.0,145.74242891561119,276.9109102889947,1.1124935535521627,0.08746909542933498,0.12371365268381394,0.24417964427803077,0.017897947445753553,0.30558547410908493,89.0,89.0,1.0,0.0,0.0,0.2471600211916729,57.140459065281306,146.04067101808945,False,False,0.0,0.0,False,0.0,1,1,0,True
115,87,0.13,96.86227550283027,100.01502643500683,98.44335130041189,106.01210909723078,9.686227550283027,1.8567633445855756,0.29789108521769947,57.789718165040135,0.0,146.98331174724316,275.33923515439983,1.109708456662894,0.08476995051632948,0.12304011112678741,0.22649875094798483,0.014310343757534197,0.30902811515836776,89.0,89.0,1.0,0.0,0.0,0.2471600211916729,57.789718165040135,147.28120283246085,False,False,0.0,0.0,False,0.0,0,0,0,True
116,87,0.13,96.86227550283027,100.26393629416856,98.44335130041189,106.0596505711206,9.686227550283027,1.8567633445855756,0.29732457896147446,58.52087672821556,0.0,148.10452397120517,273.5186501606432,1.1072011948170442,0.08233890677644988,0.1224214684016065,0.21149580178508426,0.00885608047515311,0.31178181075618505,89.0,89.0,1.0,0.0,0.0,0.2471600211916729,58.52087672821556,148.40184855016665,False,False,0.0,0.0,False,0.0,0,0,0,True
117,87,0.13,96.86227550283027,100.44986508531407,98.44335130041189,106.0596563340666,9.686227550283027,1.8567633445855756,0.27064200116186915,50.589611851931025,0.0,136.0855915171927,271.512136375741,1.104933360343399,0.08013819247275271,0.12186171000467967,0.19762332616574685,0.006083868235655009,0.3146206316672246,89.0,89.0,1.0,0.0,0.0,8.181374011101273,50.589611851931025,136.35623351835457,False,True,13.155028861210575,0.08798687571651842,False,0.0,2,2,0,True
118,87,0.13,96.86227550283027,120.05650608060095,98.44335130041189,126.54761980655812,9.686227550283027,1.8567633445855756,0.28303663995556994,62.79567688762307,0.281341913208224,156.36605018384574,249.89898159555196,1.102886321562988,0.07814950236004888,0.12136491804834587,-0.012909696887334825,0.19849471532070243,0.39103765818556274,96.0,0.0,0.0,0.0,0.0,2.9958059338884606,63.07701880083129,156.64908682380133,False,False,0.0,0.0,False,0.0,2,2,0,True
119,100,0.0,111.06917349084728,105.15077440665176,112.87434814578148,110.91775211097723,11.133594885382792,0.0,0.2988313348187521,54.87033977017614,0.0,149.8498946626024,257.6225553346817,1.103483548884107,0.07874912039421142,0.121116318714458,0.05424237909032723,0.058298430455977344,0.34170481937644814,97.0,97.0,1.0,0.0,0.0,2.9958059338884606,54.87033977017614,150.14872599742114,False,False,0.0,0.0,False,0.0,0,0,0,True
