stage,seed,reasons,alpha_mean,alpha_std,wage,productivity,loan_rate,deposit_rate,bank_credit_multiplier,hh_debt_cap_multiplier,firm_debt_cap_multiplier,adaptation_rate,price_elasticity,skill_wage_weight,demand_smoothing,price_adjust_speed,price_stickiness,max_price_step,inventory_target_days,demand_expectation_memory,max_hire_per_step,max_fire_per_step,hh_max_dsr,firm_max_dsr,firm_reentry_lag,firm_reentry_cash_fraction,consumption_memory,precautionary_saving,consumption_floor_prop,consumption_ceiling_prop,unemployed_consumption_penalty,unemployment_transfer
strict,0,employment_below_min;unemployment_above_max;hh_deposit_below_min;bank_resolved_above_max,0.7502614800765856,0.0839409326367325,1.069447585819573,1.2338134543158252,0.0472623318161997,0.0222721731230806,7.929074184622884,2.643954300257839,3.839498582880557,0.8478808946208487,1.3056809096753692,0.4103108464367655,0.1999094756539932,0.2105978109734037,0.4948637297400445,0.0623559551110852,1.490933988305145,0.5851915096925346,4.339705365033299,10.796074123794291,0.4262667607137247,1.078129072004128,3.5528323339703123,0.7739600413897157,0.2629867657053076,0.096873780319032,0.2523458918117122,2.4941344556561216,0.2853956007591346,0.0379108780158398
strict,0,hh_deposit_below_min,0.7598916655622437,0.0765303426069338,0.9527309136602008,1.1020678847164591,0.0160302166858362,0.016673988913252,7.642060041356608,3.038615791168002,4.316503232971481,0.4962886581420113,1.4907782549722868,0.424942716120386,0.2926500774285063,0.1530533423331294,0.5927740305156767,0.1671564143066466,1.0358841735641509,0.4230676461433405,4.766455642923306,7.595088506285503,0.3608172940835562,1.5609255012797048,2.317995653926025,0.5787020361843307,0.6141561670235808,0.1998399931092854,0.1656536199091991,2.555287657527023,0.2616741164439629,0.218071024194169
strict,0,hh_deposit_below_min;bank_resolved_above_max,0.864572905458642,0.055194103887075,1.026792292837874,1.0031309408618505,0.0365634138488852,0.0148679483778115,12.474461509616294,3.230996770156596,3.710267895054996,0.4733567733417619,1.461635125510091,0.0878018989169136,0.1035750707486102,0.2142410384883827,0.6095557084562748,0.1393041465120162,1.64782497388761,0.2229790143285785,6.794660132867841,8.153010967394444,0.5641680049703555,1.9693023968604544,3.1346259923230164,0.6348269565387947,0.5375872108830863,0.2601548558090326,0.2751091049233933,2.341211493679145,0.4008403441962157,0.1946158264596676
strict,0,hh_deposit_below_min,0.8481732847126123,0.1166027305200005,1.112115017575842,1.225999784305518,0.022906731066891,0.0174305191328641,10.984235487352148,2.509043121138621,2.8374566034074418,0.845079834974245,2.360146003327808,0.4200869103847756,0.2434373318662433,0.1371574660394793,0.8335397311646023,0.116447067065339,1.8095701739060948,0.4586301381218727,8.600715904301932,10.582423040836272,0.5382432334696999,1.2797577715961723,1.6110134986032023,0.6630557979893139,0.4802078748912725,0.2509781705481635,0.140470369202344,1.4923832603841674,0.362959981447744,0.1059200367584801
strict,0,hh_deposit_below_min,0.8280996653165033,0.0876812495456104,1.0867981504655169,1.0229678691961204,0.0238958372135274,0.0178349894176442,10.012594128906851,2.987385133982113,2.666207255765548,0.4651427170926607,1.130927845694801,0.3232441252676153,0.228732025377888,0.1765379308555687,0.8129086801296123,0.124483879522121,1.537261425753388,0.3284125259403178,4.9227935423120615,10.182374944659138,0.3626337129477297,1.9494509102508388,1.1715356196858604,0.3363028217427914,0.2870372836874987,0.252852446673389,0.0473289889634644,2.201587399357936,0.2570165579290913,0.1046426734253494
strict,0,bank_resolved_above_max,0.7196721020880186,0.1142040891286378,1.0045801116924404,1.0276462985343349,0.0349610132654444,0.0044007624609733,11.862454785127175,3.2391902495145524,2.205367650233102,0.5711338292038001,1.7654437287061795,0.3606693783892181,0.2399325053098766,0.2591309330084837,0.5174473799206677,0.1618575765930076,1.1421224984066225,0.6024332291404275,9.370634478673448,9.916785924306572,0.3370545767697576,0.8010317930667756,3.53332249301027,0.7380773512781109,0.363682648114237,0.0886294492266526,0.215622938833681,2.424355720898009,0.1922031624147922,0.1756404631596166
strict,0,hh_deposit_below_min;bank_resolved_above_max,0.7815106279844828,0.0618989486917537,1.0247290652474748,1.0615222344490578,0.0521341614431135,0.0066486686744093,9.384359911910838,2.855718853345523,2.469462835083155,0.6275215504539102,1.199767503397607,0.2604039658083186,0.2563958596527984,0.260628741887954,0.5717626455528417,0.190894495091834,1.5523645625649112,0.4862608270628867,8.250539629719807,10.295490609008842,0.4128307701373213,0.9633907489436332,0.659599844755628,0.7876104105848137,0.3909999907888373,0.1889335803222901,0.1261430160731486,1.2589001136781837,0.2260178358876358,0.1626021591140017
strict,0,hh_deposit_below_min,0.8125150269461511,0.0450964618079583,1.0709959563425622,1.0428270900114225,0.0335963630537991,0.0183983005332519,8.614103888278132,3.501140968511418,4.136839348622953,0.3707539458754766,2.221147837066098,0.4408948846400161,0.2139464530753497,0.2699323759837701,0.5377429824664766,0.1800714738569895,2.5477782620239915,0.415814710842907,9.20649695028842,4.569558103296113,0.4680060197082484,0.8193877636526898,3.517769489802068,0.4541921114593081,0.4313097623604655,0.3040843728908343,0.1469075845962256,2.6161483166683945,0.2939208163022697,0.0606329770085184
strict,0,hh_deposit_below_min;bank_resolved_above_max,0.741097462147544,0.0860354320293885,0.9904060760570728,1.2671553605770003,0.0274693598670256,0.0219747200684102,12.34927840822666,4.383116511317494,3.986716348752996,0.4210115701978907,2.5931659140180154,0.4113710122078888,0.2370524304819458,0.3966188979781801,0.5392945376916569,0.0616713520463303,2.430916268175394,0.5152968816153033,8.764003093654171,5.553650027660203,0.4106992720031915,1.4004809368827176,2.0516938696087874,0.7775072434637631,0.6153679005646225,0.2558488906077435,0.116693351739894,2.053786118175511,0.38142035066436,0.1070339321770485
strict,0,hh_deposit_below_min;bank_resolved_above_max,0.7533548863619391,0.0674924062776415,0.9622698739935952,1.052651509413748,0.0483322411551561,0.0248837884089064,12.624687692178869,3.829271525037552,2.808406506260131,0.6653314156690262,1.59454165450448,0.3320908646272872,0.1202581529562876,0.3428141397661025,0.5278288502164705,0.074532082516107,1.7173498391313355,0.5960578794336026,7.973273120905087,6.134409149701343,0.5618554199140613,1.7055758517597628,1.5154879753858053,0.5443098818180809,0.485702159042187,0.2569750271504363,0.1616977984283226,1.1980366933616693,0.2636225837782261,0.1255406753304533
strict,0,bank_resolved_above_max,0.696588369108014,0.1111465805536912,0.9397001621198736,1.0219584342844763,0.0471389559053497,0.0035518560620209,12.268587083698282,3.899342992935198,2.90073875821508,0.5397975345014019,2.049079994499798,0.2582455898415786,0.1788914438779955,0.1514480620210142,0.7581703054565724,0.1634721052260299,2.166897510821491,0.2075917950764099,4.352157067568735,9.683693297905808,0.4928286141936696,1.5734197225270543,1.9549447237669777,0.7508356528632398,0.4830143597909584,0.1869077674636547,0.2182237965008927,2.3613321119412536,0.1182235427185824,0.0414930630458538
strict,0,hh_deposit_below_min;bank_resolved_above_max,0.8895268285305625,0.0964542431681173,1.0787785576770588,1.0082168111098806,0.0381550051803905,0.0088296725284738,9.310424166069218,3.6642792354241,2.608171487561153,0.5658427945385639,1.7270249842087826,0.081732202269222,0.2609878918041962,0.2791813151250396,0.5622895960084147,0.1780870188212131,2.014424353361851,0.517035208431263,10.988940757282007,4.293975490865339,0.5540210413711634,0.997152761405738,0.9252651824495,0.6457072367582308,0.245587662326351,0.1424911410234984,0.0451582374765766,1.1932989281232589,0.2356805171276693,0.0852081473695873
strict,0,hh_deposit_below_min;bank_resolved_above_max,0.8268290449474816,0.0427059109423458,0.9554911131659096,1.028597331314428,0.0614558479986117,0.0165064832298969,7.465698643316466,2.7873955535083605,2.414452019129014,0.5837475681639395,1.3328975484478964,0.2052132484907516,0.1109400990672695,0.1618576071049771,0.6238805209975755,0.1334307277201647,2.5596271983097814,0.3166415529000646,6.659098268109101,3.912427433682068,0.2613817629059931,1.8092597389858267,0.7201857648504546,0.7640110469726823,0.4944183496011308,0.2953965217671824,0.1107020471177174,1.3028138681818608,0.1022836964304323,0.1122584342769683
strict,0,bank_resolved_above_max,0.6259824870747378,0.0612105275238165,1.123273844519176,1.2509500044772015,0.0386232757001375,0.0102477805568882,7.25254181259095,3.856867986431498,4.367791690877931,0.3768854178420527,2.3890924668971447,0.433154812922753,0.0946998600500656,0.1315970451917595,0.724052119213258,0.1227382880516922,2.3801082354082226,0.2310475488069599,9.245117029262309,7.338516057621012,0.5205268853734822,1.775922042249282,0.7560766619230324,0.600596828075095,0.1960609934253037,0.0820822663635493,0.100745124836133,2.279525128623323,0.1467196297394139,0.0525051435241821
strict,0,hh_deposit_below_min;bank_resolved_above_max,0.8413682475690245,0.0991793261699793,1.0230063343900924,1.1727140868254218,0.042863963120891,0.0152507080349866,10.14512683723433,3.954582245572064,3.629449990038805,0.4046744202956722,1.8705030592165623,0.1195196076499666,0.0959615940626025,0.1460183271836719,0.5250724317456347,0.0853983472562068,2.032369644041766,0.4309568243847568,7.218162174297065,6.97418193761348,0.4566704185069069,1.4903215903060512,2.628879174305329,0.5353995923476196,0.6474343679181463,0.1830011407438546,0.1086472341282894,1.9279259198576804,0.2374713577485114,0.1823560946486238
strict,2,hh_deposit_below_min,0.7349613737304647,0.0986379966468734,0.9753191750677768,1.0042271663990248,0.0164228423812553,0.0178776963916408,10.858872246411456,2.4316737034465783,2.22991651563351,0.7126786399922367,1.1913978447929154,0.2201194590843571,0.1317869051300081,0.1444073891858001,0.691083096613268,0.1317163038797368,1.4054055014031055,0.3008480041527097,10.65236358035763,9.146992901219296,0.3104814153809354,1.075886384622441,3.076899897250539,0.3995823347044515,0.2541565143396534,0.1099174326763592,0.1472302513548412,2.3117261436968795,0.0890733820078175,0.0384169288980047
strict,0,hh_deposit_below_min;bank_resolved_above_max,0.8093317300447571,0.0726117649928645,1.098542867032539,1.026289977569917,0.0309612251135786,0.0239773316695979,11.94517073832203,4.425780732061458,3.716713985086691,0.8050328863268881,2.334233140341188,0.2931888541841796,0.2745732548695294,0.373791499059404,0.6166590146812947,0.1126424373798161,1.496939268031641,0.2855413357281532,6.020477777754499,7.653316126844375,0.4640164050183754,1.902492501984864,2.154496381867669,0.3905492997225623,0.3664833062804561,0.1387931101981167,0.1860909584216255,2.57385058992857,0.1505554581939092,0.1108226086378572
strict,0,bank_resolved_above_max,0.7138597492674273,0.0929403423310755,0.99198555492429,1.1179719390263936,0.0594427286488429,0.0188141089800293,7.982512765099978,3.440984673670952,2.5105688516979887,0.7672644466947457,1.6186169825801633,0.1797907932145231,0.1179213986249568,0.2120883238233872,0.6888913271167869,0.0715064558152039,2.475826902397971,0.4884788501686567,6.616411792906414,8.037981442531029,0.3999448077557437,1.5257436125752517,2.928292512573364,0.6735226756765738,0.457347585306639,0.1294399175946181,0.2341037253813002,2.3742160772405563,0.2949995812713974,0.1342028238307641
strict,0,hh_deposit_below_min;bank_resolved_above_max,0.7954065342819991,0.0460814188113772,0.951754713149815,1.0902541921384603,0.0329074924354933,0.0184456336221076,10.47713024613158,4.2531782263155495,2.1203319480747984,0.8164029718602184,2.0847031932660576,0.4342650827847741,0.1339314334540571,0.2019939108869966,0.6355777076552651,0.1559461473033339,1.1253359137326016,0.2319786748015177,6.74952288852087,4.036485264799013,0.3742605196747694,1.5809919193910824,1.4862991361619455,0.4503134722803643,0.6017634833897193,0.0882434799126394,0.1073994246657956,2.28974562953825,0.3796915601722671,0.1385945581229453
strict,0,employment_below_min;unemployment_above_max;output_below_min;hh_deposit_below_min;bank_resolved_above_max;haircut_above_max,0.7719251309703284,0.1048749150592516,1.2088423083297766,1.1906690732297915,0.0219461164554201,0.0161183570845077,12.583236973230443,3.398320245299682,3.042689985432287,0.5807660077817509,1.4648932940028103,0.3948960371522986,0.0845752352034376,0.3037084307299489,0.6875531752450859,0.0957060998546597,1.2665598306119636,0.3792575469327224,3.8373498957302297,9.752079553254084,0.4426626812677796,1.395091264454006,2.36185597791155,0.2737932689503489,0.2024835010695143,0.2941418490470489,0.2205023649137272,2.332781444835126,0.3511979226018874,0.0361085335549571
strict,2,hh_deposit_below_min,0.6367015014139075,0.0602993478765425,0.9570457059823771,1.050944183432057,0.0221595837219361,0.0162828784354435,10.036304516454912,2.5247514663036785,3.828263942677857,0.4419151242836755,1.4136528409456235,0.3938693013547744,0.1464389499093868,0.314745816162192,0.5632182056080073,0.1380989699073018,1.3316452534198115,0.5233808512521354,10.267050939138754,5.002674538214346,0.6073297273678047,1.386140928192418,2.902436856396606,0.6119345135785643,0.3236937715815694,0.154968837278805,0.2888416140536997,2.135090896981442,0.1088663276523192,0.1993639173169775
strict,0,hh_deposit_below_min;bank_resolved_above_max,0.8317049195514867,0.1052190562486601,0.9751268002812382,1.187373255750196,0.0415413979590704,0.0176666771936205,11.166124424381731,3.0051270734390583,4.388202869965532,0.4227401013517773,1.284124135319071,0.1098059067911152,0.1680408637177575,0.1334734134252018,0.5907973490656248,0.1058724774895104,2.5874274307092544,0.4378018959994381,9.227801746367062,7.873737379431429,0.4907916409364039,1.994450967412972,3.2289837559797405,0.6363683851839932,0.5847000004511373,0.2192491929574296,0.1387117550830434,1.7718130241850176,0.2494547111031685,0.160502158100748
strict,0,hh_deposit_below_min,0.8852615527395653,0.0960517826304772,1.0035311762615204,1.030702446347649,0.0216025001408648,0.0106436318170858,12.287172540807129,4.225984817355531,4.329148242435481,0.8168074377640755,2.5997602657621703,0.1365444085292762,0.1942629268604727,0.3477879193638417,0.5008911966236675,0.1954554251291796,1.3763173413198446,0.5518045507010603,10.222147488420172,9.500297542224729,0.4565715883299031,0.849841592130794,2.4121784898963767,0.5962603648428915,0.4189710158949555,0.0941090380866042,0.0456598951321534,2.350482094901645,0.3542108404925583,0.1078169720376274
strict,0,hh_deposit_below_min;bank_resolved_above_max,0.7376815767869922,0.0870630469350457,0.970758110599294,1.1120956625261489,0.0371991322178576,0.0235184700229573,8.341100858376732,3.723866457578892,2.467855119347681,0.389380823912131,2.0066605632935905,0.0897915295489245,0.1780178650318363,0.3202722029520371,0.8195180104437116,0.0947889032517167,1.3932700683623922,0.1919840131668929,3.789306429319165,8.266740869737585,0.5442687334977598,1.194430849466409,1.7715368263009597,0.4421310684052623,0.4407292567373022,0.207748135460777,0.3052181520725792,2.40725542914126,0.1189027108075597,0.1475084222321812
strict,2,hh_deposit_below_min,0.633833127054073,0.0554294147042623,1.042942802495498,1.1807805353375682,0.0410501997316875,0.0096910740176022,7.113516591707042,2.928403608388998,2.223624799177601,0.8766647456064924,2.353244784140286,0.3388187175195011,0.0971249038995836,0.1812596867170347,0.7484843258604827,0.0655355185320047,2.053325441800808,0.3958201933116038,8.198049237430855,6.760268718356321,0.3584955283401856,2.0082817270076645,0.500675646269712,0.7298620202455771,0.4521958547618209,0.1290176594766489,0.13923792511044,1.2753646577511697,0.1788082829220218,0.1412560760080738
strict,0,hh_deposit_below_min;bank_resolved_above_max,0.7668572701247208,0.0849467628147431,1.0297256902101204,1.0500079683436043,0.0380163409508824,0.0132064849323821,10.087150074022968,3.931169198984559,4.208342749197706,0.864912011270387,2.487199322771549,0.1836288625485436,0.2050253220364584,0.1283788215173103,0.5104456755373132,0.1752453119953067,2.064702868356889,0.3150939606574218,4.640960251647321,9.96825928039766,0.2951836926596612,0.7711480407688351,0.4475929529829844,0.3840045660118448,0.2134557481435126,0.1749177539937085,0.2382002650692807,1.917446271389453,0.1674812405727456,0.126039208885988
strict,0,bank_resolved_above_max,0.6122678777622529,0.1013892625236801,0.9576452921598388,1.0911997647893514,0.0412271340273077,0.0146030775923171,7.633959808749305,3.072496876566744,3.789860734248132,0.8440167250668825,1.520933317676038,0.1169534027803619,0.2886266533386827,0.2454712635030083,0.5823563264639673,0.1360570132425803,1.7547266162437636,0.2290085860957601,8.362830734299884,6.175706837553099,0.5624557601618305,1.7068856759023046,2.950703832487579,0.3928044062039661,0.2374495202998082,0.1352544893580987,0.1485033397249961,1.326847366294004,0.2585384417277532,0.0461462374253164
strict,0,hh_deposit_below_min,0.7316788853925128,0.0671123368644404,0.9633637211253088,1.0052996399637455,0.0308612355085212,0.0080853660237981,6.124892379934822,3.535283904748211,2.868090509900512,0.5439752435639029,1.757613735400565,0.0884888856564827,0.1648972836805957,0.1881519879662697,0.6532185209188366,0.1177942664007312,1.0103399230545826,0.6133113508609759,9.826943486907538,4.122679542533835,0.2501122629219109,1.888522161262268,2.2002729385254067,0.7487296382268146,0.6055950144300424,0.2423153558100856,0.19996427734081,2.2103361277855766,0.3177963157162957,0.1439347428622471
strict,0,hh_deposit_below_min;bank_resolved_above_max,0.8053154167530197,0.0510406655733291,1.0290209353872848,1.164334275833098,0.0458332843260521,0.0073193942239071,12.55691364908118,2.5554133710640925,3.027908364405586,0.432770751148118,1.2383542611917822,0.3972860547063135,0.2939458744864602,0.2038674517964833,0.5900585889694201,0.1746639082486804,2.542968687994564,0.4633822510861491,5.025471593411095,9.587757467122913,0.5265418976335037,1.310318660841595,0.8944149824096369,0.4848819784023442,0.5727341865210267,0.0961137936131286,0.1801839690735959,1.8233613141480736,0.341178225551833,0.0627000634461558
strict,0,bank_resolved_above_max,0.649202896310524,0.0827215542699376,1.0042293802736224,1.0395375400731657,0.056257579796086,0.0216750179402852,12.14679200645525,2.866081091624697,4.23246361654298,0.8604103929474984,1.8760829286829064,0.3328940300902818,0.1251128621051637,0.3116601665349532,0.8010621923791053,0.0775612257064722,1.437740986623384,0.4732734566110713,4.282401011367256,5.34593720963677,0.5209491910656019,1.943128441728528,0.4840287238495256,0.3919754083159389,0.2903307435915425,0.2842376859633252,0.2581310401662999,2.0638927628840413,0.2314222571278313,0.2083643096928015
strict,2,hh_deposit_below_min,0.7520727394859462,0.1101616590348152,0.9729658132954446,1.0915951679988292,0.0310906135278462,0.0161761584284473,6.487195980370283,3.365152742628008,3.483254593636538,0.52198596105496,2.449562128245057,0.150482824590642,0.2785790252213954,0.2246003890547917,0.5489558597008017,0.1067866604231602,1.045928182696706,0.218324658284717,6.863026571441838,7.011372600572661,0.3901602997001635,1.995078777483521,3.421960677972054,0.6853661905443507,0.5759447410903417,0.2110621281712464,0.2333865488738295,2.5439829868486425,0.1586136692934849,0.1788650184266223
strict,0,hh_deposit_below_min;bank_resolved_above_max,0.7024319838726125,0.0442723249186445,0.9489847923029884,1.0780811111336843,0.0532489603071302,0.0108651182788852,10.759065018266998,3.402823997014128,3.918484573037506,0.7811479748853487,2.1803017784604384,0.0767594285452389,0.2292963710254973,0.3054923053933935,0.7405444497732883,0.0742320491981959,2.095456859239001,0.5126575331452112,9.035713064167483,5.943465402997683,0.4438378371541124,1.4193067826329386,3.1603010718787674,0.7157498987514541,0.6677314520309415,0.2661050540491954,0.143045533917119,1.1369273751562683,0.2161537323571693,0.0484279964333789
strict,0,bank_resolved_above_max,0.6498873409835106,0.0999100772348052,1.1305940312777043,1.0741009532222106,0.0417534706347873,0.0104307088321241,10.878789795394534,3.411529405697317,4.291395705528935,0.6850149486949639,1.6589161155841463,0.1012004276574163,0.1217622690576353,0.2258489588342052,0.550299860959828,0.0729641700987576,1.6755197582828618,0.4694633610091506,6.546514497950949,4.864766349801858,0.604922659308843,1.692658481476684,3.014166423334561,0.60112953535702,0.5474480806726082,0.1990456137830662,0.1059324007119626,1.2916432553264088,0.3269753410180685,0.0745364474075066
strict,0,hh_deposit_below_min,0.704498894723888,0.0575093473062843,0.972427483173922,1.070996035866303,0.0432363030100875,0.0072035729450011,5.549900222408798,3.045746612937477,2.1028532606889634,0.7796212703168763,1.6088197413753278,0.2672897406383082,0.1550565601801883,0.1401825139146334,0.7995970116899223,0.1180430932107416,1.1370015051610831,0.5248097645242623,7.29526485792894,5.530636963789744,0.3347989396880053,1.8833580400357688,1.938134295898023,0.2837927293319666,0.4330766013494058,0.2829418914070705,0.3199701741479143,1.8394747378359129,0.3126409380636558,0.1494432553623083
strict,0,hh_deposit_below_min,0.6754653370126058,0.0499177413200975,1.0509452597749267,1.0201633461605908,0.0205797347017742,0.0208176486572472,10.315978873134018,2.5891286220284964,4.417294684622711,0.7754814733773169,1.502591875828382,0.4503782380255559,0.1324414832364709,0.2215301440025964,0.5539166219333196,0.091359781927124,2.6067819525868217,0.3326201427616352,10.739066140549742,4.457446410155801,0.4988531679576899,1.4412456311899575,0.4667374922796213,0.8069054506272011,0.6364503132704215,0.1512701585987254,0.1490560453170474,1.599491833466585,0.0826664841207336,0.0987226479851837
strict,0,hh_deposit_below_min;bank_resolved_above_max,0.7617758150787295,0.0435729526196517,1.0130708852748114,1.124376516911675,0.0297089193350178,0.0139026326449439,9.08853424163453,4.024871206813074,2.3149731520477017,0.693000323677635,1.7505524675265869,0.369030253738239,0.2977872204562621,0.312415043728362,0.6671913752449447,0.0711550255032275,2.504066818897038,0.4362450650336534,8.726915408254552,8.44987903483682,0.3391006827565151,0.9505092650610754,1.2668299302932469,0.6237277439725276,0.2204965992388688,0.2000691998929147,0.1358903728754326,2.18186032824608,0.3590305692622245,0.2142184846072032
strict,0,hh_deposit_below_min;bank_resolved_above_max,0.8223750244549831,0.0828833084494663,1.0406939709958487,1.083266632821539,0.0498783558558976,0.0250927890349355,10.954453794257777,3.087116241153719,2.823792908136642,0.5912049890089206,1.7480567379991698,0.3256455568251728,0.3122818653972068,0.1636674620839001,0.7361977016653044,0.1282963763582946,1.9102741977555664,0.5426310000753574,6.433023324844413,9.668426515098584,0.4322603306445282,0.9543413048050702,2.341076057937626,0.7208675305611809,0.3135400830073807,0.230118189162683,0.2692170237553284,2.630129792994068,0.1029633222292765,0.1681530050553424
strict,0,hh_deposit_below_min,0.778789412894358,0.0831616748490262,1.0210044794575033,1.0247385133383868,0.0325848020460298,0.0238934231665895,7.600880274835173,3.1034361675218003,2.2768778650077435,0.6542404515090141,1.814428897899812,0.2619430814078299,0.2597902517212924,0.1581107859396973,0.7653896171987303,0.1688246186302975,2.498269771090637,0.4321918730875232,7.302995435098074,9.553870628084924,0.6135122051424916,0.8083028169120273,3.378514272491669,0.5759450223210125,0.3356248244507504,0.1595322860176248,0.0574881505504471,1.1821705821352464,0.3736664878494443,0.0574334078094246
strict,0,hh_deposit_below_min,0.8591157142458615,0.0979122220107114,0.984970518161106,1.0665559662098951,0.0403880803913802,0.0165820890373983,12.881646760400706,2.6902827196585486,1.911587761540498,0.5727569679585335,1.5722022676632066,0.4273196938500202,0.2866375671556117,0.3132218348144006,0.7882651466672431,0.0940126486557036,2.3936428005988395,0.439767785671167,5.47582279062782,10.298872165594856,0.4288445099227441,1.2326747961677869,1.7308617619549918,0.5671110850465686,0.3556854762931286,0.1226950895788153,0.072842374807699,1.7400904656285543,0.150117105315412,0.1990572679085936
strict,0,hh_deposit_below_min,0.6949065405892749,0.0525417345441349,0.9797520919372488,1.0876153503285249,0.0228332796005322,0.0179948031266098,11.297392629882127,2.830335026048453,2.610509526334585,0.4514181726926949,2.120937620936532,0.0965349891132011,0.0880083937749951,0.3373046823519875,0.767173674621618,0.0858429072663928,1.198201203242122,0.2527463662002803,6.08557075329113,8.219116338418127,0.4226331679263774,0.8769463812121107,3.454712615375965,0.4442114665025132,0.6044775184825371,0.0754941444789666,0.2848914054896548,2.470349055975551,0.1290468728210419,0.0674595625785104
strict,0,hh_deposit_below_min,0.8163404726052629,0.0424706223015661,1.0316790944443446,1.0583743197937934,0.0252491243307718,0.019087249264424,10.82131354003507,3.264790393908478,3.469969709615741,0.5588443124748981,2.0381099589858263,0.2917287901862851,0.1352045384417811,0.3712154829814141,0.7300737145031773,0.1549183515095663,1.4860572558060312,0.4919874403377207,3.666645263923728,4.215523565827705,0.4528487246543994,1.6355977234497805,2.2473786932992974,0.609100987461838,0.5652758900314163,0.2628185797781343,0.0803702559127072,2.1625890918270363,0.3214182663361153,0.1220239322828117
strict,2,hh_deposit_below_min,0.7473063338821528,0.1159470591387619,0.94378820537593,1.1676431496190858,0.023517044938256,0.010971239992491,6.19158616104752,2.412792526550218,3.67816994799942,0.6987688337826944,1.6342004913334696,0.1065642388870195,0.3099132795998932,0.3874117361997805,0.731296530784645,0.0837217375953062,1.2432340857901778,0.6099166150929685,7.162889505435837,9.44488990971883,0.4879092511277048,1.0447588192727917,1.2194715036258232,0.4964806034609268,0.389763972044413,0.2586459250636062,0.2873432189994316,1.1347038000056464,0.1779299994077696,0.1621799955045679
strict,0,bank_resolved_above_max,0.6874287831146244,0.0843870508838834,0.9735503632310942,1.176455208666046,0.0409682005705941,0.0217208518607676,12.822096821605228,3.878290454125176,3.26441161523553,0.7921990945974011,1.605148022075498,0.2570095089540822,0.1060323347360645,0.2305964858767285,0.5425959232419727,0.1946212939032227,1.213289636366358,0.571159309445125,5.41511489790111,7.987081455893668,0.5725062632160658,0.8369485976774049,2.7265912274546684,0.7461828103504788,0.3780943796830861,0.2667177195267448,0.0981376359290457,1.9105243235645348,0.2327806512467166,0.0895792034243941
strict,2,hh_deposit_below_min,0.6209577818377825,0.0543087851582986,0.9548660827719958,1.1565360876539843,0.0196147226931536,0.0248223778995542,8.735096116352295,3.1954909809901006,2.38946014483415,0.7079190379824727,1.421257948524853,0.2289339410804783,0.138025374373926,0.2760239844644203,0.6561218713237937,0.1319481414320108,1.439506600205065,0.5291650307659641,5.757462567251104,6.526214883110702,0.5085519717155342,1.7504093509855254,1.7156371426604622,0.523571231855734,0.3497211747233882,0.1265198717153473,0.1837081506064862,2.0278774602477743,0.2482552146454402,0.2104249167595288
strict,0,hh_deposit_below_min,0.6838566042579077,0.0447259566848897,1.008469971714851,1.1101275238356312,0.0269571584522904,0.0083436282479185,7.850245739138074,2.56723533707156,2.1542137281222185,0.6262194084194225,1.323086988106519,0.290641470751686,0.2911401803478097,0.1483769977205508,0.6145408450343224,0.1219728815851747,1.702539189928518,0.6134869547904744,4.152345731414012,9.5641057426254,0.4495823065589365,1.6526181190293965,1.2805200833703023,0.4507650626629681,0.4975185615889602,0.2683572703231521,0.1297262960906033,2.1507163304309915,0.0797068623019039,0.1514133016775756
strict,0,hh_deposit_below_min;bank_resolved_above_max,0.7358085762764222,0.0755301787839923,1.0530471888372124,1.1257179294445447,0.0571443887382004,0.0183321713420005,10.16442264928741,3.067228283139535,4.056685164964302,0.3539386257618135,1.6450611626218612,0.1766243311558697,0.2108044990528882,0.2506423114533509,0.6320880501067904,0.0738963734336849,2.5286599440988606,0.5933937296749892,4.434962314738748,8.810236925253012,0.2765262009248687,1.5082518250691723,2.255643851879402,0.5134000675688234,0.5488541470672825,0.1629648026356384,0.2371085851625395,2.274983358847452,0.1143230210257776,0.0614651709344354
strict,0,bank_resolved_above_max,0.6573464500095308,0.0976601469775878,0.9809452843765418,1.0555950283339854,0.0590554127988235,0.0060152659637586,7.020173962180288,4.187229130224448,2.4081434657581733,0.5193307320457958,1.4047044066141434,0.1977809746823676,0.1658281217347584,0.2349240322700197,0.7425465991658704,0.1984256615139448,1.599365932503927,0.511465645251354,6.347904401468599,5.156319828834338,0.5158799755381993,0.8991911544136492,3.262889035687995,0.6676661772540817,0.450494423110156,0.2398385744381693,0.2617786769173275,2.3291144377369406,0.3311123746253251,0.0622049329206821
strict,0,hh_deposit_below_min;bank_resolved_above_max,0.6912799411829207,0.0649312939958927,1.0492646272264885,1.2055063851622194,0.0597659967577062,0.0087235910911892,9.806900789536543,2.785037989375666,3.743983102484896,0.6675592080840153,1.6628087440717048,0.0936313598388556,0.3127790577476865,0.2198308000706781,0.8272545688331283,0.1468426179332354,1.2922956917026138,0.2337395192101664,5.976385798473332,5.2462228243310856,0.2676635442320187,1.841534179583646,1.3967832695608955,0.7365658528904787,0.3109428523871161,0.0854307299506494,0.1663577719747936,1.224583399594895,0.2751765460365389,0.1428542859630886
strict,0,hh_deposit_below_min,0.805976399115585,0.090450993313339,0.9883089797067064,1.0549089617251928,0.0304730876544005,0.0242199584872572,6.65601127566554,3.4393664432887627,2.244095498786085,0.7051007152744901,1.3249815795470474,0.3226725003871474,0.2305496662404326,0.3522746108995698,0.669145511597496,0.1096921850879744,1.9460416116528296,0.4445166130632028,7.594664538590404,6.577093160417273,0.4065914802753602,1.3232898977662275,0.586115869674347,0.4274264601195936,0.690792365866853,0.2244490015209978,0.1069689266042367,1.5351340237493862,0.3279493791971918,0.0588427809695086
strict,0,bank_resolved_above_max,0.70586892480357,0.0950958442910691,1.0476901164271193,1.110921766530657,0.0422947177812166,0.0246132026774295,10.851118404915422,3.308079470576468,3.427526293924452,0.5494204236421582,1.835613951449217,0.4182615015862699,0.0994713994106828,0.229395253304781,0.8210707374098067,0.1370742321467825,1.1527930819344347,0.3047015361970419,6.25377849162969,3.949654360108438,0.4806045231571861,1.423193416043305,1.903980912335516,0.3321622659735362,0.6324405198624153,0.307740939499315,0.1522922132572098,1.382148979854764,0.1891740577311925,0.0865935101943143
strict,0,hh_deposit_below_min,0.7770251054569303,0.1031378226332542,0.9911905127533585,1.0974460620341673,0.023022385090322,0.0241547807551139,7.33270605430996,4.123651132619048,2.701502257923268,0.8007316371223863,2.239953943140725,0.0955481627892078,0.2707824750326538,0.1857711492110059,0.6835582246906114,0.169507081465925,2.291188711060819,0.4418984306291624,5.851246589367358,7.264342988840053,0.5488502789797023,0.9448011248730324,2.2145170234418785,0.3385989547410069,0.5412105812839586,0.3123774479028962,0.18396884409995,2.641961575910296,0.2803502305537414,0.0856733833733819
strict,0,hh_deposit_below_min,0.7517724149827438,0.0752650240210682,1.089917730055465,1.0947626210822523,0.0346794670650009,0.0128745479787498,11.351680632819104,2.8147596544307465,4.375372127211508,0.5649397117075102,1.099704736583701,0.1344243409887092,0.2546235852883493,0.2695491083011975,0.5807340733202608,0.0891120544351907,2.0844258276084338,0.2797900178680895,5.773956549581429,8.31956401287994,0.3814435832543093,0.914915831642926,1.821457965030565,0.6880148500458383,0.3811392528455083,0.114834940341866,0.1026947227184268,2.1460825579258795,0.3938922744245606,0.0708163095892759
strict,0,hh_deposit_below_min;bank_resolved_above_max,0.766242398850427,0.0534441850005387,1.1157793708922004,1.127183263039396,0.0312328402876329,0.0069732982567501,9.259920043832352,4.331526973553887,4.356404453069878,0.6316035664993687,1.915848712457612,0.4204953354179824,0.1676050582053086,0.1889352143531913,0.7257299448113239,0.1447011342559944,2.385257621299718,0.5094490884832411,7.920378020054046,4.599171540206143,0.5689348254034735,0.9292598515158056,0.968287128029806,0.3349532146365608,0.2796803277660123,0.103895144565334,0.2407902682400152,1.3335547184583232,0.2016636873250224,0.1302560061161559
strict,0,hh_deposit_below_min,0.674475494865936,0.0448969589443289,0.9858601795713507,1.113239966586932,0.0240623176744017,0.0199552520404804,5.829709123577762,3.979081911269702,2.3426880166048165,0.8066731643405735,2.583399583014751,0.1106901115548453,0.1376196486428651,0.3672221247309739,0.6334051514604553,0.1366232799084762,2.373549117562355,0.2104025620733265,7.015059788592618,9.245717745274652,0.5718445181707155,1.6675843707772022,3.1047708352092087,0.5099970941535825,0.3013970374325724,0.1106472220974418,0.169870943660875,1.9609960500315984,0.0997716688534723,0.2092110583263018
strict,0,bank_resolved_above_max,0.7114416865921893,0.0963906550396972,1.0189446549011705,1.1759231173480813,0.0560725610141413,0.0168125496053388,5.575528067968673,3.254540047988101,3.757274757472104,0.7341083785376299,2.113524473712549,0.2318001930883831,0.1431690400939471,0.1557926249159621,0.7714339811196498,0.080488955235111,2.1904770730953214,0.2476196436575275,10.366868560801006,9.19819924579858,0.4844578743247066,1.9197889462281648,3.55908497383476,0.3290569628806704,0.310339358450143,0.217122080012152,0.2807829381238295,2.3240609605054487,0.3482400164326729,0.1594919813724197
