,Employment,UnemploymentRate,WageBill,Output,Production,Consumption,HH_Deposit,HH_Debt,Firm_Debt,Firm_Cash,Inventories,AvgPrice,Bank_Equity,Bank_Loans,Bank_Deposits,Defaults,BalanceOK
0,76,0.050000000000000044,81.22247830494987,69.29499977996241,69.29499977996241,172.10204348984803,0.3713384756402268,0.0,18.22742777203481,97.18422347266366,0.0,1.5130183894166154,4.320534049895189,18.22742777203481,97.55556194830389,0,True
1,80,0.0,95.99999999999999,66.11468416630973,72.96069361794933,100.81381753403612,0.0,4.440622366017558,15.119865824936628,98.01808622708884,6.846009451639606,1.5130183894166154,4.197304795594365,19.560488190954185,98.01808622708884,0,True
2,80,0.0,95.39576356917804,63.151397866227754,72.96069361794933,95.32702633326167,0.0,3.8564611465994427,15.777093147729953,98.79426942860249,16.655305203361188,1.5130183894166154,4.098424128278005,19.633554294329397,98.79426942860249,0,True
3,80,0.0,92.51929564336152,63.51494476826232,72.96069361794933,95.40000000000013,0.0,3.3335903695314313,15.701388513070164,101.7776986347697,26.10105405304821,1.5044600054635249,3.99712386702158,19.034978882601596,101.7776986347697,0,True
4,79,0.012499999999999956,92.9658466301112,63.06460337034144,72.06085031126386,94.20000000000013,0.0,2.8002621769220606,16.062805025104545,103.56812923960545,35.097300993970634,1.4961252210135234,3.8689349514997637,18.863067202026606,103.56812923960545,0,True
5,79,0.012499999999999956,93.69804173014477,63.7366733305031,72.10543339070362,94.20000000000013,0.0,2.2562674204605018,16.395532337051684,104.5993993671039,43.466061054171156,1.479439731816824,3.7283556493422685,18.651799757512187,104.5993993671039,0,True
6,80,0.0,93.97557419318697,65.29570525578042,73.02282998459324,95.40000000000013,0.0,1.7013927688697117,15.972350041427928,105.7957292283878,51.19318578298399,1.4627570007791049,3.5783946476569928,17.67374281029764,105.7957292283878,0,True
7,80,0.0,94.43515238698072,65.70946482497335,73.02282998459324,95.40000000000013,0.0,1.1354206242471059,15.867913873201235,106.86567231849388,58.506550942603894,1.4544222163291034,3.402890857721007,17.003334497448343,106.86567231849388,0,True
8,80,0.0,94.9131031591242,66.36117205019038,73.02282998459324,95.40123290334917,0.0,0.5593619400810852,15.218391598178997,106.92124987182507,65.16820887700678,1.4379859971126934,3.2086291860775042,15.777753538260082,106.92124987182507,0,True
9,80,0.0,94.48400120645103,67.24387122373253,73.02282998459324,95.52000000000014,0.0,0.09054917888270687,15.285526196984673,108.2546216815754,70.94716763786748,1.4218901760728881,2.9895780074835807,15.37607537586738,108.2546216815754,0,True
10,80,0.0,94.63950470144444,67.91248781824105,73.02282998459324,95.90763983753978,0.0,0.0,14.371322334080016,108.84411553923424,76.0575098042197,1.413656323581319,2.7558264065930516,14.371322334080016,108.84411553923424,0,True
11,78,0.025000000000000022,91.73909425948247,67.07086734495199,71.18451664347,93.60000000000014,0.0,0.0,13.014172356200508,109.60466543288696,80.1711591027377,1.3973879178480346,2.4990322755784806,13.014172356200508,109.60466543288696,0,True
12,78,0.025000000000000022,89.99222236194963,67.0634971624684,71.18451664347,93.60000000000014,0.0,0.0,11.260490405611652,111.74650100038903,84.2921785837393,1.3973566681840652,2.211292395538056,11.260490405611652,111.74650100038903,0,True
13,78,0.025000000000000022,89.49257426816555,67.07086734495199,71.18451664347,93.60000000000014,0.0,0.0,9.224380256050322,114.15133927955199,88.4058278822573,1.3973879178480346,1.8777696986483436,9.224380256050322,114.15133927955199,0,True
14,78,0.025000000000000022,89.48504539556912,67.0634971624684,71.18451664347,93.60000000000014,0.0,0.0,7.141320446430634,116.56950316564009,92.52684736325892,1.3973566681840652,1.4915006073715902,7.141320446430634,116.56950316564009,0,True
15,76,0.050000000000000044,88.90996636632957,65.35110151559425,69.42078089467482,91.20000000000013,0.0,0.0,5.074838797149631,117.23307625692922,96.59652674233948,1.3973879178480346,1.0514795004720023,5.074838797149631,117.23307625692922,0,True
16,76,0.050000000000000044,88.38319138650596,65.8102016956085,69.42078089467482,91.20000000000013,0.0,0.0,3.315797392350018,118.77551207096543,100.20710594140579,1.3895956315942612,0.5668108951303488,3.315797392350018,118.77551207096543,0,True
17,76,0.050000000000000044,88.46281796274071,66.17139678685781,69.42078089467482,91.20000000000013,0.0,0.0,2.3330366342682116,121.05749496265089,103.45649004922278,1.3814515729456054,0.03924928262252192,2.3330366342682116,121.05749496265089,0,True
18,74,0.07499999999999996,87.48889880512604,63.98519572382511,67.61006384964152,88.80000000000013,0.0,0.0,1.3454017416956103,121.93958800708026,107.0813581750392,1.3892126095354094,-0.5193774595053683,1.3454017416956103,121.93958800708026,0,True
19,74,0.07499999999999996,87.30866062732169,64.43004423983524,67.61006384964152,88.80000000000013,0.0,0.0,0.3239323175017721,122.40945795556485,110.26137778484546,1.3814515729456054,-0.5193774595053683,0.3239323175017721,122.40945795556485,0,True
20,73,0.08750000000000002,85.99322481774453,63.559367966323954,66.68691274323567,87.60000000000012,0.0,0.0,0.0,123.69230082031865,113.38892256175718,1.3814515729456054,-0.5193774595053683,0.0,123.69230082031865,0,True
21,73,0.08750000000000002,86.55272551576175,63.559367966323954,66.68691274323567,87.60000000000012,0.0,0.0,0.0,124.73957530455702,116.5164673386689,1.3814515729456054,-0.5193774595053683,0.0,124.73957530455702,0,True
22,73,0.08750000000000002,86.49945342332974,63.559367966323954,66.68691274323567,87.60000000000012,0.0,0.0,0.0,125.84012188122738,119.64401211558062,1.3814515729456054,-0.5193774595053683,0.0,125.84012188122738,0,True
23,73,0.08750000000000002,86.3736992115756,63.559367966323954,66.68691274323567,87.60000000000012,0.0,0.0,0.0,127.0664226696519,122.77155689249234,1.3814515729456054,-0.5193774595053683,0.0,127.0664226696519,0,True
24,73,0.08750000000000002,86.25821159055864,63.559367966323954,66.68691274323567,87.60000000000012,0.0,0.0,0.0,128.40821107909338,125.89910166940406,1.3814515729456054,-0.5193774595053683,0.0,128.40821107909338,0,True
25,73,0.08750000000000002,86.25821159055864,63.559367966323954,66.68691274323567,87.60000000000012,0.0,0.0,0.0,129.74999948853483,129.02664644631577,1.3814515729456054,-0.5193774595053683,0.0,129.74999948853483,0,True
26,73,0.08750000000000002,86.25821159055864,63.559367966323954,66.68691274323567,87.60000000000012,0.0,0.0,0.0,131.09178789797627,132.1541912232275,1.3814515729456054,-0.5193774595053683,0.0,131.09178789797627,0,True
27,72,0.09999999999999998,85.78155375729511,62.68869169281266,65.81057907544181,86.40000000000012,0.0,0.0,0.0,131.71023414068128,135.27607860585664,1.3814515729456054,-0.5193774595053683,0.0,131.71023414068128,0,True
28,72,0.09999999999999998,85.49413521267464,62.68869169281266,65.81057907544181,86.40000000000012,0.0,0.0,0.0,132.61609892800678,138.39796598848582,1.3814515729456054,-0.5193774595053683,0.0,132.61609892800678,0,True
29,72,0.09999999999999998,85.49413521267464,62.68869169281266,65.81057907544181,86.40000000000012,0.0,0.0,0.0,133.52196371533228,141.51985337111498,1.3814515729456054,-0.5193774595053683,0.0,133.52196371533228,0,True
30,71,0.11250000000000004,84.89409517281524,61.81801541930138,64.92317699444048,85.20000000000012,0.0,0.0,0.0,133.82786854251717,144.62501494625408,1.3814515729456054,-0.5193774595053683,0.0,133.82786854251717,0,True
31,71,0.11250000000000004,84.74834385097058,61.81801541930138,64.92317699444048,85.20000000000012,0.0,0.0,0.0,134.2795246915467,147.73017652139316,1.3814515729456054,-0.5193774595053683,0.0,134.2795246915467,0,True
32,71,0.11250000000000004,84.74834385097058,61.81801541930138,64.92317699444048,85.20000000000012,0.0,0.0,0.0,134.73118084057623,150.83533809653227,1.3814515729456054,-0.5193774595053683,0.0,134.73118084057623,0,True
33,71,0.11250000000000004,84.74834385097058,61.81801541930138,64.92317699444048,85.20000000000012,0.0,0.0,0.0,135.18283698960576,153.94049967167138,1.3814515729456054,-0.5193774595053683,0.0,135.18283698960576,0,True
34,71,0.11250000000000004,84.74834385097058,61.81801541930138,64.92317699444048,85.20000000000012,0.0,0.0,0.0,135.6344931386353,157.0456612468105,1.3814515729456054,-0.5193774595053683,0.0,135.6344931386353,0,True
35,71,0.11250000000000004,84.74834385097058,61.81801541930138,64.92317699444048,85.20000000000012,0.0,0.0,0.0,136.08614928766482,160.15082282194956,1.3814515729456054,-0.5193774595053683,0.0,136.08614928766482,0,True
36,70,0.125,84.0,60.94733914579008,64.023333687755,84.00000000000011,0.0,0.0,0.0,136.08614928766494,163.2268173639145,1.3814515729456054,-0.5193774595053683,0.0,136.08614928766494,0,True
37,70,0.125,84.0,60.94733914579008,64.023333687755,84.00000000000011,0.0,0.0,0.0,136.08614928766505,166.30281190587937,1.3814515729456054,-0.5193774595053683,0.0,136.08614928766505,0,True
38,70,0.125,84.0,60.94733914579008,64.023333687755,84.00000000000011,0.0,0.0,0.0,136.08614928766517,169.37880644784434,1.3814515729456054,-0.5193774595053683,0.0,136.08614928766517,0,True
39,69,0.13749999999999996,82.8,60.0766628722788,63.05696793065326,82.80000000000011,0.0,0.0,0.0,136.08614928766528,172.3591115062188,1.3814515729456054,-0.5193774595053683,0.0,136.08614928766528,0,True
40,69,0.13749999999999996,82.8,60.0766628722788,63.05696793065326,82.80000000000011,0.0,0.0,0.0,136.08614928766542,175.33941656459322,1.3814515729456054,-0.5193774595053683,0.0,136.08614928766542,0,True
41,68,0.15000000000000002,81.6,59.20598659876752,62.14609419230545,81.60000000000011,0.0,0.0,0.0,136.0861492876655,178.27952415813115,1.3814515729456054,-0.5193774595053683,0.0,136.0861492876655,0,True
42,68,0.15000000000000002,81.6,59.20598659876752,62.14609419230545,81.60000000000011,0.0,0.0,0.0,136.08614928766565,181.2196317516691,1.3814515729456054,-0.5193774595053683,0.0,136.08614928766565,0,True
43,67,0.16249999999999998,80.39999999999999,58.33531032525622,61.22869759841583,80.4000000000001,0.0,0.0,0.0,136.08614928766576,184.1130190248287,1.3814515729456054,-0.5193774595053683,0.0,136.08614928766576,0,True
44,67,0.16249999999999998,80.39999999999999,58.33531032525622,61.22869759841583,80.4000000000001,0.0,0.0,0.0,136.08614928766585,187.0064062979883,1.3814515729456054,-0.5193774595053683,0.0,136.08614928766585,0,True
45,66,0.17500000000000004,79.19999999999999,57.46463405174492,60.307780851182194,79.2000000000001,0.0,0.0,0.0,136.08614928766596,189.8495530974256,1.3814515729456054,-0.5193774595053683,0.0,136.08614928766596,0,True
46,65,0.1875,77.99999999999999,56.593957778233644,59.38462974477634,78.0000000000001,0.0,0.0,0.0,136.08614928766605,192.6402250639683,1.3814515729456054,-0.5193774595053683,0.0,136.08614928766605,0,True
47,65,0.1875,77.99999999999999,56.593957778233644,59.38462974477634,78.0000000000001,0.0,0.0,0.0,136.0861492876662,195.43089703051098,1.3814515729456054,-0.5193774595053683,0.0,136.0861492876662,0,True
48,65,0.1875,77.85766886383495,56.593957778233644,59.38462974477634,78.0000000000001,0.0,0.0,0.0,136.22848042383134,198.22156899705365,1.3814515729456054,-0.5193774595053683,0.0,136.22848042383134,0,True
49,65,0.1875,77.37236656386479,56.593957778233644,59.38462974477634,78.0000000000001,0.0,0.0,0.0,136.85611385996663,201.01224096359638,1.3814515729456054,-0.5193774595053683,0.0,136.85611385996663,0,True
50,64,0.19999999999999996,76.8,55.72328150472236,58.50829607698248,76.8000000000001,0.0,0.0,0.0,136.85611385996674,203.7972555358565,1.3814515729456054,-0.5193774595053683,0.0,136.85611385996674,0,True
51,64,0.19999999999999996,76.8,55.72328150472236,58.50829607698248,76.8000000000001,0.0,0.0,0.0,136.85611385996683,206.58227010811657,1.3814515729456054,-0.5193774595053683,0.0,136.85611385996683,0,True
52,64,0.19999999999999996,76.8,55.72328150472236,58.50829607698248,76.8000000000001,0.0,0.0,0.0,136.85611385996694,209.3672846803767,1.3814515729456054,-0.5193774595053683,0.0,136.85611385996694,0,True
53,64,0.19999999999999996,76.8,55.72328150472236,58.50829607698248,76.8000000000001,0.0,0.0,0.0,136.85611385996702,212.15229925263685,1.3814515729456054,-0.5193774595053683,0.0,136.85611385996702,0,True
54,64,0.19999999999999996,76.8,55.72328150472236,58.50829607698248,76.8000000000001,0.0,0.0,0.0,136.85611385996714,214.937313824897,1.3814515729456054,-0.5193774595053683,0.0,136.85611385996714,0,True
55,63,0.21250000000000002,75.6,54.85260523121107,57.62089399598114,75.6000000000001,0.0,0.0,0.0,136.85611385996722,217.70560258966705,1.3814515729456054,-0.5193774595053683,0.0,136.85611385996722,0,True
56,63,0.21250000000000002,75.6,54.85260523121107,57.62089399598114,75.6000000000001,0.0,0.0,0.0,136.8561138599673,220.47389135443711,1.3814515729456054,-0.5193774595053683,0.0,136.8561138599673,0,True
57,63,0.21250000000000002,75.6,54.85260523121107,57.62089399598114,75.6000000000001,0.0,0.0,0.0,136.85611385996742,223.2421801192072,1.3814515729456054,-0.5193774595053683,0.0,136.85611385996742,0,True
58,63,0.21250000000000002,75.6,54.85260523121107,57.62089399598114,75.6000000000001,0.0,0.0,0.0,136.8561138599675,226.01046888397727,1.3814515729456054,-0.5193774595053683,0.0,136.8561138599675,0,True
59,63,0.21250000000000002,75.6,54.85260523121107,57.62089399598114,75.6000000000001,0.0,0.0,0.0,136.8561138599676,228.77875764874736,1.3814515729456054,-0.5193774595053683,0.0,136.8561138599676,0,True
60,63,0.21250000000000002,75.6,54.85260523121107,57.62089399598114,75.6000000000001,0.0,0.0,0.0,136.8561138599677,231.54704641351742,1.3814515729456054,-0.5193774595053683,0.0,136.8561138599677,0,True
61,63,0.21250000000000002,75.6,54.85260523121107,57.62089399598114,75.6000000000001,0.0,0.0,0.0,136.85611385996776,234.31533517828748,1.3814515729456054,-0.5193774595053683,0.0,136.85611385996776,0,True
62,62,0.22499999999999998,74.39999999999999,53.98192895769977,56.721050689295666,74.40000000000009,0.0,0.0,0.0,136.85611385996788,237.05445690988336,1.3814515729456054,-0.5193774595053683,0.0,136.85611385996788,0,True
63,62,0.22499999999999998,74.39999999999999,53.98192895769977,56.721050689295666,74.40000000000009,0.0,0.0,0.0,136.85611385996796,239.79357864147926,1.3814515729456054,-0.5193774595053683,0.0,136.85611385996796,0,True
64,62,0.22499999999999998,74.39999999999999,53.98192895769977,56.721050689295666,74.40000000000009,0.0,0.0,0.0,136.85611385996805,242.5327003730752,1.3814515729456054,-0.5193774595053683,0.0,136.85611385996805,0,True
65,61,0.23750000000000004,73.2,53.11125268418849,55.754684932193925,73.20000000000009,0.0,0.0,0.0,136.85611385996813,245.17613262108063,1.3814515729456054,-0.5193774595053683,0.0,136.85611385996813,0,True
66,61,0.23750000000000004,73.2,53.11125268418849,55.754684932193925,73.20000000000009,0.0,0.0,0.0,136.85611385996822,247.81956486908604,1.3814515729456054,-0.5193774595053683,0.0,136.85611385996822,0,True
67,61,0.23750000000000004,73.2,53.11125268418849,55.754684932193925,73.20000000000009,0.0,0.0,0.0,136.8561138599683,250.4629971170915,1.3814515729456054,-0.5193774595053683,0.0,136.8561138599683,0,True
68,60,0.25,72.0,52.24057641067721,54.843811193846115,72.00000000000009,0.0,0.0,0.0,136.85611385996836,253.0662319002604,1.3814515729456054,-0.5193774595053683,0.0,136.85611385996836,0,True
69,60,0.25,72.0,52.24057641067721,54.843811193846115,72.00000000000009,0.0,0.0,0.0,136.85611385996847,255.6694666834293,1.3814515729456054,-0.5193774595053683,0.0,136.85611385996847,0,True
70,60,0.25,72.0,52.24057641067721,54.843811193846115,72.00000000000009,0.0,0.0,0.0,136.85611385996853,258.2727014665982,1.3814515729456054,-0.5193774595053683,0.0,136.85611385996853,0,True
71,59,0.26249999999999996,70.8,51.36990013716593,53.926414599956495,70.80000000000008,0.0,0.0,0.0,136.85611385996862,260.82921592938874,1.3814515729456054,-0.5193774595053683,0.0,136.85611385996862,0,True
72,59,0.26249999999999996,70.8,51.36990013716593,53.926414599956495,70.80000000000008,0.0,0.0,0.0,136.8561138599687,263.38573039217937,1.3814515729456054,-0.5193774595053683,0.0,136.8561138599687,0,True
73,58,0.275,69.6,50.499223863654635,53.00549785272287,69.60000000000008,0.0,0.0,0.0,136.8561138599688,265.8920043812476,1.3814515729456054,-0.5193774595053683,0.0,136.8561138599688,0,True
74,57,0.2875,68.4,49.628547590143334,52.082346746317015,68.40000000000008,0.0,0.0,0.0,136.85611385996887,268.34580353742126,1.3814515729456054,-0.5193774595053683,0.0,136.85611385996887,0,True
75,57,0.2875,68.4,49.628547590143334,52.082346746317015,68.40000000000008,0.0,0.0,0.0,136.85611385996893,270.7996026935949,1.3814515729456054,-0.5193774595053683,0.0,136.85611385996893,0,True
76,57,0.2875,68.4,49.628547590143334,52.082346746317015,68.40000000000008,0.0,0.0,0.0,136.85611385996899,273.2534018497686,1.3814515729456054,-0.5193774595053683,0.0,136.85611385996899,0,True
77,57,0.2875,68.4,49.628547590143334,52.082346746317015,68.40000000000008,0.0,0.0,0.0,136.85611385996907,275.70720100594224,1.3814515729456054,-0.5193774595053683,0.0,136.85611385996907,0,True
78,57,0.2875,68.4,49.628547590143334,52.082346746317015,68.40000000000008,0.0,0.0,0.0,136.85611385996916,278.16100016211595,1.3814515729456054,-0.5193774595053683,0.0,136.85611385996916,0,True
79,57,0.2875,68.4,49.628547590143334,52.082346746317015,68.40000000000008,0.0,0.0,0.0,136.85611385996918,280.6147993182896,1.3814515729456054,-0.5193774595053683,0.0,136.85611385996918,0,True
80,56,0.30000000000000004,67.2,48.757871316632055,51.206013078523156,67.20000000000007,0.0,0.0,0.0,136.8561138599693,283.06294108018074,1.3814515729456054,-0.5193774595053683,0.0,136.8561138599693,0,True
81,56,0.30000000000000004,67.2,48.757871316632055,51.206013078523156,67.20000000000007,0.0,0.0,0.0,136.85611385996935,285.51108284207186,1.3814515729456054,-0.5193774595053683,0.0,136.85611385996935,0,True
82,56,0.30000000000000004,67.2,48.757871316632055,51.206013078523156,67.20000000000007,0.0,0.0,0.0,136.85611385996944,287.9592246039629,1.3814515729456054,-0.5193774595053683,0.0,136.85611385996944,0,True
83,56,0.30000000000000004,67.2,48.757871316632055,51.206013078523156,67.20000000000007,0.0,0.0,0.0,136.85611385996953,290.40736636585405,1.3814515729456054,-0.5193774595053683,0.0,136.85611385996953,0,True
84,56,0.30000000000000004,67.2,48.757871316632055,51.206013078523156,67.20000000000007,0.0,0.0,0.0,136.8561138599696,292.8555081277451,1.3814515729456054,-0.5193774595053683,0.0,136.8561138599696,0,True
85,56,0.30000000000000004,67.2,48.757871316632055,51.206013078523156,67.20000000000007,0.0,0.0,0.0,136.85611385996967,295.30364988963623,1.3814515729456054,-0.5193774595053683,0.0,136.85611385996967,0,True
86,55,0.3125,66.0,47.88719504312077,50.31861099752182,66.00000000000007,0.0,0.0,0.0,136.85611385996972,297.7350658440373,1.3814515729456054,-0.5193774595053683,0.0,136.85611385996972,0,True
87,55,0.3125,66.0,47.88719504312077,50.31861099752182,66.00000000000007,0.0,0.0,0.0,136.8561138599698,300.1664817984384,1.3814515729456054,-0.5193774595053683,0.0,136.8561138599698,0,True
88,55,0.3125,66.0,47.88719504312077,50.31861099752182,66.00000000000007,0.0,0.0,0.0,136.8561138599699,302.5978977528394,1.3814515729456054,-0.5193774595053683,0.0,136.8561138599699,0,True
89,55,0.3125,66.0,47.88719504312077,50.31861099752182,66.00000000000007,0.0,0.0,0.0,136.85611385996995,305.0293137072405,1.3814515729456054,-0.5193774595053683,0.0,136.85611385996995,0,True
90,55,0.3125,66.0,47.88719504312077,50.31861099752182,66.00000000000007,0.0,0.0,0.0,136.85611385997,307.46072966164155,1.3814515729456054,-0.5193774595053683,0.0,136.85611385997,0,True
91,55,0.3125,66.0,47.88719504312077,50.31861099752182,66.00000000000007,0.0,0.0,0.0,136.8561138599701,309.8921456160426,1.3814515729456054,-0.5193774595053683,0.0,136.8561138599701,0,True
92,55,0.3125,66.0,47.88719504312077,50.31861099752182,66.00000000000007,0.0,0.0,0.0,136.85611385997018,312.32356157044364,1.3814515729456054,-0.5193774595053683,0.0,136.85611385997018,0,True
93,54,0.32499999999999996,64.8,47.016518769609476,49.35224524042008,64.80000000000007,0.0,0.0,0.0,136.85611385997024,314.6592880412543,1.3814515729456054,-0.5193774595053683,0.0,136.85611385997024,0,True
94,53,0.3375,63.599999999999994,46.14584249609818,48.4524019337346,63.600000000000065,0.0,0.0,0.0,136.8561138599703,316.9658474788907,1.3814515729456054,-0.5193774595053683,0.0,136.8561138599703,0,True
95,53,0.3375,63.599999999999994,46.14584249609818,48.4524019337346,63.600000000000065,0.0,0.0,0.0,136.85611385997038,319.2724069165271,1.3814515729456054,-0.5193774595053683,0.0,136.85611385997038,0,True
96,53,0.3375,63.599999999999994,46.14584249609818,48.4524019337346,63.600000000000065,0.0,0.0,0.0,136.85611385997043,321.5789663541635,1.3814515729456054,-0.5193774595053683,0.0,136.85611385997043,0,True
97,53,0.3375,63.599999999999994,46.14584249609818,48.4524019337346,63.600000000000065,0.0,0.0,0.0,136.8561138599705,323.8855257917999,1.3814515729456054,-0.5193774595053683,0.0,136.8561138599705,0,True
98,53,0.3375,63.599999999999994,46.14584249609818,48.4524019337346,63.600000000000065,0.0,0.0,0.0,136.85611385997052,326.1920852294363,1.3814515729456054,-0.5193774595053683,0.0,136.85611385997052,0,True
99,52,0.35,62.4,45.275166222586904,47.54152819538679,62.40000000000006,0.0,0.0,0.0,136.8561138599706,328.45844720223624,1.3814515729456054,-0.5193774595053683,0.0,136.8561138599706,0,True
100,52,0.35,62.4,45.275166222586904,47.54152819538679,62.40000000000006,0.0,0.0,0.0,136.85611385997066,330.72480917503617,1.3814515729456054,-0.5193774595053683,0.0,136.85611385997066,0,True
101,52,0.35,62.4,45.275166222586904,47.54152819538679,62.40000000000006,0.0,0.0,0.0,136.85611385997075,332.991171147836,1.3814515729456054,-0.5193774595053683,0.0,136.85611385997075,0,True
102,52,0.35,62.4,45.275166222586904,47.54152819538679,62.40000000000006,0.0,0.0,0.0,136.8561138599708,335.2575331206359,1.3814515729456054,-0.5193774595053683,0.0,136.8561138599708,0,True
103,51,0.36250000000000004,61.2,44.40448994907562,46.62413160149717,61.20000000000006,0.0,0.0,0.0,136.85611385997086,337.4771747730575,1.3814515729456054,-0.5193774595053683,0.0,136.85611385997086,0,True
104,50,0.375,60.0,43.53381367556433,45.70321485426354,60.00000000000006,0.0,0.0,0.0,136.85611385997092,339.6465759517567,1.3814515729456054,-0.5193774595053683,0.0,136.85611385997092,0,True
105,49,0.38749999999999996,58.80000000000001,42.66313740205304,44.78006374785769,58.800000000000054,0.0,0.0,0.0,136.856113859971,341.7635022975614,1.3814515729456054,-0.5193774595053683,0.0,136.856113859971,0,True
106,49,0.38749999999999996,58.80000000000001,42.66313740205304,44.78006374785769,58.800000000000054,0.0,0.0,0.0,136.85611385997106,343.880428643366,1.3814515729456054,-0.5193774595053683,0.0,136.85611385997106,0,True
107,49,0.38749999999999996,58.80000000000001,42.66313740205304,44.78006374785769,58.800000000000054,0.0,0.0,0.0,136.85611385997112,345.9973549891707,1.3814515729456054,-0.5193774595053683,0.0,136.85611385997112,0,True
108,49,0.38749999999999996,58.80000000000001,42.66313740205304,44.78006374785769,58.800000000000054,0.0,0.0,0.0,136.85611385997117,348.1142813349753,1.3814515729456054,-0.5193774595053683,0.0,136.85611385997117,0,True
109,49,0.38749999999999996,58.80000000000001,42.66313740205304,44.78006374785769,58.800000000000054,0.0,0.0,0.0,136.85611385997123,350.23120768077996,1.3814515729456054,-0.5193774595053683,0.0,136.85611385997123,0,True
110,49,0.38749999999999996,58.80000000000001,42.66313740205304,44.78006374785769,58.800000000000054,0.0,0.0,0.0,136.8561138599713,352.3481340265846,1.3814515729456054,-0.5193774595053683,0.0,136.8561138599713,0,True
111,49,0.38749999999999996,58.80000000000001,42.66313740205304,44.78006374785769,58.800000000000054,0.0,0.0,0.0,136.85611385997134,354.4650603723893,1.3814515729456054,-0.5193774595053683,0.0,136.85611385997134,0,True
112,49,0.38749999999999996,58.80000000000001,42.66313740205304,44.78006374785769,58.800000000000054,0.0,0.0,0.0,136.8561138599714,356.5819867181939,1.3814515729456054,-0.5193774595053683,0.0,136.8561138599714,0,True
113,49,0.38749999999999996,58.80000000000001,42.66313740205304,44.78006374785769,58.800000000000054,0.0,0.0,0.0,136.8561138599715,358.6989130639986,1.3814515729456054,-0.5193774595053683,0.0,136.8561138599715,0,True
114,49,0.38749999999999996,58.80000000000001,42.66313740205304,44.78006374785769,58.800000000000054,0.0,0.0,0.0,136.85611385997154,360.8158394098032,1.3814515729456054,-0.5193774595053683,0.0,136.85611385997154,0,True
115,49,0.38749999999999996,58.80000000000001,42.66313740205304,44.78006374785769,58.800000000000054,0.0,0.0,0.0,136.8561138599716,362.9327657556079,1.3814515729456054,-0.5193774595053683,0.0,136.8561138599716,0,True
116,49,0.38749999999999996,58.80000000000001,42.66313740205304,44.78006374785769,58.800000000000054,0.0,0.0,0.0,136.85611385997166,365.0496921014125,1.3814515729456054,-0.5193774595053683,0.0,136.85611385997166,0,True
117,48,0.4,57.60000000000001,41.79246112854175,43.90373008006384,57.60000000000005,0.0,0.0,0.0,136.8561138599717,367.1609610529346,1.3814515729456054,-0.5193774595053683,0.0,136.8561138599717,0,True
118,48,0.4,57.60000000000001,41.79246112854175,43.90373008006384,57.60000000000005,0.0,0.0,0.0,136.85611385997177,369.2722300044567,1.3814515729456054,-0.5193774595053683,0.0,136.85611385997177,0,True
119,48,0.4,57.60000000000001,41.79246112854175,43.90373008006384,57.60000000000005,0.0,0.0,0.0,136.85611385997186,371.3834989559788,1.3814515729456054,-0.5193774595053683,0.0,136.85611385997186,0,True
120,48,0.4,57.60000000000001,41.79246112854175,43.90373008006384,57.60000000000005,0.0,0.0,0.0,136.8561138599719,373.49476790750083,1.3814515729456054,-0.5193774595053683,0.0,136.8561138599719,0,True
121,48,0.4,57.60000000000001,41.79246112854175,43.90373008006384,57.60000000000005,0.0,0.0,0.0,136.85611385997197,375.60603685902294,1.3814515729456054,-0.5193774595053683,0.0,136.85611385997197,0,True
122,48,0.4,57.60000000000001,41.79246112854175,43.90373008006384,57.60000000000005,0.0,0.0,0.0,136.85611385997203,377.717305810545,1.3814515729456054,-0.5193774595053683,0.0,136.85611385997203,0,True
123,48,0.4,57.60000000000001,41.79246112854175,43.90373008006384,57.60000000000005,0.0,0.0,0.0,136.85611385997208,379.8285747620671,1.3814515729456054,-0.5193774595053683,0.0,136.85611385997208,0,True
124,48,0.4,57.60000000000001,41.79246112854175,43.90373008006384,57.60000000000005,0.0,0.0,0.0,136.85611385997214,381.9398437135892,1.3814515729456054,-0.5193774595053683,0.0,136.85611385997214,0,True
125,48,0.4,57.60000000000001,41.79246112854175,43.90373008006384,57.60000000000005,0.0,0.0,0.0,136.85611385997217,384.0511126651113,1.3814515729456054,-0.5193774595053683,0.0,136.85611385997217,0,True
126,46,0.42500000000000004,55.2,40.05110858151918,42.049962241960756,55.200000000000045,0.0,0.0,0.0,136.85611385997225,386.0499663255528,1.3814515729456054,-0.5193774595053683,0.0,136.85611385997225,0,True
127,46,0.42500000000000004,55.2,40.05110858151918,42.049962241960756,55.200000000000045,0.0,0.0,0.0,136.8561138599723,388.04881998599444,1.3814515729456054,-0.5193774595053683,0.0,136.8561138599723,0,True
128,46,0.42500000000000004,55.2,40.05110858151918,42.049962241960756,55.200000000000045,0.0,0.0,0.0,136.85611385997234,390.047673646436,1.3814515729456054,-0.5193774595053683,0.0,136.85611385997234,0,True
129,46,0.42500000000000004,55.2,40.05110858151918,42.049962241960756,55.200000000000045,0.0,0.0,0.0,136.8561138599724,392.04652730687764,1.3814515729456054,-0.5193774595053683,0.0,136.8561138599724,0,True
130,46,0.42500000000000004,55.2,40.05110858151918,42.049962241960756,55.200000000000045,0.0,0.0,0.0,136.85611385997248,394.04538096731915,1.3814515729456054,-0.5193774595053683,0.0,136.85611385997248,0,True
131,46,0.42500000000000004,55.2,40.05110858151918,42.049962241960756,55.200000000000045,0.0,0.0,0.0,136.8561138599725,396.0442346277608,1.3814515729456054,-0.5193774595053683,0.0,136.8561138599725,0,True
132,45,0.4375,54.0,39.18043230800788,41.15011893527527,54.00000000000004,0.0,0.0,0.0,136.85611385997257,398.01392125502815,1.3814515729456054,-0.5193774595053683,0.0,136.85611385997257,0,True
133,45,0.4375,54.0,39.18043230800788,41.15011893527527,54.00000000000004,0.0,0.0,0.0,136.8561138599726,399.98360788229553,1.3814515729456054,-0.5193774595053683,0.0,136.8561138599726,0,True
134,45,0.4375,54.0,39.18043230800788,41.15011893527527,54.00000000000004,0.0,0.0,0.0,136.85611385997265,401.9532945095629,1.3814515729456054,-0.5193774595053683,0.0,136.85611385997265,0,True
135,45,0.4375,54.0,39.18043230800788,41.15011893527527,54.00000000000004,0.0,0.0,0.0,136.8561138599727,403.9229811368303,1.3814515729456054,-0.5193774595053683,0.0,136.8561138599727,0,True
136,45,0.4375,54.0,39.18043230800788,41.15011893527527,54.00000000000004,0.0,0.0,0.0,136.85611385997277,405.89266776409767,1.3814515729456054,-0.5193774595053683,0.0,136.85611385997277,0,True
137,45,0.4375,54.0,39.18043230800788,41.15011893527527,54.00000000000004,0.0,0.0,0.0,136.85611385997277,407.862354391365,1.3814515729456054,-0.5193774595053683,0.0,136.85611385997277,0,True
138,44,0.44999999999999996,52.8,38.3097560344966,40.23924519692746,52.80000000000004,0.0,0.0,0.0,136.85611385997282,409.7918435537959,1.3814515729456054,-0.5193774595053683,0.0,136.85611385997282,0,True
139,44,0.44999999999999996,52.8,38.3097560344966,40.23924519692746,52.80000000000004,0.0,0.0,0.0,136.85611385997285,411.72133271622675,1.3814515729456054,-0.5193774595053683,0.0,136.85611385997285,0,True
140,44,0.44999999999999996,52.8,38.3097560344966,40.23924519692746,52.80000000000004,0.0,0.0,0.0,136.85611385997294,413.65082187865767,1.3814515729456054,-0.5193774595053683,0.0,136.85611385997294,0,True
141,43,0.4625,51.599999999999994,37.439079760985315,39.32184860303784,51.60000000000004,0.0,0.0,0.0,136.85611385997296,415.5335907207102,1.3814515729456054,-0.5193774595053683,0.0,136.85611385997296,0,True
142,43,0.4625,51.599999999999994,37.439079760985315,39.32184860303784,51.60000000000004,0.0,0.0,0.0,136.856113859973,417.41635956276264,1.3814515729456054,-0.5193774595053683,0.0,136.856113859973,0,True
143,42,0.475,50.4,36.56840348747403,38.40093185580422,50.400000000000034,0.0,0.0,0.0,136.85611385997305,419.2488879310929,1.3814515729456054,-0.5193774595053683,0.0,136.85611385997305,0,True
144,41,0.48750000000000004,49.2,35.697727213962736,37.47778074939836,49.20000000000003,0.0,0.0,0.0,136.85611385997308,421.0289414665285,1.3814515729456054,-0.5193774595053683,0.0,136.85611385997308,0,True
145,41,0.48750000000000004,49.2,35.697727213962736,37.47778074939836,49.20000000000003,0.0,0.0,0.0,136.85611385997308,422.80899500196415,1.3814515729456054,-0.5193774595053683,0.0,136.85611385997308,0,True
146,41,0.48750000000000004,49.2,35.697727213962736,37.47778074939836,49.20000000000003,0.0,0.0,0.0,136.8561138599731,424.5890485373998,1.3814515729456054,-0.5193774595053683,0.0,136.8561138599731,0,True
147,41,0.48750000000000004,49.2,35.697727213962736,37.47778074939836,49.20000000000003,0.0,0.0,0.0,136.85611385997316,426.36910207283535,1.3814515729456054,-0.5193774595053683,0.0,136.85611385997316,0,True
148,41,0.48750000000000004,49.2,35.697727213962736,37.47778074939836,49.20000000000003,0.0,0.0,0.0,136.8561138599732,428.14915560827103,1.3814515729456054,-0.5193774595053683,0.0,136.8561138599732,0,True
149,41,0.48750000000000004,49.2,35.697727213962736,37.47778074939836,49.20000000000003,0.0,0.0,0.0,136.8561138599732,429.92920914370666,1.3814515729456054,-0.5193774595053683,0.0,136.8561138599732,0,True
150,41,0.48750000000000004,49.2,35.697727213962736,37.47778074939836,49.20000000000003,0.0,0.0,0.0,136.85611385997325,431.7092626791422,1.3814515729456054,-0.5193774595053683,0.0,136.85611385997325,0,True
151,41,0.48750000000000004,49.2,35.697727213962736,37.47778074939836,49.20000000000003,0.0,0.0,0.0,136.85611385997328,433.4893162145779,1.3814515729456054,-0.5193774595053683,0.0,136.85611385997328,0,True
152,41,0.48750000000000004,49.2,35.697727213962736,37.47778074939836,49.20000000000003,0.0,0.0,0.0,136.8561138599733,435.26936975001354,1.3814515729456054,-0.5193774595053683,0.0,136.8561138599733,0,True
153,41,0.48750000000000004,49.2,35.697727213962736,37.47778074939836,49.20000000000003,0.0,0.0,0.0,136.85611385997333,437.0494232854492,1.3814515729456054,-0.5193774595053683,0.0,136.85611385997333,0,True
154,41,0.48750000000000004,49.2,35.697727213962736,37.47778074939836,49.20000000000003,0.0,0.0,0.0,136.85611385997336,438.8294768208848,1.3814515729456054,-0.5193774595053683,0.0,136.85611385997336,0,True
155,41,0.48750000000000004,49.2,35.697727213962736,37.47778074939836,49.20000000000003,0.0,0.0,0.0,136.8561138599734,440.60953035632036,1.3814515729456054,-0.5193774595053683,0.0,136.8561138599734,0,True
156,41,0.48750000000000004,49.2,35.697727213962736,37.47778074939836,49.20000000000003,0.0,0.0,0.0,136.85611385997345,442.38958389175605,1.3814515729456054,-0.5193774595053683,0.0,136.85611385997345,0,True
157,41,0.48750000000000004,49.2,35.697727213962736,37.47778074939836,49.20000000000003,0.0,0.0,0.0,136.85611385997345,444.1696374271917,1.3814515729456054,-0.5193774595053683,0.0,136.85611385997345,0,True
158,41,0.48750000000000004,49.2,35.697727213962736,37.47778074939836,49.20000000000003,0.0,0.0,0.0,136.85611385997348,445.94969096262724,1.3814515729456054,-0.5193774595053683,0.0,136.85611385997348,0,True
159,41,0.48750000000000004,49.2,35.697727213962736,37.47778074939836,49.20000000000003,0.0,0.0,0.0,136.8561138599735,447.7297444980629,1.3814515729456054,-0.5193774595053683,0.0,136.8561138599735,0,True
160,41,0.48750000000000004,49.2,35.697727213962736,37.47778074939836,49.20000000000003,0.0,0.0,0.0,136.85611385997356,449.50979803349856,1.3814515729456054,-0.5193774595053683,0.0,136.85611385997356,0,True
161,41,0.48750000000000004,49.2,35.697727213962736,37.47778074939836,49.20000000000003,0.0,0.0,0.0,136.85611385997356,451.2898515689342,1.3814515729456054,-0.5193774595053683,0.0,136.85611385997356,0,True
162,41,0.48750000000000004,49.2,35.697727213962736,37.47778074939836,49.20000000000003,0.0,0.0,0.0,136.8561138599736,453.06990510436975,1.3814515729456054,-0.5193774595053683,0.0,136.8561138599736,0,True
163,41,0.48750000000000004,49.2,35.697727213962736,37.47778074939836,49.20000000000003,0.0,0.0,0.0,136.85611385997362,454.8499586398054,1.3814515729456054,-0.5193774595053683,0.0,136.85611385997362,0,True
164,41,0.48750000000000004,49.2,35.697727213962736,37.47778074939836,49.20000000000003,0.0,0.0,0.0,136.85611385997368,456.63001217524106,1.3814515729456054,-0.5193774595053683,0.0,136.85611385997368,0,True
165,41,0.48750000000000004,49.2,35.697727213962736,37.47778074939836,49.20000000000003,0.0,0.0,0.0,136.85611385997368,458.41006571067663,1.3814515729456054,-0.5193774595053683,0.0,136.85611385997368,0,True
166,41,0.48750000000000004,49.2,35.697727213962736,37.47778074939836,49.20000000000003,0.0,0.0,0.0,136.85611385997373,460.1901192461122,1.3814515729456054,-0.5193774595053683,0.0,136.85611385997373,0,True
167,40,0.5,48.0,34.82705094045144,36.51141499229662,48.00000000000003,0.0,0.0,0.0,136.85611385997376,461.87448329795745,1.3814515729456054,-0.5193774595053683,0.0,136.85611385997376,0,True
168,40,0.5,48.0,34.82705094045144,36.51141499229662,48.00000000000003,0.0,0.0,0.0,136.8561138599738,463.55884734980265,1.3814515729456054,-0.5193774595053683,0.0,136.8561138599738,0,True
169,40,0.5,48.0,34.82705094045144,36.51141499229662,48.00000000000003,0.0,0.0,0.0,136.85611385997382,465.2432114016478,1.3814515729456054,-0.5193774595053683,0.0,136.85611385997382,0,True
170,39,0.5125,46.8,33.956374666940164,35.63508132450277,46.800000000000026,0.0,0.0,0.0,136.85611385997385,466.9219180592105,1.3814515729456054,-0.5193774595053683,0.0,136.85611385997385,0,True
171,39,0.5125,46.8,33.956374666940164,35.63508132450277,46.800000000000026,0.0,0.0,0.0,136.85611385997387,468.60062471677304,1.3814515729456054,-0.5193774595053683,0.0,136.85611385997387,0,True
172,39,0.5125,46.8,33.956374666940164,35.63508132450277,46.800000000000026,0.0,0.0,0.0,136.8561138599739,470.2793313743356,1.3814515729456054,-0.5193774595053683,0.0,136.8561138599739,0,True
173,39,0.5125,46.8,33.956374666940164,35.63508132450277,46.800000000000026,0.0,0.0,0.0,136.8561138599739,471.9580380318981,1.3814515729456054,-0.5193774595053683,0.0,136.8561138599739,0,True
174,39,0.5125,46.8,33.956374666940164,35.63508132450277,46.800000000000026,0.0,0.0,0.0,136.85611385997393,473.63674468946084,1.3814515729456054,-0.5193774595053683,0.0,136.85611385997393,0,True
175,39,0.5125,46.8,33.956374666940164,35.63508132450277,46.800000000000026,0.0,0.0,0.0,136.856113859974,475.31545134702344,1.3814515729456054,-0.5193774595053683,0.0,136.856113859974,0,True
176,39,0.5125,46.8,33.956374666940164,35.63508132450277,46.800000000000026,0.0,0.0,0.0,136.85611385997402,476.994158004586,1.3814515729456054,-0.5193774595053683,0.0,136.85611385997402,0,True
177,38,0.525,45.6,33.08569839342888,34.74767924350144,45.60000000000002,0.0,0.0,0.0,136.85611385997402,478.65613885465854,1.3814515729456054,-0.5193774595053683,0.0,136.85611385997402,0,True
178,38,0.525,45.6,33.08569839342888,34.74767924350144,45.60000000000002,0.0,0.0,0.0,136.85611385997404,480.31811970473115,1.3814515729456054,-0.5193774595053683,0.0,136.85611385997404,0,True
179,38,0.525,45.6,33.08569839342888,34.74767924350144,45.60000000000002,0.0,0.0,0.0,136.85611385997407,481.9801005548037,1.3814515729456054,-0.5193774595053683,0.0,136.85611385997407,0,True
180,38,0.525,45.6,33.08569839342888,34.74767924350144,45.60000000000002,0.0,0.0,0.0,136.8561138599741,483.6420814048762,1.3814515729456054,-0.5193774595053683,0.0,136.8561138599741,0,True
181,38,0.525,45.6,33.08569839342888,34.74767924350144,45.60000000000002,0.0,0.0,0.0,136.8561138599741,485.3040622549487,1.3814515729456054,-0.5193774595053683,0.0,136.8561138599741,0,True
182,38,0.525,45.6,33.08569839342888,34.74767924350144,45.60000000000002,0.0,0.0,0.0,136.85611385997413,486.96604310502136,1.3814515729456054,-0.5193774595053683,0.0,136.85611385997413,0,True
183,38,0.525,45.6,33.08569839342888,34.74767924350144,45.60000000000002,0.0,0.0,0.0,136.85611385997416,488.6280239550939,1.3814515729456054,-0.5193774595053683,0.0,136.85611385997416,0,True
184,38,0.525,45.6,33.08569839342888,34.74767924350144,45.60000000000002,0.0,0.0,0.0,136.8561138599742,490.29000480516646,1.3814515729456054,-0.5193774595053683,0.0,136.8561138599742,0,True
185,37,0.5375,44.4,32.215022119917585,33.847835936815954,44.40000000000002,0.0,0.0,0.0,136.85611385997422,491.9228186220648,1.3814515729456054,-0.5193774595053683,0.0,136.85611385997422,0,True
186,37,0.5375,44.4,32.215022119917585,33.847835936815954,44.40000000000002,0.0,0.0,0.0,136.85611385997422,493.5556324389631,1.3814515729456054,-0.5193774595053683,0.0,136.85611385997422,0,True
187,37,0.5375,44.4,32.215022119917585,33.847835936815954,44.40000000000002,0.0,0.0,0.0,136.85611385997422,495.1884462558615,1.3814515729456054,-0.5193774595053683,0.0,136.85611385997422,0,True
188,37,0.5375,44.4,32.215022119917585,33.847835936815954,44.40000000000002,0.0,0.0,0.0,136.85611385997424,496.8212600727598,1.3814515729456054,-0.5193774595053683,0.0,136.85611385997424,0,True
189,37,0.5375,44.4,32.215022119917585,33.847835936815954,44.40000000000002,0.0,0.0,0.0,136.85611385997424,498.45407388965816,1.3814515729456054,-0.5193774595053683,0.0,136.85611385997424,0,True
190,37,0.5375,44.4,32.215022119917585,33.847835936815954,44.40000000000002,0.0,0.0,0.0,136.8561138599743,500.0868877065566,1.3814515729456054,-0.5193774595053683,0.0,136.8561138599743,0,True
191,37,0.5375,44.4,32.215022119917585,33.847835936815954,44.40000000000002,0.0,0.0,0.0,136.8561138599743,501.7197015234549,1.3814515729456054,-0.5193774595053683,0.0,136.8561138599743,0,True
192,36,0.55,43.199999999999996,31.344345846406302,32.936962198468144,43.20000000000002,0.0,0.0,0.0,136.85611385997433,503.31231787551667,1.3814515729456054,-0.5193774595053683,0.0,136.85611385997433,0,True
193,36,0.55,43.199999999999996,31.344345846406302,32.936962198468144,43.20000000000002,0.0,0.0,0.0,136.85611385997433,504.90493422757856,1.3814515729456054,-0.5193774595053683,0.0,136.85611385997433,0,True
194,36,0.55,43.199999999999996,31.344345846406302,32.936962198468144,43.20000000000002,0.0,0.0,0.0,136.85611385997436,506.49755057964046,1.3814515729456054,-0.5193774595053683,0.0,136.85611385997436,0,True
195,35,0.5625,41.99999999999999,30.47366957289501,32.019565604578524,42.000000000000014,0.0,0.0,0.0,136.85611385997436,508.04344661132393,1.3814515729456054,-0.5193774595053683,0.0,136.85611385997436,0,True
196,34,0.575,40.8,29.602993299383726,31.098648857344894,40.80000000000001,0.0,0.0,0.0,136.85611385997436,509.5391021692851,1.3814515729456054,-0.5193774595053683,0.0,136.85611385997436,0,True
197,33,0.5875,39.599999999999994,28.732317025872433,30.17549775093904,39.60000000000001,0.0,0.0,0.0,136.85611385997439,510.9822828943517,1.3814515729456054,-0.5193774595053683,0.0,136.85611385997439,0,True
198,33,0.5875,39.599999999999994,28.732317025872433,30.17549775093904,39.60000000000001,0.0,0.0,0.0,136.85611385997439,512.4254636194183,1.3814515729456054,-0.5193774595053683,0.0,136.85611385997439,0,True
199,33,0.5875,39.599999999999994,28.732317025872433,30.17549775093904,39.60000000000001,0.0,0.0,0.0,136.85611385997439,513.868644344485,1.3814515729456054,-0.5193774595053683,0.0,136.85611385997439,0,True
200,33,0.5875,39.599999999999994,28.732317025872433,30.17549775093904,39.60000000000001,0.0,0.0,0.0,136.85611385997439,515.3118250695516,1.3814515729456054,-0.5193774595053683,0.0,136.85611385997439,0,True
201,33,0.5875,39.599999999999994,28.732317025872433,30.17549775093904,39.60000000000001,0.0,0.0,0.0,136.85611385997439,516.7550057946182,1.3814515729456054,-0.5193774595053683,0.0,136.85611385997439,0,True
202,33,0.5875,39.599999999999994,28.732317025872433,30.17549775093904,39.60000000000001,0.0,0.0,0.0,136.85611385997439,518.1981865196849,1.3814515729456054,-0.5193774595053683,0.0,136.85611385997439,0,True
203,33,0.5875,39.599999999999994,28.732317025872433,30.17549775093904,39.60000000000001,0.0,0.0,0.0,136.85611385997439,519.6413672447516,1.3814515729456054,-0.5193774595053683,0.0,136.85611385997439,0,True
204,33,0.5875,39.599999999999994,28.732317025872433,30.17549775093904,39.60000000000001,0.0,0.0,0.0,136.8561138599744,521.084547969818,1.3814515729456054,-0.5193774595053683,0.0,136.8561138599744,0,True
205,33,0.5875,39.599999999999994,28.732317025872433,30.17549775093904,39.60000000000001,0.0,0.0,0.0,136.8561138599744,522.5277286948848,1.3814515729456054,-0.5193774595053683,0.0,136.8561138599744,0,True
206,33,0.5875,39.599999999999994,28.732317025872433,30.17549775093904,39.60000000000001,0.0,0.0,0.0,136.8561138599744,523.9709094199513,1.3814515729456054,-0.5193774595053683,0.0,136.8561138599744,0,True
207,33,0.5875,39.599999999999994,28.732317025872433,30.17549775093904,39.60000000000001,0.0,0.0,0.0,136.8561138599744,525.414090145018,1.3814515729456054,-0.5193774595053683,0.0,136.8561138599744,0,True
208,33,0.5875,39.599999999999994,28.732317025872433,30.17549775093904,39.60000000000001,0.0,0.0,0.0,136.8561138599744,526.8572708700846,1.3814515729456054,-0.5193774595053683,0.0,136.8561138599744,0,True
209,33,0.5875,39.599999999999994,28.732317025872433,30.17549775093904,39.60000000000001,0.0,0.0,0.0,136.85611385997444,528.3004515951512,1.3814515729456054,-0.5193774595053683,0.0,136.85611385997444,0,True
210,33,0.5875,39.599999999999994,28.732317025872433,30.17549775093904,39.60000000000001,0.0,0.0,0.0,136.85611385997444,529.7436323202179,1.3814515729456054,-0.5193774595053683,0.0,136.85611385997444,0,True
211,33,0.5875,39.599999999999994,28.732317025872433,30.17549775093904,39.60000000000001,0.0,0.0,0.0,136.85611385997444,531.1868130452846,1.3814515729456054,-0.5193774595053683,0.0,136.85611385997444,0,True
212,32,0.6,38.4,27.861640752361147,29.2091319938373,38.400000000000006,0.0,0.0,0.0,136.85611385997444,532.5343042867606,1.3814515729456054,-0.5193774595053683,0.0,136.85611385997444,0,True
213,32,0.6,38.4,27.861640752361147,29.2091319938373,38.400000000000006,0.0,0.0,0.0,136.85611385997444,533.8817955282368,1.3814515729456054,-0.5193774595053683,0.0,136.85611385997444,0,True
214,32,0.6,38.4,27.861640752361147,29.2091319938373,38.400000000000006,0.0,0.0,0.0,136.85611385997447,535.229286769713,1.3814515729456054,-0.5193774595053683,0.0,136.85611385997447,0,True
215,32,0.6,38.4,27.861640752361147,29.2091319938373,38.400000000000006,0.0,0.0,0.0,136.85611385997444,536.5767780111892,1.3814515729456054,-0.5193774595053683,0.0,136.85611385997444,0,True
216,32,0.6,38.4,27.861640752361147,29.2091319938373,38.400000000000006,0.0,0.0,0.0,136.85611385997447,537.9242692526653,1.3814515729456054,-0.5193774595053683,0.0,136.85611385997447,0,True
217,32,0.6,38.4,27.861640752361147,29.2091319938373,38.400000000000006,0.0,0.0,0.0,136.85611385997444,539.2717604941414,1.3814515729456054,-0.5193774595053683,0.0,136.85611385997444,0,True
218,32,0.6,38.4,27.861640752361147,29.2091319938373,38.400000000000006,0.0,0.0,0.0,136.85611385997444,540.6192517356176,1.3814515729456054,-0.5193774595053683,0.0,136.85611385997444,0,True
219,32,0.6,38.4,27.861640752361147,29.2091319938373,38.400000000000006,0.0,0.0,0.0,136.85611385997444,541.9667429770939,1.3814515729456054,-0.5193774595053683,0.0,136.85611385997444,0,True
220,32,0.6,38.4,27.861640752361147,29.2091319938373,38.400000000000006,0.0,0.0,0.0,136.85611385997444,543.3142342185699,1.3814515729456054,-0.5193774595053683,0.0,136.85611385997444,0,True
221,32,0.6,38.4,27.861640752361147,29.2091319938373,38.400000000000006,0.0,0.0,0.0,136.85611385997444,544.6617254600461,1.3814515729456054,-0.5193774595053683,0.0,136.85611385997444,0,True
222,32,0.6,38.4,27.861640752361147,29.2091319938373,38.400000000000006,0.0,0.0,0.0,136.85611385997447,546.0092167015223,1.3814515729456054,-0.5193774595053683,0.0,136.85611385997447,0,True
223,32,0.6,38.4,27.861640752361147,29.2091319938373,38.400000000000006,0.0,0.0,0.0,136.85611385997444,547.3567079429985,1.3814515729456054,-0.5193774595053683,0.0,136.85611385997444,0,True
224,32,0.6,38.4,27.861640752361147,29.2091319938373,38.400000000000006,0.0,0.0,0.0,136.85611385997447,548.7041991844746,1.3814515729456054,-0.5193774595053683,0.0,136.85611385997447,0,True
225,32,0.6,38.4,27.861640752361147,29.2091319938373,38.400000000000006,0.0,0.0,0.0,136.85611385997447,550.0516904259507,1.3814515729456054,-0.5193774595053683,0.0,136.85611385997447,0,True
226,32,0.6,38.4,27.861640752361147,29.2091319938373,38.400000000000006,0.0,0.0,0.0,136.8561138599745,551.399181667427,1.3814515729456054,-0.5193774595053683,0.0,136.8561138599745,0,True
227,32,0.6,38.4,27.861640752361147,29.2091319938373,38.400000000000006,0.0,0.0,0.0,136.85611385997447,552.7466729089032,1.3814515729456054,-0.5193774595053683,0.0,136.85611385997447,0,True
228,32,0.6,38.4,27.861640752361147,29.2091319938373,38.400000000000006,0.0,0.0,0.0,136.85611385997447,554.0941641503792,1.3814515729456054,-0.5193774595053683,0.0,136.85611385997447,0,True
229,32,0.6,38.4,27.861640752361147,29.2091319938373,38.400000000000006,0.0,0.0,0.0,136.85611385997447,555.4416553918554,1.3814515729456054,-0.5193774595053683,0.0,136.85611385997447,0,True
230,32,0.6,38.4,27.861640752361147,29.2091319938373,38.400000000000006,0.0,0.0,0.0,136.85611385997447,556.7891466333316,1.3814515729456054,-0.5193774595053683,0.0,136.85611385997447,0,True
231,32,0.6,38.4,27.861640752361147,29.2091319938373,38.400000000000006,0.0,0.0,0.0,136.8561138599745,558.1366378748078,1.3814515729456054,-0.5193774595053683,0.0,136.8561138599745,0,True
232,32,0.6,38.4,27.861640752361147,29.2091319938373,38.400000000000006,0.0,0.0,0.0,136.8561138599745,559.484129116284,1.3814515729456054,-0.5193774595053683,0.0,136.8561138599745,0,True
233,32,0.6,38.4,27.861640752361147,29.2091319938373,38.400000000000006,0.0,0.0,0.0,136.8561138599745,560.83162035776,1.3814515729456054,-0.5193774595053683,0.0,136.8561138599745,0,True
234,32,0.6,38.4,27.861640752361147,29.2091319938373,38.400000000000006,0.0,0.0,0.0,136.8561138599745,562.1791115992362,1.3814515729456054,-0.5193774595053683,0.0,136.8561138599745,0,True
235,32,0.6,38.4,27.861640752361147,29.2091319938373,38.400000000000006,0.0,0.0,0.0,136.8561138599745,563.5266028407124,1.3814515729456054,-0.5193774595053683,0.0,136.8561138599745,0,True
236,32,0.6,38.4,27.861640752361147,29.2091319938373,38.400000000000006,0.0,0.0,0.0,136.8561138599745,564.8740940821885,1.3814515729456054,-0.5193774595053683,0.0,136.8561138599745,0,True
237,32,0.6,38.4,27.861640752361147,29.2091319938373,38.400000000000006,0.0,0.0,0.0,136.8561138599745,566.2215853236647,1.3814515729456054,-0.5193774595053683,0.0,136.8561138599745,0,True
238,32,0.6,38.4,27.861640752361147,29.2091319938373,38.400000000000006,0.0,0.0,0.0,136.85611385997453,567.5690765651409,1.3814515729456054,-0.5193774595053683,0.0,136.85611385997453,0,True
239,32,0.6,38.4,27.861640752361147,29.2091319938373,38.400000000000006,0.0,0.0,0.0,136.8561138599745,568.916567806617,1.3814515729456054,-0.5193774595053683,0.0,136.8561138599745,0,True
240,32,0.6,38.4,27.861640752361147,29.2091319938373,38.400000000000006,0.0,0.0,0.0,136.85611385997453,570.2640590480931,1.3814515729456054,-0.5193774595053683,0.0,136.85611385997453,0,True
241,32,0.6,38.4,27.861640752361147,29.2091319938373,38.400000000000006,0.0,0.0,0.0,136.85611385997453,571.6115502895692,1.3814515729456054,-0.5193774595053683,0.0,136.85611385997453,0,True
242,32,0.6,38.4,27.861640752361147,29.2091319938373,38.400000000000006,0.0,0.0,0.0,136.85611385997456,572.9590415310454,1.3814515729456054,-0.5193774595053683,0.0,136.85611385997456,0,True
243,32,0.6,38.19224327256917,27.861640752361147,29.2091319938373,38.400000000000006,0.0,0.0,0.0,137.06387058740535,574.3065327725216,1.3814515729456054,-0.5193774595053683,0.0,137.06387058740535,0,True
244,32,0.6,38.01716507759497,27.861640752361147,29.2091319938373,38.400000000000006,0.0,0.0,0.0,137.44670550981039,575.6540240139977,1.3814515729456054,-0.5193774595053683,0.0,137.44670550981039,0,True
245,32,0.6,38.01716507759497,27.861640752361147,29.2091319938373,38.400000000000006,0.0,0.0,0.0,137.82954043221542,577.0015152554739,1.3814515729456054,-0.5193774595053683,0.0,137.82954043221542,0,True
246,32,0.6,38.01716507759497,27.861640752361147,29.2091319938373,38.400000000000006,0.0,0.0,0.0,138.21237535462043,578.3490064969501,1.3814515729456054,-0.5193774595053683,0.0,138.21237535462043,0,True
247,32,0.6,38.01716507759497,27.861640752361147,29.2091319938373,38.400000000000006,0.0,0.0,0.0,138.5952102770255,579.6964977384262,1.3814515729456054,-0.5193774595053683,0.0,138.5952102770255,0,True
248,32,0.6,38.01716507759497,27.861640752361147,29.2091319938373,38.400000000000006,0.0,0.0,0.0,138.9780451994305,581.0439889799025,1.3814515729456054,-0.5193774595053683,0.0,138.9780451994305,0,True
249,32,0.6,38.01716507759497,27.861640752361147,29.2091319938373,38.400000000000006,0.0,0.0,0.0,139.36088012183555,582.3914802213784,1.3814515729456054,-0.5193774595053683,0.0,139.36088012183555,0,True
250,32,0.6,37.956188519835266,27.861640752361147,29.2091319938373,38.400000000000006,0.0,0.0,0.0,139.8046916020003,583.7389714628546,1.3814515729456054,-0.5193774595053683,0.0,139.8046916020003,0,True
251,32,0.6,37.75051620642136,27.861640752361147,29.2091319938373,38.400000000000006,0.0,0.0,0.0,140.45417539557891,585.0864627043309,1.3814515729456054,-0.5193774595053683,0.0,140.45417539557891,0,True
252,32,0.6,37.75051620642136,27.861640752361147,29.2091319938373,38.400000000000006,0.0,0.0,0.0,141.10365918915758,586.4339539458069,1.3814515729456054,-0.5193774595053683,0.0,141.10365918915758,0,True
253,32,0.6,37.75051620642136,27.861640752361147,29.2091319938373,38.400000000000006,0.0,0.0,0.0,141.75314298273622,587.7814451872831,1.3814515729456054,-0.5193774595053683,0.0,141.75314298273622,0,True
254,32,0.6,37.75051620642136,27.861640752361147,29.2091319938373,38.400000000000006,0.0,0.0,0.0,142.40262677631483,589.1289364287593,1.3814515729456054,-0.5193774595053683,0.0,142.40262677631483,0,True
255,32,0.6,37.75051620642136,27.861640752361147,29.2091319938373,38.400000000000006,0.0,0.0,0.0,143.05211056989347,590.4764276702354,1.3814515729456054,-0.5193774595053683,0.0,143.05211056989347,0,True
256,32,0.6,37.75051620642136,27.861640752361147,29.2091319938373,38.400000000000006,0.0,0.0,0.0,143.7015943634721,591.8239189117116,1.3814515729456054,-0.5193774595053683,0.0,143.7015943634721,0,True
257,32,0.6,37.75051620642136,27.861640752361147,29.2091319938373,38.400000000000006,0.0,0.0,0.0,144.35107815705075,593.1714101531876,1.3814515729456054,-0.5193774595053683,0.0,144.35107815705075,0,True
258,32,0.6,37.75051620642136,27.861640752361147,29.2091319938373,38.400000000000006,0.0,0.0,0.0,145.00056195062942,594.5189013946638,1.3814515729456054,-0.5193774595053683,0.0,145.00056195062942,0,True
259,32,0.6,37.75051620642136,27.861640752361147,29.2091319938373,38.400000000000006,0.0,0.0,0.0,145.65004574420803,595.8663926361401,1.3814515729456054,-0.5193774595053683,0.0,145.65004574420803,0,True
260,32,0.6,37.75051620642136,27.861640752361147,29.2091319938373,38.400000000000006,0.0,0.0,0.0,146.29952953778667,597.2138838776161,1.3814515729456054,-0.5193774595053683,0.0,146.29952953778667,0,True
261,32,0.6,37.75051620642136,27.861640752361147,29.2091319938373,38.400000000000006,0.0,0.0,0.0,146.9490133313653,598.5613751190923,1.3814515729456054,-0.5193774595053683,0.0,146.9490133313653,0,True
262,32,0.6,37.75051620642136,27.861640752361147,29.2091319938373,38.400000000000006,0.0,0.0,0.0,147.59849712494395,599.9088663605685,1.3814515729456054,-0.5193774595053683,0.0,147.59849712494395,0,True
263,32,0.6,37.75051620642136,27.861640752361147,29.2091319938373,38.400000000000006,0.0,0.0,0.0,148.2479809185226,601.2563576020445,1.3814515729456054,-0.5193774595053683,0.0,148.2479809185226,0,True
264,32,0.6,37.75051620642136,27.861640752361147,29.2091319938373,38.400000000000006,0.0,0.0,0.0,148.89746471210123,602.6038488435208,1.3814515729456054,-0.5193774595053683,0.0,148.89746471210123,0,True
265,32,0.6,37.75051620642136,27.861640752361147,29.2091319938373,38.400000000000006,0.0,0.0,0.0,149.54694850567986,603.9513400849968,1.3814515729456054,-0.5193774595053683,0.0,149.54694850567986,0,True
266,32,0.6,37.75051620642136,27.861640752361147,29.2091319938373,38.400000000000006,0.0,0.0,0.0,150.1964322992585,605.298831326473,1.3814515729456054,-0.5193774595053683,0.0,150.1964322992585,0,True
267,32,0.6,37.730945976766854,27.861640752361147,29.2091319938373,38.400000000000006,0.0,0.0,0.0,150.86548632249165,606.6463225679493,1.3814515729456054,-0.5193774595053683,0.0,150.86548632249165,0,True
268,32,0.6,37.614558505450354,27.861640752361147,29.2091319938373,38.400000000000006,0.0,0.0,0.0,151.6509278170413,607.9938138094253,1.3814515729456054,-0.5193774595053683,0.0,151.6509278170413,0,True
269,32,0.6,37.614558505450354,27.861640752361147,29.2091319938373,38.400000000000006,0.0,0.0,0.0,152.43636931159097,609.3413050509015,1.3814515729456054,-0.5193774595053683,0.0,152.43636931159097,0,True
270,32,0.6,37.614558505450354,27.861640752361147,29.2091319938373,38.400000000000006,0.0,0.0,0.0,153.22181080614058,610.6887962923777,1.3814515729456054,-0.5193774595053683,0.0,153.22181080614058,0,True
271,32,0.6,37.614558505450354,27.861640752361147,29.2091319938373,38.400000000000006,0.0,0.0,0.0,154.00725230069025,612.0362875338537,1.3814515729456054,-0.5193774595053683,0.0,154.00725230069025,0,True
272,32,0.6,37.614558505450354,27.861640752361147,29.2091319938373,38.400000000000006,0.0,0.0,0.0,154.7926937952399,613.38377877533,1.3814515729456054,-0.5193774595053683,0.0,154.7926937952399,0,True
273,32,0.6,37.614558505450354,27.861640752361147,29.2091319938373,38.400000000000006,0.0,0.0,0.0,155.57813528978954,614.731270016806,1.3814515729456054,-0.5193774595053683,0.0,155.57813528978954,0,True
274,32,0.6,37.614558505450354,27.861640752361147,29.2091319938373,38.400000000000006,0.0,0.0,0.0,156.3635767843392,616.0787612582822,1.3814515729456054,-0.5193774595053683,0.0,156.3635767843392,0,True
275,32,0.6,37.614558505450354,27.861640752361147,29.2091319938373,38.400000000000006,0.0,0.0,0.0,157.14901827888883,617.4262524997584,1.3814515729456054,-0.5193774595053683,0.0,157.14901827888883,0,True
276,32,0.6,37.614558505450354,27.861640752361147,29.2091319938373,38.400000000000006,0.0,0.0,0.0,157.9344597734385,618.7737437412345,1.3814515729456054,-0.5193774595053683,0.0,157.9344597734385,0,True
277,32,0.6,37.614558505450354,27.861640752361147,29.2091319938373,38.400000000000006,0.0,0.0,0.0,158.71990126798815,620.1212349827107,1.3814515729456054,-0.5193774595053683,0.0,158.71990126798815,0,True
278,32,0.6,37.614558505450354,27.861640752361147,29.2091319938373,38.400000000000006,0.0,0.0,0.0,159.5053427625378,621.4687262241869,1.3814515729456054,-0.5193774595053683,0.0,159.5053427625378,0,True
279,32,0.6,37.614558505450354,27.861640752361147,29.2091319938373,38.400000000000006,0.0,0.0,0.0,160.29078425708744,622.8162174656629,1.3814515729456054,-0.5193774595053683,0.0,160.29078425708744,0,True
280,32,0.6,37.614558505450354,27.861640752361147,29.2091319938373,38.400000000000006,0.0,0.0,0.0,161.07622575163708,624.1637087071392,1.3814515729456054,-0.5193774595053683,0.0,161.07622575163708,0,True
281,32,0.6,37.614558505450354,27.861640752361147,29.2091319938373,38.400000000000006,0.0,0.0,0.0,161.86166724618673,625.5111999486153,1.3814515729456054,-0.5193774595053683,0.0,161.86166724618673,0,True
282,32,0.6,37.614558505450354,27.861640752361147,29.2091319938373,38.400000000000006,0.0,0.0,0.0,162.64710874073637,626.8586911900913,1.3814515729456054,-0.5193774595053683,0.0,162.64710874073637,0,True
283,32,0.6,37.614558505450354,27.861640752361147,29.2091319938373,38.400000000000006,0.0,0.0,0.0,163.43255023528602,628.2061824315675,1.3814515729456054,-0.5193774595053683,0.0,163.43255023528602,0,True
284,32,0.6,37.614558505450354,27.861640752361147,29.2091319938373,38.400000000000006,0.0,0.0,0.0,164.21799172983566,629.5536736730437,1.3814515729456054,-0.5193774595053683,0.0,164.21799172983566,0,True
285,32,0.6,37.614558505450354,27.861640752361147,29.2091319938373,38.400000000000006,0.0,0.0,0.0,165.00343322438533,630.9011649145199,1.3814515729456054,-0.5193774595053683,0.0,165.00343322438533,0,True
286,32,0.6,37.614558505450354,27.861640752361147,29.2091319938373,38.400000000000006,0.0,0.0,0.0,165.78887471893495,632.2486561559961,1.3814515729456054,-0.5193774595053683,0.0,165.78887471893495,0,True
287,32,0.6,37.614558505450354,27.861640752361147,29.2091319938373,38.400000000000006,0.0,0.0,0.0,166.57431621348462,633.5961473974721,1.3814515729456054,-0.5193774595053683,0.0,166.57431621348462,0,True
288,32,0.6,37.614558505450354,27.861640752361147,29.2091319938373,38.400000000000006,0.0,0.0,0.0,167.35975770803424,634.9436386389484,1.3814515729456054,-0.5193774595053683,0.0,167.35975770803424,0,True
289,32,0.6,37.614558505450354,27.861640752361147,29.2091319938373,38.400000000000006,0.0,0.0,0.0,168.1451992025839,636.2911298804245,1.3814515729456054,-0.5193774595053683,0.0,168.1451992025839,0,True
290,32,0.6,37.614558505450354,27.861640752361147,29.2091319938373,38.400000000000006,0.0,0.0,0.0,168.93064069713353,637.6386211219005,1.3814515729456054,-0.5193774595053683,0.0,168.93064069713353,0,True
291,32,0.6,37.614558505450354,27.861640752361147,29.2091319938373,38.400000000000006,0.0,0.0,0.0,169.7160821916832,638.9861123633767,1.3814515729456054,-0.5193774595053683,0.0,169.7160821916832,0,True
292,32,0.6,37.614558505450354,27.861640752361147,29.2091319938373,38.400000000000006,0.0,0.0,0.0,170.50152368623282,640.3336036048529,1.3814515729456054,-0.5193774595053683,0.0,170.50152368623282,0,True
293,32,0.6,37.614558505450354,27.861640752361147,29.2091319938373,38.400000000000006,0.0,0.0,0.0,171.28696518078252,641.6810948463291,1.3814515729456054,-0.5193774595053683,0.0,171.28696518078252,0,True
294,32,0.6,37.614558505450354,27.861640752361147,29.2091319938373,38.400000000000006,0.0,0.0,0.0,172.07240667533213,643.0285860878053,1.3814515729456054,-0.5193774595053683,0.0,172.07240667533213,0,True
295,32,0.6,37.614558505450354,27.861640752361147,29.2091319938373,38.400000000000006,0.0,0.0,0.0,172.8578481698818,644.3760773292813,1.3814515729456054,-0.5193774595053683,0.0,172.8578481698818,0,True
296,32,0.6,37.614558505450354,27.861640752361147,29.2091319938373,38.400000000000006,0.0,0.0,0.0,173.64328966443142,645.7235685707576,1.3814515729456054,-0.5193774595053683,0.0,173.64328966443142,0,True
297,32,0.6,37.614558505450354,27.861640752361147,29.2091319938373,38.400000000000006,0.0,0.0,0.0,174.4287311589811,647.0710598122337,1.3814515729456054,-0.5193774595053683,0.0,174.4287311589811,0,True
298,32,0.6,37.614558505450354,27.861640752361147,29.2091319938373,38.400000000000006,0.0,0.0,0.0,175.2141726535307,648.4185510537097,1.3814515729456054,-0.5193774595053683,0.0,175.2141726535307,0,True
299,32,0.6,37.614558505450354,27.861640752361147,29.2091319938373,38.400000000000006,0.0,0.0,0.0,175.99961414808038,649.7660422951859,1.3814515729456054,-0.5193774595053683,0.0,175.99961414808038,0,True
