,Employment,UnemploymentRate,WageBill,Output,Production,Consumption,Transfers,HH_Deposit,HH_Debt,Firm_Debt,Firm_Cash,Inventories,AvgPrice,Bank_Equity,Bank_Loans,Bank_Deposits,BankFailed,BankResolved,BankResolutionAmount,BankResolutionHaircut,BankBailedOut,BankBailoutAmount,Defaults,DefaultsHH,DefaultsFirm,BalanceOK
0,52,0.48,56.12193550959202,63.790229814861505,63.790229814861505,129.4343476712476,5.630301465143337,35.57372996593688,1.378609076343904,8.980285907151542,70.13514537549281,0.0,1.0183230643340155,50.0,10.358894983495446,105.70887534142969,False,False,0.0,0.0,False,0.0,0,0,0,True
1,60,0.4,64.81234535547871,73.86868723848168,73.86868723848168,99.30685119703291,6.496501690550005,12.730219497981436,6.497501122038386,10.898035501409254,75.56909856810397,0.0,1.0183230643340155,50.0,17.39553662344764,88.2993180660854,False,False,0.0,0.0,False,0.0,0,0,0,True
2,65,0.35,70.17425715765314,80.79948005196692,80.82480549164066,91.55976488454777,7.0378768314291715,5.9669444661514115,14.188122245766701,11.464655287604616,80.12357536936597,0.025325439673737016,1.0183230643340155,50.0,25.652777533371317,86.09051983551738,False,False,0.0,0.0,False,0.0,0,0,0,True
3,68,0.31999999999999995,73.39531128775793,84.23392018458411,84.4569866027593,90.46665624335873,7.362701915956672,3.7537325894692946,21.972660696518933,10.928531369552875,83.779354868598,0.24839185784891793,1.0183230643340155,50.0,32.90119206607181,87.5330874580673,False,False,0.0,0.0,False,0.0,0,0,0,True
4,69,0.31000000000000005,74.5996179456077,85.58312034845946,85.88727253239958,90.13852533168142,7.470976944132506,3.034047281174105,29.7851354720432,9.288823523227181,86.27908523301787,0.5525440417890399,1.0183230643340155,50.0,39.07395899527038,89.31313251419198,False,False,0.0,0.0,False,0.0,0,0,0,True
5,70,0.30000000000000004,75.65828724754185,87.17578544494776,87.30226567678287,90.88931185725345,7.579251972308339,2.7258865911303336,37.76496056964425,7.48925922953922,88.95490813286312,0.6790242736241412,1.0183230643340155,50.0,45.254219799183474,91.68079472399346,False,False,0.0,0.0,False,0.0,0,0,0,True
6,71,0.29000000000000004,76.87527000484174,88.20728902009924,88.47418028506539,92.18773907034728,7.687527000484172,2.600963735121981,46.075483945068974,5.415376308506245,91.09176918946972,0.9459155385902962,1.0183230643340155,50.0,51.49086025357522,93.6927329245917,False,False,0.0,0.0,False,0.0,0,0,0,True
7,72,0.28,77.95802028660007,89.6670596694046,89.73974039017725,93.41370297697313,7.795802028660005,2.522646082946447,54.648535913196056,3.6209200723037793,93.6537367147275,1.0185962593629565,1.0183230643340155,50.0,58.26945598549984,96.17638279767395,False,False,0.0,0.0,False,0.0,0,0,0,True
8,73,0.27,78.81515720389461,90.81222207576234,90.90326291526085,94.30403005061174,7.904077056835838,2.4946093249151717,63.38306787430924,2.697013509680243,97.36057247428698,1.109637098861481,1.0183230643340155,50.0,66.08008138398948,99.85518179920216,False,False,0.0,0.0,False,0.0,0,0,0,True
9,74,0.26,80.11986054208359,92.20322128916091,92.33354884490112,95.25245104540782,8.012352085011672,2.4482577555285836,71.82389692480945,1.705126073956429,100.80476006838099,1.2399646546017005,1.0183230643340155,50.0,73.52902299876588,103.25301782390957,False,False,0.0,0.0,False,0.0,0,0,0,True
10,75,0.25,81.20627113187507,93.6307202778003,93.7485419892844,96.26849585098556,8.120627113187506,2.413975820692556,80.28096890555584,0.7763926949048877,104.26140642750686,1.3577863660858256,1.0183230643340155,50.0,81.05736160046072,106.67538224819941,False,False,0.0,0.0,False,0.0,0,0,0,True
11,75,0.25,81.20627113187507,93.46369940931295,93.7485419892844,95.87249365380856,8.120627113187506,2.417465869369777,88.56288696959753,0.2876575511001115,107.94589236146089,1.642628946057286,1.0183230643340155,50.0,88.85054452069764,110.36335823083067,False,False,0.0,0.0,False,0.0,0,0,0,True
12,76,0.24,82.18036174848072,94.75101713539328,94.97446358852358,97.08266504499608,8.228902141363339,2.375340590600688,97.1060398003609,0.0,112.23765345056415,1.8660753991875776,1.0183230643340155,50.0,97.1060398003609,114.61299404116484,False,False,0.0,0.0,False,0.0,0,0,0,True
13,76,0.24,82.2890214136334,94.58188975718332,94.97446358852358,96.673020558319,8.228902141363339,2.379968402890122,105.36221852043543,0.0,116.34311934270367,2.2586492305278316,1.0183230643340155,50.0,105.36221852043543,118.7230877455938,False,False,0.0,0.0,False,0.0,0,0,0,True
14,76,0.24,82.2890214136334,94.32432134856852,94.97446358852358,96.04916249555016,8.228902141363339,2.3819135746283946,113.17010186723557,0.0,119.93210534004757,2.90879147048288,1.0183230643340155,50.0,113.17010186723557,122.31401891467597,False,False,0.0,0.0,False,0.0,0,0,0,True
15,76,0.24,82.2890214136334,93.98735199873335,94.97446358852358,95.23298691357093,8.228902141363339,2.3827471109264744,120.32926493191353,0.0,123.13235441614185,3.895903060273106,1.0183230643340155,50.0,120.32926493191353,125.51510152706832,False,False,0.0,0.0,False,0.0,0,0,0,True
16,76,0.24,82.2890214136334,93.62992491129047,94.97446358852358,94.57396492028138,8.228902141363339,2.383112227392575,126.98349908541645,0.0,125.99713180250937,5.24044173750619,1.0183230643340155,50.0,126.98349908541645,128.38024402990195,False,False,0.0,0.0,False,0.0,0,0,0,True
17,76,0.24,82.2890214136334,93.14453107070925,94.97446358852358,93.83084383040878,8.228902141363339,2.3832760878859145,133.03807132038636,0.0,128.4356667344834,7.070374255320514,1.0183230643340155,50.0,133.03807132038636,130.8189428223693,False,False,0.0,0.0,False,0.0,0,0,0,True
18,76,0.24,82.2890214136334,92.7972793628628,94.97446358852358,93.31285519745713,8.228902141363339,2.383351549334712,138.70528065430338,0.0,130.60323323342453,9.247558480981283,1.0183230643340155,50.0,138.70528065430338,132.98658478275925,False,False,0.0,0.0,False,0.0,0,0,0,True
19,76,0.24,82.2890214136334,92.68326199158513,94.97446358852358,93.14277769763105,8.228902141363339,2.3833872271337935,144.32472393191773,0.0,132.7215798188282,11.538760077919719,1.0183230643340155,50.0,144.32472393191773,135.10496704596198,False,False,0.0,0.0,False,0.0,0,0,0,True
20,75,0.25,81.20627113187507,91.7554488771982,93.7485419892844,91.77343309940501,8.120627113187506,2.368852660259703,149.87259766680125,0.0,134.8973990522785,13.531853190005936,1.0183230643340155,50.0,149.87259766680125,137.2662517125382,False,False,0.0,0.0,False,0.0,0,0,0,True
21,75,0.25,81.20627113187507,91.27687200496814,93.7485419892844,91.19859696215521,8.120627113187506,2.36244939654982,154.97354141967716,0.0,136.60254972601587,16.003523174322204,1.0183230643340155,50.0,154.97354141967716,138.96499912256567,False,False,0.0,0.0,False,0.0,0,0,0,True
22,75,0.25,81.20627113187507,90.58337281391908,93.7485419892844,90.37376756071113,8.120627113187506,2.3595824144377073,159.3633179879127,0.0,137.62532595015924,19.16869234968753,1.0183230643340155,50.0,159.3633179879127,139.98490836459695,False,False,0.0,0.0,False,0.0,0,0,0,True
23,75,0.25,81.20627113187507,90.43570530108057,93.7485419892844,89.88020157729386,8.120627113187506,2.358278161198168,163.355863616952,0.0,138.17862928239055,22.481529037891377,1.013670166524063,50.0,163.355863616952,140.53690744358872,False,False,0.0,0.0,False,0.0,0,0,0,True
24,74,0.26,80.12352085011673,88.37173541506765,92.33354884490112,88.146126340445,8.012352085011672,2.3431237278477552,166.8777055062561,0.0,138.18888268770712,26.443342467724854,1.0183230643340155,50.0,166.8777055062561,140.5320064155549,False,False,0.0,0.0,False,0.0,0,0,0,True
25,73,0.27,79.0407705683584,87.02279125650236,90.90326291526085,86.17184841917398,7.904077056835838,2.3218774770611144,169.6862371578108,0.0,137.41588348168688,30.32381412648334,1.0090505881260043,50.0,169.6862371578108,139.737760958748,False,False,0.0,0.0,False,0.0,0,0,0,True
26,73,0.27,79.0407705683584,86.28787924864695,90.90326291526085,85.75785365664541,7.904077056835838,2.3124599538587916,172.15323707851616,0.0,136.22888951313806,34.93919779309726,1.013670166524063,50.0,172.15323707851616,138.54134946699685,False,False,0.0,0.0,False,0.0,0,0,0,True
27,72,0.28,77.95802028660007,85.64740371099666,89.637702810149,84.12254874579818,7.795802028660005,2.2936655351270616,174.2198413671569,0.0,134.59761594367617,38.92949689224962,1.005224596862173,50.0,174.2198413671569,136.89128147880325,False,False,0.0,0.0,False,0.0,0,0,0,True
28,72,0.28,77.95802028660007,85.45091586557395,89.637702810149,83.80663991458911,7.795802028660005,2.2853118878209786,176.02559418874938,0.0,132.85934174174926,43.116283836824664,1.0003567702232756,50.0,176.02559418874938,135.14465362957023,False,False,0.0,0.0,False,0.0,0,0,0,True
29,71,0.29000000000000004,76.87527000484174,84.44748990026675,88.43903259872351,82.41633846980133,7.687527000484172,2.266986238885077,177.66108385935584,0.0,131.0915416698133,47.10782653528144,0.9958362525619469,50.0,177.66108385935584,133.35852790869836,False,False,0.0,0.0,False,0.0,0,0,0,True
30,71,0.29000000000000004,76.87527000484174,85.27841726643021,88.43011350969499,82.63327024491078,7.687527000484172,2.208592456358516,179.50874629038557,0.0,129.73582049583965,50.25952277854623,0.9866683555358288,50.0,179.50874629038557,131.94441295219815,False,False,0.0,0.0,False,0.0,0,0,0,True
31,71,0.29000000000000004,76.76688134113523,86.13741920941558,88.43903259872351,82.47371843078965,7.687527000484172,2.156178391003482,181.3511150738707,0.0,128.35421412122727,52.56113616785416,0.9785312549657444,50.0,181.3511150738707,130.51039251223077,False,False,0.0,0.0,False,0.0,0,0,0,True
32,69,0.31000000000000005,74.70976944132507,83.0366976542645,86.0679207731859,80.48610957018809,7.470976944132506,2.13190805027955,183.54745617696537,0.0,126.65957730595784,55.59235928677558,0.9866274475875786,50.0,183.54745617696537,128.7914853562374,False,False,0.0,0.0,False,0.0,0,0,0,True
33,68,0.31999999999999995,73.62701915956673,82.48627985831831,84.89600616490338,78.92860007215194,7.362701915956673,2.10755196899892,185.42464487445758,0.0,124.59845630258634,58.002085593360654,0.978428141027375,50.0,185.42464487445758,126.70600827158526,False,False,0.0,0.0,False,0.0,0,0,0,True
34,69,0.31000000000000005,74.70976944132507,83.77789119650112,86.0679207731859,79.93079217392143,7.470976944132506,2.1104543537182807,187.18078606766178,0.0,122.34850209105022,60.29211517004545,0.9740481484934064,50.0,187.18078606766178,124.4589564447685,False,False,0.0,0.0,False,0.0,0,0,0,True
35,68,0.31999999999999995,73.62701915956673,82.57550244060627,84.89600616490338,78.74604393688638,7.362701915956673,2.09593616185952,188.96369766108907,0.0,120.10482495241321,62.612618894342525,0.9739116765676854,50.0,188.96369766108907,122.20076111427274,False,False,0.0,0.0,False,0.0,0,0,0,True
36,69,0.31000000000000005,74.70976944132507,84.33537606013758,86.0679207731859,80.19055228782624,7.470976944132506,2.064279979921175,191.02144616422925,0.0,118.38560576881292,64.34516360739087,0.9690398353026068,50.0,191.02144616422925,120.4498857487341,False,False,0.0,0.0,False,0.0,0,0,0,True
37,68,0.31999999999999995,73.62701915956673,82.83053869738765,84.89600616490338,78.98925282679231,7.362701915956673,2.053916129882459,193.13463825046853,0.0,116.4571654511248,66.4106310749066,0.9739116765676854,50.0,193.13463825046853,118.51108158100725,False,False,0.0,0.0,False,0.0,0,0,0,True
38,69,0.31000000000000005,74.63081773320543,83.99143518283562,86.0679207731859,79.91934347121162,7.470976944132506,2.062625619003207,195.13054311033542,0.0,114.8271437094767,68.48711666525689,0.9688666367346663,50.0,195.13054311033542,116.88976932847991,False,False,0.0,0.0,False,0.0,0,0,0,True
39,68,0.31999999999999995,73.62701915956673,83.045523084512,84.89600616490338,79.19426726199258,7.362701915956673,2.0531176842135963,197.53831817863988,0.0,113.17254840096987,70.33759974564826,0.9739116765676854,50.0,197.53831817863988,115.22566608518346,False,False,0.0,0.0,False,0.0,0,0,0,True
40,69,0.31000000000000005,74.63525126330376,84.29880917390801,86.0679207731859,79.57238928323622,7.470976944132506,2.0622371636396775,194.47966877226824,0.0,111.20993126563323,72.10671134492614,0.9599341056911499,47.120810589210755,194.47966877226824,113.27216842927291,False,False,0.0,0.0,False,0.0,1,1,0,True
41,68,0.31999999999999995,73.62701915956673,83.51243589892354,84.89600616490338,78.9750313400008,7.362701915956673,2.012128220115243,196.6135549718806,0.0,109.64080250489457,73.49028161090598,0.969730269923007,47.120810589210755,196.6135549718806,111.65293072500981,False,False,0.0,0.0,False,0.0,0,0,0,True
42,69,0.31000000000000005,74.70976944132507,84.20189124080653,86.0679207731859,79.85880321482004,7.470976944132506,1.9619806952570975,198.48621831885788,0.0,108.22092208843245,75.35631114328534,0.9643501722749768,47.120810589210755,198.48621831885788,110.18290278368954,False,False,0.0,0.0,False,0.0,0,0,0,True
43,68,0.31999999999999995,73.62701915956673,83.95580114874241,84.89600616490338,78.50790045864083,7.362701915956673,1.9534083806741436,200.28100896847678,0.0,106.88588513040303,76.29651615944633,0.9563604158697963,47.120810589210755,200.28100896847678,108.83929351107717,False,False,0.0,0.0,False,0.0,0,0,0,True
44,68,0.31999999999999995,73.27325808745607,83.12961894971318,84.89600616490338,77.69837230059288,7.362701915956673,1.9496073665870546,201.66355215225246,0.0,105.07784816122081,78.06290337463653,0.9561857490177885,47.120810589210755,201.66355215225246,107.02745552780787,False,False,0.0,0.0,False,0.0,0,0,0,True
45,68,0.31999999999999995,73.54430647023045,83.84364926521378,84.89600616490338,78.15889076265789,7.362701915956673,1.9412692726833565,198.45742288076556,0.0,103.94626376873313,79.11526027432612,0.9567390976955645,44.238738411454165,198.45742288076556,105.88753304141649,False,False,0.0,0.0,False,0.0,1,1,0,True
46,68,0.31999999999999995,73.50899281007518,82.10364612990413,84.89600616490338,76.32118532195737,7.362701915956673,1.9462279821926043,198.19643409319823,0.0,101.08662426735617,81.90762030932535,0.9468356382193074,44.238738411454165,198.19643409319823,103.03285224954878,False,False,0.0,0.0,False,0.0,0,0,0,True
47,68,0.31999999999999995,73.58298026534192,82.75560030909776,84.89600616490338,76.80191968405354,7.362701915956673,1.9486692256178244,193.52909155726627,0.0,98.70765640669616,84.04802616513098,0.9523230311117376,41.35576924112545,193.52909155726627,100.65632563231398,False,False,0.0,0.0,False,0.0,1,1,0,True
48,68,0.31999999999999995,73.62701915956673,80.38404322655654,84.89600616490338,74.10508151437331,7.362701915956673,1.9498681473762902,190.823813475595,0.0,94.1866755027837,88.55998910347779,0.9430505549037264,41.35576924112545,190.823813475595,96.13654365016,False,False,0.0,0.0,False,0.0,0,0,0,True
49,67,0.32999999999999996,72.2236942221734,79.91021440999994,83.63044605979152,73.30969570714028,7.2544268877808396,1.93575383956581,188.76103119352854,0.0,91.75623329760313,92.28022075326938,0.9387728035848246,41.35576924112545,188.76103119352854,93.69198713716894,False,False,0.0,0.0,False,0.0,0,0,0,True
50,68,0.31999999999999995,72.71390198409064,80.21812885815501,84.89600616490338,73.95212705598475,7.362701915956673,1.9265636891920952,181.89585192645578,0.0,90.47153740103445,96.95809806001776,0.9430505549037264,38.471727867323246,181.89585192645578,92.39810109022655,False,False,0.0,0.0,False,0.0,1,1,0,True
51,67,0.32999999999999996,71.99315427619395,79.82470549168968,83.63044605979152,73.23124975592046,7.2544268877808396,1.9283293075929087,175.00097975841777,0.0,88.89272354168844,100.76383862811956,0.9387728035848246,35.587338784095515,175.00097975841777,90.82105284928134,False,False,0.0,0.0,False,0.0,1,1,0,True
52,67,0.32999999999999996,71.84606941559767,79.77487588150134,83.78478183548819,73.27025255855338,7.2544268877808396,1.8622817114613999,168.07493437227058,0.0,87.26701222327628,104.7737445821064,0.9385340904440367,32.702594484630275,168.07493437227058,89.12929393473769,False,False,0.0,0.0,False,0.0,1,1,0,True
53,66,0.33999999999999997,70.7968723822338,78.97279460709294,82.51922173037633,72.17682335293769,7.146151859605006,1.8515318234407587,156.28650165553756,0.0,85.69236320911315,108.3201717053898,0.9342896971124863,26.91853063749113,156.28650165553756,87.5438950325539,False,False,0.0,0.0,False,0.0,2,2,0,True
54,65,0.35,69.79648090148316,77.99491162256206,81.24802257106,71.36475737309121,7.037876831429172,1.7829409290820637,154.12243056200066,0.0,83.29867039328778,111.57328265388773,0.9340509839716985,26.91853063749113,154.12243056200066,85.08161132236984,False,False,0.0,0.0,False,0.0,0,0,0,True
55,62,0.38,67.08071475466856,74.8983995334508,77.32625493706871,68.46308935036333,6.713051746901672,1.7611861125698298,152.09739791960962,0.0,79.61906108862668,114.00113805750564,0.934256339125135,26.91853063749113,152.09739791960962,81.38024720119651,False,False,0.0,0.0,False,0.0,0,0,0,True
56,62,0.38,66.59257724251067,74.67392426190531,77.32625493706871,68.00647768578831,6.713051746901672,1.7448548375763444,150.06559557738888,0.0,77.41428379575393,116.65346873266904,0.9297732326527968,26.91853063749113,150.06559557738888,79.15913863333027,False,False,0.0,0.0,False,0.0,0,0,0,True
57,62,0.38,66.3966076616895,74.51016168697366,77.32625493706871,67.85733705861576,6.713051746901672,1.734806295144205,143.23209124551542,0.0,76.0132329137317,119.46956198276406,0.9297732326527968,24.03196157728439,143.23209124551542,77.74803920887591,False,False,0.0,0.0,False,0.0,1,1,0,True
58,62,0.38,66.36972303295447,74.22585617008248,77.32625493706871,67.91609998895842,6.713051746901672,1.7244037828520598,141.14729818698612,0.0,74.77581577651692,122.56996074975032,0.9340509839716985,24.03196157728439,141.14729818698612,76.50021955936899,False,False,0.0,0.0,False,0.0,0,0,0,True
59,61,0.39,65.7762537509256,73.86243430423986,76.16273241198509,67.26744362210819,6.604776718725839,1.735332343602902,139.09191486884492,0.0,72.59852719359635,124.87025885749559,0.9297732326527968,24.03196157728439,139.09191486884492,74.33385953719926,False,False,0.0,0.0,False,0.0,0,0,0,True
60,61,0.39,65.64365081522973,73.74069107250817,76.16273241198509,67.15657053683792,6.604776718725839,1.7329391915789332,137.00056534880434,0.0,71.578805080343,127.29230019697248,0.9297732326527968,24.03196157728439,137.00056534880434,73.31174427192194,False,False,0.0,0.0,False,0.0,0,0,0,True
61,60,0.4,64.91234360409881,72.94193317306228,74.99081780370256,66.42913171797399,6.496501690550006,1.7090727115443882,134.95473509560458,0.0,70.38235120538187,129.34118482761278,0.9297732326527968,24.03196157728439,134.95473509560458,72.09142391692626,False,False,0.0,0.0,False,0.0,0,0,0,True
62,60,0.4,64.54813915936195,72.2368051266162,74.99081780370256,66.09613324796655,6.496501690550006,1.6802970160492035,132.89103350635216,0.0,69.97339638333429,132.09519750469914,0.9340509839716985,24.03196157728439,132.89103350635216,71.6536933993835,False,False,0.0,0.0,False,0.0,0,0,0,True
63,60,0.4,64.64080397543037,72.6466761351827,74.99081780370256,66.16023743718455,6.496501690550006,1.6732596861853781,130.77595573046753,0.0,69.44444391100858,134.43933917321903,0.9297732326527968,24.03196157728439,130.77595573046753,71.11770359719395,False,False,0.0,0.0,False,0.0,0,0,0,True
64,60,0.4,64.43695141858102,72.4397821940354,74.99081780370256,65.97181653482767,6.496501690550006,1.6656310726356072,128.63005522275836,0.0,69.10323689916594,136.99037478288622,0.9297732326527968,24.03196157728439,128.63005522275836,70.76886797180154,False,False,0.0,0.0,False,0.0,0,0,0,True
65,60,0.4,64.33669598434713,72.33473701222992,74.99081780370256,65.876150572672,6.496501690550006,1.6607072322422445,126.44512041566169,0.0,68.80094830789581,139.64645557435887,0.9297732326527968,24.03196157728439,126.44512041566169,70.46165554013805,False,False,0.0,0.0,False,0.0,0,0,0,True
66,60,0.4,64.2857938155466,72.2802910672347,74.99081780370256,65.82656596894323,6.496501690550006,1.6581692958712595,124.21671780884051,0.0,68.51740693969407,142.35698231082674,0.9297732326527968,24.03196157728439,124.21671780884051,70.17557623556533,False,False,0.0,0.0,False,0.0,0,0,0,True
67,60,0.4,64.25941072367112,72.24861004654858,74.99081780370256,65.7977136667822,6.496501690550006,1.660020114034579,121.94212503697102,0.0,68.24043032339584,145.09919006798074,0.9297732326527968,24.03196157728439,121.94212503697102,69.90045043743042,False,False,0.0,0.0,False,0.0,0,0,0,True
68,59,0.41000000000000003,63.36505494981378,71.25672258755506,73.57582465931927,64.89438934020376,6.388226662374172,1.6701627947881301,119.72602367933979,0.0,67.20181664142243,147.41829213974495,0.9297732326527968,24.03196157728439,119.72602367933979,68.87197943621055,False,False,0.0,0.0,False,0.0,0,0,0,True
69,58,0.42000000000000004,62.163243870176196,69.99810939337983,72.3771544478938,63.74815454739292,6.279951634198339,1.640630421859077,117.58625444940472,0.0,65.88457826224152,149.79733719425894,0.9297732326527968,24.03196157728439,117.58625444940472,67.52520868410059,False,False,0.0,0.0,False,0.0,0,0,0,True
70,58,0.42000000000000004,61.60074125519579,69.44245701785468,72.3771544478938,63.242114972659,6.279951634198339,1.6014961401587047,110.60019436054806,0.0,64.76194306498881,152.7320346242981,0.9297732326527968,21.123788087728627,110.60019436054806,66.36343920514751,False,False,0.0,0.0,False,0.0,1,1,0,True
71,56,0.43999999999999995,59.97302312039604,67.56287197277662,69.73927921779953,61.53035334113792,6.0634015778466726,1.6225511510162405,108.50296161435509,0.0,62.55271657135766,154.908441869321,0.9297732326527968,21.123788087728627,108.50296161435509,64.1752677223739,False,False,0.0,0.0,False,0.0,0,0,0,True
72,56,0.43999999999999995,59.522008723378335,67.12297882469448,69.73927921779953,61.12973714405344,6.0634015778466726,1.6326383434804757,106.39988140922617,0.0,61.49616793153636,157.52474226242606,0.9297732326527968,21.123788087728627,106.39988140922617,63.128806275016835,False,False,0.0,0.0,False,0.0,0,0,0,True
73,56,0.43999999999999995,59.36676564291732,66.97804770533438,69.73927921779953,60.99774655922533,6.0634015778466726,1.6311856660298827,99.65484238412583,0.0,61.152415381636025,160.2859737748912,0.9297732326527968,18.358827670217128,99.65484238412583,62.78360104766591,False,False,0.0,0.0,False,0.0,1,1,0,True
74,54,0.45999999999999996,58.04995028129223,65.38492896347343,67.40213328914518,59.54687337638326,5.8468515214950045,1.594203675270563,97.41941280012543,0.0,59.84051676828364,162.30317810056297,0.9297732326527968,18.358827670217128,97.41941280012543,61.434720443554205,False,False,0.0,0.0,False,0.0,0,0,0,True
75,53,0.47,57.07577732687199,64.31112933680824,66.28036716910029,58.568950613228466,5.738576493319171,1.5659704594689863,95.24899579352916,0.0,59.0686557740916,164.272415932855,0.9297732326527968,18.358827670217128,95.24899579352916,60.63462623356059,False,False,0.0,0.0,False,0.0,0,0,0,True
76,53,0.47,56.74611146049502,64.0676028506079,66.28036716910029,58.3471679934803,5.738576493319171,1.549991726580823,93.15185867717753,0.0,58.88206161178972,166.4851802513474,0.9297732326527968,18.358827670217128,93.15185867717753,60.432053338370544,False,False,0.0,0.0,False,0.0,0,0,0,True
77,53,0.47,56.654232651275386,63.96352865081722,66.28036716910029,58.25238631680146,5.738576493319171,1.5416955406540198,81.52571611919144,0.0,58.84090296106711,168.80201876963048,0.9297732326527968,12.66572206307044,81.52571611919144,60.38259850172113,False,False,0.0,0.0,False,0.0,2,2,0,True
78,53,0.47,56.6149670514778,63.929740604733425,66.28036716910029,58.221615120232435,5.738576493319171,1.538424762461458,74.40428527894508,0.0,58.848189656476414,171.15264533399733,0.9297732326527968,9.817931945815792,74.40428527894508,60.386614418937874,False,False,0.0,0.0,False,0.0,1,1,0,True
79,52,0.48,55.87585182807667,63.00048880503634,65.01480706398843,57.37533387272584,5.630301465143338,1.5278247754620857,71.86920420738305,0.0,58.21990539760291,173.16696359294943,0.9297732326527968,9.817931945815792,71.86920420738305,59.747730173064994,False,False,0.0,0.0,False,0.0,0,0,0,True
80,52,0.48,55.54423311650277,62.665147237089364,65.01480706398843,57.06993410857634,5.630301465143338,1.5098014377504947,64.53172395885915,0.0,57.90427573861046,175.51662341984854,0.9297732326527968,6.958053495915141,64.53172395885915,59.414077176360955,False,False,0.0,0.0,False,0.0,1,1,0,True
81,52,0.48,55.409952614507866,62.525106225357305,65.01480706398843,56.9423970059855,5.630301465143338,1.49849127447494,56.97190079100034,0.0,57.7238525732637,178.00632425847962,0.9297732326527968,4.051742099915566,56.97190079100034,59.222343847738635,False,False,0.0,0.0,False,0.0,1,1,0,True
82,52,0.48,55.34887809765053,62.45820755318123,65.01480706398843,56.881471547714504,5.630301465143338,1.496230542543916,54.101916956396195,0.0,57.67137873525003,180.56292376928678,0.9297732326527968,4.051742099915566,54.101916956396195,59.16760927779394,False,False,0.0,0.0,False,0.0,0,0,0,True
83,52,0.48,55.3163028365638,62.41696202630291,65.01480706398843,56.84390873002393,5.630301465143338,1.5008658879667527,51.171880627262546,0.0,57.63078946842415,183.16076880697236,0.9297732326527968,4.051742099915566,51.171880627262546,59.1316553563909,False,False,0.0,0.0,False,0.0,0,0,0,True
84,51,0.49,54.485470879248844,61.3989106324543,63.59981391960514,55.916756580420476,5.522026436967504,1.491932231946298,48.17697262443999,0.0,56.85463213640937,185.3616720941232,0.9297732326527968,4.051742099915566,48.17697262443999,58.34656436835567,False,False,0.0,0.0,False,0.0,0,0,0,True
85,50,0.5,53.41264008354767,60.21863549644574,62.436291394521525,54.84186523791467,5.413751408791671,1.4847612956396996,45.225383778888414,0.0,55.875863196906494,187.57932799219896,0.9297732326527968,4.051742099915566,45.225383778888414,57.360624492546194,False,False,0.0,0.0,False,0.0,0,0,0,True
86,48,0.52,51.63968219366082,58.14139633281017,59.834090856598735,52.95009752614469,5.197201352440004,1.473621202209578,37.72487343513265,0.0,53.93306698325965,189.27202251598752,0.9297732326527968,1.3043602420415783,37.72487343513265,55.40668818546923,False,False,0.0,0.0,False,0.0,1,1,0,True
87,48,0.52,51.09280321138291,57.61604971667955,59.834090856598735,52.47165778589633,5.197201352440004,1.443092512675297,34.69045254095118,0.0,53.085205329000814,191.49006365590674,0.9297732326527968,1.3043602420415783,34.69045254095118,54.528297841676114,False,False,0.0,0.0,False,0.0,0,0,0,True
88,48,0.52,50.91486330581103,57.442966836631015,59.834090856598735,52.31402904017074,5.197201352440004,1.4200345763027966,31.618302459289378,0.0,52.858104869719945,193.88118767587443,0.9297732326527968,1.3043602420415783,31.618302459289378,54.27813944602274,False,False,0.0,0.0,False,0.0,0,0,0,True
89,48,0.52,50.856238484814206,57.77455989099825,59.834090856598735,52.61601498607464,5.197201352440004,1.40914124144572,28.852602097844755,0.0,53.06220437439081,195.9407186414749,0.9297732326527968,1.3043602420415783,28.852602097844755,54.471345615836526,False,False,0.0,0.0,False,0.0,0,0,0,True
90,47,0.53,50.301747418995454,57.5769760127504,58.635420645173255,52.43607287455515,5.088926324264171,1.4032092731129795,26.514977479969765,0.0,53.072517581001335,196.99916327389775,0.9297732326527968,1.3043602420415783,26.514977479969765,54.47572685411431,False,False,0.0,0.0,False,0.0,0,0,0,True
91,47,0.53,50.25191593004467,58.51961874900512,58.635420645173255,53.29454941562908,5.088926324264171,1.400359998517824,25.038275847008002,0.0,54.07172037088914,197.1149651700659,0.9297732326527968,1.3043602420415783,25.038275847008002,55.47208036940696,False,False,0.0,0.0,False,0.0,0,0,0,True
92,47,0.53,50.48851293102518,60.70908176338391,58.635420645173255,55.28852079322774,5.088926324264171,1.4065723620123123,25.296129236485044,0.0,56.44271368011923,195.04130405185524,0.9297732326527968,1.3043602420415783,25.296129236485044,57.849286042131546,False,False,0.0,0.0,False,0.0,0,0,0,True
93,47,0.53,50.80450284637213,61.04287915245659,58.635420645173255,55.592514254344486,5.088926324264171,1.4247811797370165,25.559549506727283,0.0,57.76228288456333,192.63384554457184,0.9297732326527968,1.3043602420415783,25.559549506727283,59.187064064300344,False,False,0.0,0.0,False,0.0,0,0,0,True
94,48,0.52,51.91655357601575,62.26407796143185,59.834090856598735,56.704675298154186,5.197201352440004,1.4414721079293666,25.71897423939362,0.0,58.82268552902365,190.20385843973875,0.9297732326527968,1.3043602420415783,25.71897423939362,60.264157636953016,False,False,0.0,0.0,False,0.0,0,0,0,True
95,48,0.52,51.97201352440004,62.38064705782899,59.834090856598735,56.81083623359906,5.197201352440004,1.447566099520986,25.92194489497136,0.0,59.50426309972277,187.6573022385085,0.9297732326527968,1.3043602420415783,25.92194489497136,60.951829199243754,False,False,0.0,0.0,False,0.0,0,0,0,True
96,48,0.52,51.95451901103993,62.45273054585728,59.834090856598735,56.876483568576624,5.197201352440004,1.4442363121105384,26.203015619441615,0.0,60.7646368242303,185.03866254924995,0.9297732326527968,1.3043602420415783,26.203015619441615,62.20887313634084,False,False,0.0,0.0,False,0.0,0,0,0,True
97,48,0.52,51.96075461515219,62.46007897115421,59.834090856598735,56.88317587149121,5.197201352440004,1.4403251138155178,26.490029759197984,0.0,62.00184308248958,182.41267443469445,0.9297732326527968,1.3043602420415783,26.490029759197984,63.4421681963051,False,False,0.0,0.0,False,0.0,0,0,0,True
98,48,0.52,51.96139029292325,62.46027660866466,59.834090856598735,56.88335586244624,5.197201352440004,1.436856888781109,26.78322762709468,0.0,63.236185329685135,179.78648868262852,0.9297732326527968,1.3043602420415783,26.78322762709468,64.67304221846625,False,False,0.0,0.0,False,0.0,0,0,0,True
99,49,0.51,53.044157671374684,63.74271712504511,61.00600546488126,58.05129049588923,5.305476380615837,1.4551967946591007,27.08145579693498,0.0,64.44735503128746,177.04977702246472,0.9297732326527968,1.3043602420415783,27.08145579693498,65.90255182594656,False,False,0.0,0.0,False,0.0,0,0,0,True
100,50,0.5,54.137514087916706,65.05995174236895,62.436291394521525,59.250912552656935,5.413751408791671,1.4740346654533771,27.384611088783277,0.0,65.18621720123548,174.42611667461725,0.9297732326527968,1.3043602420415783,27.384611088783277,66.66025186668885,False,False,0.0,0.0,False,0.0,0,0,0,True
101,52,0.48,56.30301465143337,67.66112180742668,65.01480706398843,61.61983069556659,5.630301465143338,1.5034064125301345,27.69171269823809,0.0,65.51800195585592,171.779801931179,0.9297732326527968,1.3043602420415783,27.69171269823809,67.02140836838606,False,False,0.0,0.0,False,0.0,0,0,0,True
102,52,0.48,56.30301465143337,67.67890380541942,65.01480706398843,61.63602498375559,5.630301465143338,1.516583871417916,28.005444424311104,0.0,65.36099288872764,169.115705189748,0.9297732326527968,1.3043602420415783,28.005444424311104,66.87757676014556,False,False,0.0,0.0,False,0.0,0,0,0,True
103,53,0.47,57.3857649331917,68.54070436482519,66.28036716910029,62.714228856970216,5.738576493319171,1.5330084385112366,28.216375078234368,0.0,65.99483309674184,166.85536799402314,0.9340509839716985,1.3043602420415783,28.216375078234368,67.52784153525307,False,False,0.0,0.0,False,0.0,0,0,0,True
104,52,0.48,56.30301465143337,67.69668095156348,65.01480706398843,61.65221485330528,5.630301465143338,1.529996027849318,28.541433911224004,0.0,66.19684712489502,164.17349410644806,0.9297732326527968,1.3043602420415783,28.541433911224004,67.72684315274434,False,False,0.0,0.0,False,0.0,0,0,0,True
105,52,0.48,56.30301465143337,67.37808433195184,65.01480706398843,61.65044027336857,5.630301465143338,1.5287581971241184,28.8735105451764,0.0,66.99346892587175,161.81021683848465,0.9340509839716985,1.3043602420415783,28.8735105451764,68.52222712299587,False,False,0.0,0.0,False,0.0,0,0,0,True
106,52,0.48,56.30301465143337,67.37729274042547,65.01480706398843,61.649715973077136,5.630301465143338,1.52824466669033,29.212756489681077,0.0,67.75837816145543,159.44773116204757,0.9340509839716985,1.3043602420415783,29.212756489681077,69.28662282814575,False,False,0.0,0.0,False,0.0,0,0,0,True
107,52,0.48,56.30301465143337,67.37696676907973,65.01480706398843,61.64941771174807,5.630301465143338,1.5280293975856174,29.55932652531739,0.0,68.76406901020725,157.08557145695627,0.9340509839716985,1.3043602420415783,29.55932652531739,70.29209840779286,False,False,0.0,0.0,False,0.0,0,0,0,True
108,53,0.47,57.3857649331917,68.66569869584085,66.13657318403332,62.82859772950785,5.738576493319171,1.5383601203171287,29.9120794739349,0.0,69.75807543098664,154.55644594514877,0.9340509839716985,1.3043602420415783,29.9120794739349,71.29643555130376,False,False,0.0,0.0,False,0.0,0,0,0,True
109,53,0.47,57.3857649331917,68.671967057073,66.13657318403332,62.83433323287791,5.738576493319171,1.4247092418781113,25.559840040003845,0.0,64.81121832531505,152.0210520721091,0.9340509839716985,3.9741556540315894,25.559840040003845,66.23592756719316,False,True,5.4973602604633856,0.0766361117264152,False,0.0,1,1,0,True
110,53,0.47,57.05552774296911,68.26110653189403,66.13657318403332,62.45839894327361,5.738576493319171,1.4807401371146238,21.26214426321879,0.0,67.4578762527406,149.89651872424835,0.9340509839716985,1.2322510023116342,21.26214426321879,68.93861638985523,False,False,0.0,0.0,False,0.0,1,1,0,True
111,53,0.47,57.20359298095661,68.44823307364678,66.13657318403332,62.6296183212104,5.738576493319171,1.5193554688951525,21.447243795960503,0.0,68.57313603822753,147.58485883463493,0.9340509839716985,1.2322510023116342,21.447243795960503,70.09249150712269,False,False,0.0,0.0,False,0.0,0,0,0,True
112,53,0.47,57.21793449139129,68.48559134132725,66.13657318403332,62.663800855089,5.738576493319171,1.538129777231735,21.636339502770575,0.0,69.63230688740032,145.235840677341,0.9340509839716985,1.2322510023116342,21.636339502770575,71.17043666463205,False,False,0.0,0.0,False,0.0,0,0,0,True
113,54,0.45999999999999996,58.303547937192214,69.8431551270476,67.24779751344852,63.90596150596922,5.846851521495005,1.5075491583831022,21.828434908070083,0.0,70.72459112448256,142.64048306374193,0.9340509839716985,1.2322510023116342,21.828434908070083,72.23214028286566,False,False,0.0,0.0,False,0.0,0,0,0,True
114,55,0.44999999999999996,59.49034286711372,71.21001294942192,68.47371911268768,65.15662613046811,5.9551265496708385,1.520291122851189,22.023594773326224,0.0,71.31386625261976,139.9041892270077,0.9340509839716985,1.2322510023116342,22.023594773326224,72.83415737547095,False,False,0.0,0.0,False,0.0,0,0,0,True
115,55,0.44999999999999996,59.55126549670837,71.28430576107819,68.47371911268768,65.22460349422322,5.9551265496708385,1.525978353158815,22.222968008444344,0.0,71.5988544656587,137.09360257861718,0.9340509839716985,1.2322510023116342,22.222968008444344,73.12483281881752,False,False,0.0,0.0,False,0.0,0,0,0,True
116,55,0.44999999999999996,59.55126549670837,71.28691873432699,68.47371911268768,65.22699434508827,5.9551265496708385,1.5292747326014025,22.42664557723798,0.0,71.87439897546122,134.28040295697787,0.9340509839716985,1.2322510023116342,22.42664557723798,73.40367370806263,False,False,0.0,0.0,False,0.0,0,0,0,True
117,56,0.43999999999999995,60.634015778466704,72.62211014281407,69.68130841314168,66.44868443910914,6.063401577846672,1.5008235776754615,22.633637657086293,0.0,72.60590124398126,131.33960122730548,0.9340509839716985,1.2322510023116342,22.633637657086293,74.10672482165673,False,False,0.0,0.0,False,0.0,0,0,0,True
118,57,0.43000000000000005,61.71676606022504,73.87535684776792,71.11159434278194,67.59539574587322,6.171676606022506,1.515603675637853,22.844015806047434,0.0,73.69179817351845,128.5758387223195,0.9340509839716985,1.2322510023116342,22.844015806047434,75.2074018491563,False,False,0.0,0.0,False,0.0,0,0,0,True
119,58,0.42000000000000004,62.79951634198338,74.90048249588635,72.31026455420741,68.78344191101169,6.27995163419834,1.5322801681142662,23.057853127069748,0.0,75.5098099072478,125.98562078064055,0.9383287352906002,1.2322510023116342,23.057853127069748,77.04209007536207,False,False,0.0,0.0,False,0.0,0,0,0,True
120,59,0.41000000000000003,63.88226662374171,76.19512325412339,73.7252576985907,69.9723507727766,6.388226662374172,1.5499903584780739,23.27522430134494,0.0,76.59571970010428,123.51575522510787,0.9383287352906002,1.2322510023116342,23.27522430134494,78.14571005858235,False,False,0.0,0.0,False,0.0,0,0,0,True
121,59,0.41000000000000003,63.88226662374171,76.20566747371373,73.7252576985907,69.9820338574714,6.388226662374172,1.5580174641470863,23.497288372663046,0.0,77.0976362046724,121.03534544998486,0.9383287352906002,1.2322510023116342,23.497288372663046,78.65565366881948,False,False,0.0,0.0,False,0.0,0,0,0,True
122,60,0.4,64.96501690550005,77.24090506713411,74.89717230687323,71.16576825169021,6.496501690550005,1.57225273524978,23.72306390722424,0.0,78.21345023001427,118.691612689724,0.9429483136886592,1.2322510023116342,23.72306390722424,79.78570296526405,False,False,0.0,0.0,False,0.0,0,0,0,True
123,60,0.4,64.96501690550005,77.25968136657221,74.88878022367432,71.17353414020428,6.496501690550005,1.578722117838394,23.95371378329844,0.0,78.41809007203662,116.32071154682612,0.9429816331005526,1.2322510023116342,23.95371378329844,79.99681218987502,False,False,0.0,0.0,False,0.0,0,0,0,True
124,60,0.4,64.96501690550005,77.50692073224309,74.89717230687323,71.17701518385317,6.496501690550005,1.5817104567781048,24.189343234631334,0.0,78.62456657520481,113.71096312145627,0.9383287352906002,1.2322510023116342,24.189343234631334,80.20627703198292,False,False,0.0,0.0,False,0.0,0,0,0,True
125,60,0.4,64.96501690550005,77.26518185861597,74.89717230687323,71.17860132986051,6.496501690550005,1.5831126497104815,24.430059766894203,0.0,79.44581392337751,111.34295356971353,0.9429816331005526,1.2322510023116342,24.430059766894203,81.028926573088,False,False,0.0,0.0,False,0.0,0,0,0,True
126,60,0.4,64.96501690550005,77.26597906159921,74.89717230687323,71.17933573301544,6.496501690550005,1.5837804394879385,24.67597320673325,0.0,80.1585229156864,108.97414681498756,0.9429816331005526,1.2322510023116342,24.67597320673325,81.74230335517434,False,False,0.0,0.0,False,0.0,0,0,0,True
127,60,0.4,64.96501690550005,77.50982367419402,74.89717230687323,71.17968104570612,6.496501690550005,1.5841029165747014,24.9271957518779,0.0,80.87110822628708,106.36149544766677,0.9383287352906002,1.2322510023116342,24.9271957518779,82.45521114286178,False,False,0.0,0.0,False,0.0,0,0,0,True
128,60,0.4,64.96501690550005,77.26653273654145,74.89717230687323,71.17984579210066,6.496501690550005,1.4680832889374726,20.661371780265377,0.0,75.9398173325524,103.99213501799858,0.9429816331005526,4.64447403728939,20.661371780265377,77.40790062148987,False,True,6.1257051802170635,0.07333222505393022,False,0.0,1,1,0,True
129,60,0.4,64.56567820393272,77.2124589137583,74.89717230687323,71.13003164578433,6.496501690550005,1.5074995996658038,16.67452708446555,0.0,79.87948817109104,101.67684841111353,0.9429816331005526,1.9203673337990161,16.67452708446555,81.38698777075685,False,False,0.0,0.0,False,0.0,1,1,0,True
130,60,0.4,64.96501690550005,77.0378812264849,74.89717230687323,70.96920635158828,6.496501690550005,1.5536041759617203,16.58831120963373,0.0,80.46940558009234,99.5361394915019,0.9429816331005526,1.9203673337990161,16.58831120963373,82.02300975605407,False,False,0.0,0.0,False,0.0,0,0,0,True
131,60,0.4,64.96501690550005,77.20359337943596,74.89717230687323,71.12186449574435,6.496501690550005,1.5761172669399384,16.629300651052425,0.0,81.25836426390163,97.2297184189392,0.9429816331005526,1.9203673337990161,16.629300651052425,82.83448153084156,False,False,0.0,0.0,False,0.0,0,0,0,True
132,60,0.4,64.96501690550005,77.3933274930043,74.89717230687323,71.29665226564913,6.496501690550005,1.5872330573311795,16.83456549618314,0.0,82.12462228217413,94.73356323280817,0.9429816331005526,1.9203673337990161,16.83456549618314,83.7118553395053,False,False,0.0,0.0,False,0.0,0,0,0,True
133,60,0.4,64.96501690550005,77.40711232013598,74.89717230687323,71.30935119019969,6.496501690550005,1.4780119872108242,12.160004953439177,0.0,77.28187379887052,92.22362321954542,0.9429816331005526,4.725593147164879,12.160004953439177,78.75988578608134,False,True,5.735779963827864,0.06788253471846309,False,0.0,1,1,0,True
134,60,0.4,64.77682707242698,84.84304684668989,74.89717230687323,78.79180957705091,6.496501690550005,1.5218155043936983,19.984815590117616,0.0,86.32479830599252,82.27774867972879,0.9429816331005526,4.725593147164879,19.984815590117616,87.84661381038622,False,False,0.0,0.0,False,0.0,0,0,0,True
135,63,0.37,68.21326775077505,77.12562175582751,78.67514595579756,71.99078170885598,6.821326775077505,1.5888909860223694,17.439536944240157,0.0,83.82647653144022,83.82727287969885,0.9467667164161335,4.725593147164879,17.439536944240157,85.41536751746258,False,False,0.0,0.0,False,0.0,0,0,0,True
136,61,0.39,65.89047970283089,78.8733906824618,76.12309390611239,73.03103445383907,6.604776718725839,1.599339057734126,18.36227088846691,0.0,85.35487145166206,81.07697610334945,0.9429816331005526,4.725593147164879,18.36227088846691,86.95421050939619,False,False,0.0,0.0,False,0.0,0,0,0,True
137,61,0.39,65.77988150348752,78.15849578082039,76.12309390611239,73.04105991196852,6.604776718725839,1.6049221312258721,19.420684695448614,0.0,86.53839358301335,79.04157422864145,0.9467667164161335,4.725593147164879,19.420684695448614,88.14331571423922,False,False,0.0,0.0,False,0.0,0,0,0,True
138,62,0.38,66.93244456702024,79.47553011243168,77.2448600261573,73.63720314529277,6.713051746901672,1.555794075243115,19.782542954798977,0.0,87.5944048758157,76.81090414236708,0.9429816331005526,4.725593147164879,19.782542954798977,89.15019895105881,False,False,0.0,0.0,False,0.0,0,0,0,True
139,62,0.38,66.74858290182297,77.68982171148667,77.2448600261573,73.56098949233511,6.713051746901672,1.5599817929429822,20.313177275829474,0.0,88.6345283382059,76.3659424570377,0.9554645875205015,4.725593147164879,20.313177275829474,90.19451013114887,False,False,0.0,0.0,False,0.0,0,0,0,True
140,62,0.38,67.03798960175365,78.321322265993,77.2448600261573,73.58664002432438,6.713051746901672,1.5619424617354813,20.589284417106818,0.0,89.27089572104066,75.289480217202,0.9512831808758231,4.725593147164879,20.589284417106818,90.83283818277614,False,False,0.0,0.0,False,0.0,0,0,0,True
141,62,0.38,67.00545186002614,78.4259894809847,77.2448600261573,73.54834294670373,6.713051746901672,1.5628820036276796,20.864572062545733,0.0,90.16278543565477,74.1083507623746,0.9516795042049205,4.725593147164879,20.864572062545733,91.72566743928245,False,False,0.0,0.0,False,0.0,0,0,0,True
142,62,0.38,67.00435060506597,77.8057086100793,77.2448600261573,73.32799920237841,6.713051746901672,1.5633420921116727,20.92608103980385,0.0,90.67481832186435,73.54750217845259,0.9561550607163596,4.725593147164879,20.92608103980385,92.23816041397602,False,False,0.0,0.0,False,0.0,0,0,0,True
143,63,0.37,68.13864306713883,77.74291293417771,78.4524493266113,74.39222184408472,6.821326775077505,1.5735994667607196,20.82037039201787,0.0,90.91950942116782,74.25703857088618,0.9643482903603143,4.725593147164879,20.82037039201787,92.49310888792854,False,False,0.0,0.0,False,0.0,0,0,0,True
144,63,0.37,68.21326775077505,79.13272439747203,78.51042013126914,74.60976052147677,6.821326775077505,1.5396348916248164,20.81106956661545,0.0,91.90170879444263,73.6347343046833,0.959981051980191,4.725593147164879,20.81106956661545,93.44134368606744,False,False,0.0,0.0,False,0.0,0,0,0,True
145,63,0.37,68.21326775077505,78.90856310113983,78.51042013126914,74.59535358417627,6.821326775077505,1.5416955232138616,20.82318621209014,0.0,92.43834083617045,73.23659133481263,0.9646339497901432,4.725593147164879,20.82318621209014,93.98003635938431,False,False,0.0,0.0,False,0.0,0,0,0,True
146,64,0.36,69.29601803253338,79.93977534628077,79.71800943172315,75.87247824437038,6.929601803253338,1.511474677500596,20.889382320725986,0.0,92.96053163422265,73.01482542025502,0.9692201702008509,4.725593147164879,20.889382320725986,94.47200631172325,False,False,0.0,0.0,False,0.0,0,0,0,True
147,63,0.37,68.21326775077505,78.85198383119325,78.51042013126914,74.82792394933236,6.821326775077505,1.5068985228035476,21.129123264612538,0.0,93.36712068118521,72.67326172033091,0.9692535281882021,4.725593147164879,21.129123264612538,94.87401920398877,False,False,0.0,0.0,False,0.0,0,0,0,True
148,64,0.36,69.29601803253338,79.9622666129621,79.71800943172315,75.72354807412547,6.929601803253338,1.514088149549448,21.09040465008212,0.0,93.98029015676279,72.42900453909198,0.9644641584525292,4.725593147164879,21.09040465008212,95.49437830631224,False,False,0.0,0.0,False,0.0,0,0,0,True
149,63,0.37,68.21326775077505,78.67853912687262,78.51042013126914,74.66333066310506,6.821326775077505,1.5081357497270504,21.16851599912389,0.0,94.23620341069176,72.2608855434885,0.9692535281882021,4.725593147164879,21.16851599912389,95.7443391604188,False,False,0.0,0.0,False,0.0,0,0,0,True
150,64,0.36,69.29601803253338,79.91176107517805,79.71800943172315,75.88187711509339,6.929601803253338,1.5146819148994488,21.288333426556875,0.0,95.10852521917184,72.0671339000336,0.9691170562624813,4.725593147164879,21.288333426556875,96.6232071340713,False,False,0.0,0.0,False,0.0,0,0,0,True
151,63,0.37,68.21326775077505,78.74090425224338,78.51042013126914,74.72251310381984,6.821326775077505,1.5084243836108326,21.42959523363483,0.0,95.27960567761791,71.83664977905939,0.9692535281882021,4.725593147164879,21.42959523363483,96.78803006122874,False,False,0.0,0.0,False,0.0,0,0,0,True
152,64,0.36,69.29601803253338,79.4722849008698,79.71800943172315,75.76134363030056,6.929601803253338,1.5148238986864873,21.434369050762,0.0,96.07845970159447,72.08237430991272,0.9737366346605404,4.725593147164879,21.434369050762,97.59328360028096,False,False,0.0,0.0,False,0.0,0,0,0,True
153,63,0.37,68.21326775077505,79.10048152121334,78.51042013126914,74.57936054100722,6.821326775077505,1.5084949928399658,21.43555973109981,0.0,96.26719829219826,71.49231291996855,0.959981051980191,4.725593147164879,21.43555973109981,97.77569328503823,False,False,0.0,0.0,False,0.0,0,0,0,True
154,64,0.36,69.29601803253338,79.46619079266617,79.71800943172315,75.7555340851703,6.929601803253338,1.51485936255661,21.434617627215115,0.0,97.31511600631086,71.74413155902555,0.9737366346605404,4.725593147164879,21.434617627215115,98.82997536886747,False,False,0.0,0.0,False,0.0,0,0,0,True
155,63,0.37,68.21326775077505,78.89140328225274,78.51042013126914,74.57913173565925,6.821326775077505,1.5085129648144804,21.43556737690732,0.0,97.42478853356853,71.36314840804195,0.9646339497901432,4.725593147164879,21.43556737690732,98.93330149838302,False,False,0.0,0.0,False,0.0,0,0,0,True
156,64,0.36,69.29601803253338,79.81651830493335,79.71800943172315,75.75549246166601,6.929601803253338,1.514868543678647,21.4345750237337,0.0,98.45024141821308,71.26463953483174,0.9692201702008509,4.725593147164879,21.4345750237337,99.96510996189173,False,False,0.0,0.0,False,0.0,0,0,0,True
157,63,0.37,68.21326775077505,78.92786557600782,78.51042013126914,74.5791784067386,6.821326775077505,1.5085176889202623,21.43556606770857,0.0,98.70180959916769,70.84719409009307,0.9649757768693006,4.725593147164879,21.43556606770857,100.21032728808795,False,False,0.0,0.0,False,0.0,0,0,0,True
158,63,0.37,68.21326775077505,78.74913692382354,78.51042013126914,74.57472515768328,6.821326775077505,1.5056379677424252,21.435596392179647,0.0,99.61499863498659,70.6084772975387,0.9644641584525292,4.725593147164879,21.435596392179647,101.12063660272902,False,False,0.0,0.0,False,0.0,0,0,0,True
159,63,0.37,68.21326775077505,78.69928162285336,78.51042013126914,74.68301460555459,6.821326775077505,1.504312603925675,21.54547117656801,0.0,100.11695555568664,70.41961580595449,0.9692535281882021,4.725593147164879,21.54547117656801,101.62126815961231,False,False,0.0,0.0,False,0.0,0,0,0,True
160,63,0.37,68.21326775077505,78.9592927826954,78.51042013126914,74.65581778579634,6.821326775077505,1.5036936452537808,16.832172297093575,0.0,100.74755276096231,69.97074315452824,0.9648393049435798,1.8461599241224245,16.832172297093575,102.25124640621608,False,False,0.0,0.0,False,0.0,1,1,0,True
161,63,0.37,68.21326775077505,78.53855664341293,78.51042013126914,74.66231331705428,6.821326775077505,1.503400482099013,16.82299317228871,0.0,101.27309775603864,69.94260664238445,0.9690837368505882,1.8461599241224245,16.82299317228871,102.77649823813765,False,False,0.0,0.0,False,0.0,0,0,0,True
162,63,0.37,68.21326775077505,78.62726896760903,78.51042013126914,74.66216088120683,6.821326775077505,1.50325975479171,16.813615876370328,0.0,102.00909704910605,69.82575780604455,0.9691170562624813,1.8461599241224245,16.813615876370328,103.51235680389776,False,False,0.0,0.0,False,0.0,0,0,0,True
163,63,0.37,68.21326775077505,79.00296729762773,78.51042013126914,74.66208856237806,6.821326775077505,1.503191346313173,16.804036130957748,0.0,102.48081209969978,69.33321063968597,0.9649424188819491,1.8461599241224245,16.804036130957748,103.98400344601295,False,False,0.0,0.0,False,0.0,0,0,0,True
164,63,0.37,68.21326775077505,78.62715619741815,78.51042013126914,74.66205379792332,6.821326775077505,1.503157702289384,16.794249565302927,0.0,103.24314156389615,69.21647457353698,0.9691170562624813,1.8461599241224245,16.794249565302927,104.74629926618553,False,False,0.0,0.0,False,0.0,0,0,0,True
165,63,0.37,68.21326775077505,78.31913191839494,78.51042013126914,74.66203687861274,6.821326775077505,1.5031409775761713,16.78425171429634,0.0,103.58971612793893,69.4077627864112,0.9737366346605404,1.8461599241224245,16.78425171429634,105.0928571055151,False,False,0.0,0.0,False,0.0,0,0,0,True
166,63,0.37,68.21326775077505,79.17514440695979,78.51042013126914,74.66202854942064,6.821326775077505,1.5031325820550592,16.774038016429735,0.0,103.96683095162906,68.74303851072054,0.9601864071336275,1.8461599241224245,16.774038016429735,105.46996353368412,False,False,0.0,0.0,False,0.0,0,0,0,True
167,63,0.37,68.21326775077505,78.35265018297218,78.51042013126914,74.6939900150262,6.821326775077505,1.5031283302585696,16.795569421045187,0.0,104.58905219570384,68.90080845901753,0.9737366346605404,1.8461599241224245,16.795569421045187,106.09218052596242,False,False,0.0,0.0,False,0.0,0,0,0,True
168,63,0.37,68.21326775077505,78.74833186754088,78.51042013126914,74.77711867931096,6.821326775077505,1.503126159798036,16.900696419784786,0.0,105.21015779946933,68.66289672274577,0.9691170562624813,1.8461599241224245,16.900696419784786,106.71328395926736,False,False,0.0,0.0,False,0.0,0,0,0,True
169,63,0.37,68.21326775077505,78.20177162819827,78.51042013126914,74.77711762476638,6.821326775077505,1.5031250438820745,17.00809303952247,0.0,105.76335901097677,68.97154522581664,0.9732439666572198,1.8461599241224245,17.00809303952247,107.26648405485885,False,False,0.0,0.0,False,0.0,0,0,0,True
170,63,0.37,68.21326775077505,78.6593206799169,78.51042013126914,74.77711708626319,6.821326775077505,1.5031244664693078,17.11780827984481,0.0,106.23613150938863,68.82264467716891,0.9690837368505882,1.8461599241224245,17.11780827984481,107.73925597585793,False,False,0.0,0.0,False,0.0,0,0,0,True
171,63,0.37,68.21326775077505,78.74832989825534,78.51042013126914,74.77711680933484,6.821326775077505,1.5031241659848913,17.229892198206386,0.0,107.19216985167361,68.5847349101827,0.9691170562624813,1.8461599241224245,17.229892198206386,108.6952940176585,False,False,0.0,0.0,False,0.0,0,0,0,True
172,63,0.37,68.21326775077505,78.78569470304517,78.51042013126914,74.77711666602168,6.821326775077505,1.503124008813643,17.34439593276848,0.0,107.74537065006638,68.30946033840672,0.9692201702008509,1.8461599241224245,17.34439593276848,109.24849465888002,False,False,0.0,0.0,False,0.0,0,0,0,True
173,63,0.37,68.21326775077505,79.0875837611179,78.51042013126914,74.7771165914357,6.821326775077505,1.5031239262283773,17.46137172573077,0.0,108.39019734418241,67.732296708558,0.9648393049435798,1.8461599241224245,17.46137172573077,109.8933212704108,False,False,0.0,0.0,False,0.0,0,0,0,True
174,63,0.37,68.21326775077505,78.43984842347517,78.51042013126914,74.77711655242155,6.821326775077505,1.5031238826572466,17.580872947166796,0.0,108.95667561263417,67.80286841635197,0.9737366346605404,1.8461599241224245,17.580872947166796,110.45979949529142,False,False,0.0,0.0,False,0.0,0,0,0,True
175,63,0.37,68.21326775077505,78.0747903762402,78.51042013126914,74.7771165319218,6.821326775077505,1.5031238595858607,17.702954119373985,0.0,109.4679539668069,68.23849817138094,0.9728688201661692,1.8461599241224245,17.702954119373985,110.97107782639276,False,False,0.0,0.0,False,0.0,0,0,0,True
176,63,0.37,68.21326775077505,79.08758368673486,78.51042013126914,74.77711652110675,6.821326775077505,1.503123847329544,17.827670941749393,0.0,110.10631028800083,67.66133461591522,0.9648393049435798,1.8461599241224245,17.827670941749393,111.60943413533037,False,False,0.0,0.0,False,0.0,0,0,0,True
177,63,0.37,68.21326775077505,78.43984838461965,78.51042013126914,74.77711651538038,6.821326775077505,1.5031238407996046,17.955080316202498,0.0,110.67278853319878,67.73190636256469,0.9737366346605404,1.8461599241224245,17.955080316202498,112.17591237399839,False,False,0.0,0.0,False,0.0,0,0,0,True
178,63,0.37,68.21326775077505,78.74832958548633,78.51042013126914,74.77711651233854,6.821326775077505,1.5031238373115,18.085240373116616,0.0,111.18406688540968,67.49399690834751,0.9691170562624813,1.8461599241224245,18.085240373116616,112.68719072272118,False,False,0.0,0.0,False,0.0,0,0,0,True
179,63,0.37,68.21326775077505,78.43984837972894,78.51042013126914,74.77711651071803,6.821326775077505,1.5031238354438994,18.21821049787084,0.0,111.6809155721009,67.56456865988771,0.9737366346605404,1.8461599241224245,18.21821049787084,113.1840394075448,False,False,0.0,0.0,False,0.0,0,0,0,True
180,63,0.37,68.21326775077505,78.42220838889682,78.51042013126914,74.77711650985246,6.821326775077505,1.4045978626679692,13.480884172887635,0.0,104.82566315250074,67.65278040226005,0.9685910688472674,6.373815660910122,13.480884172887635,106.23026101516871,False,True,7.451556047815834,0.065547474876192,False,0.0,1,1,0,True
181,63,0.37,67.99875742694816,89.91566628391946,78.51042013126914,85.38129366538831,6.821326775077505,1.4484620550089684,24.377001025471444,0.0,116.66646846773293,56.24753424960973,0.9691170562624813,6.373815660910122,24.377001025471444,118.1149305227419,False,False,0.0,0.0,False,0.0,0,0,0,True
182,63,0.37,68.21326775077505,76.05616115487369,78.51042013126914,73.599835514062,6.821326775077505,1.478133422610268,23.498196391937462,0.0,115.23170945594232,58.70179322600521,0.9868096644004849,6.373815660910122,23.498196391937462,116.70984287855259,False,False,0.0,0.0,False,0.0,0,0,0,True
183,63,0.37,68.21326775077505,79.01198614435604,78.51042013126914,75.48224720824753,6.821326775077505,1.4927118773782029,24.467737740442416,0.0,116.1267065824834,58.200227212918314,0.978608514501077,6.373815660910122,24.467737740442416,117.61941845986159,False,False,0.0,0.0,False,0.0,0,0,0,True
184,63,0.37,68.21326775077505,79.25706556401092,78.51042013126914,76.12933849002187,6.821326775077505,1.499969604399573,26.097981386765603,0.0,117.57150639940886,57.45358178017656,0.9775217179761213,6.373815660910122,26.097981386765603,119.07147600380843,False,False,0.0,0.0,False,0.0,0,0,0,True
185,63,0.37,68.21326775077505,79.03384359923473,78.51042013126914,75.34337525105585,6.821326775077505,1.5014164900286513,26.97164681350895,0.0,118.07331446782328,56.930158312210985,0.9737366346605404,6.373815660910122,26.97164681350895,119.57473095785193,False,False,0.0,0.0,False,0.0,0,0,0,True
186,63,0.37,68.21326775077505,77.7774608574007,78.51042013126914,74.68172414494315,6.821326775077505,1.5021883895920372,27.201847995378742,0.0,118.31584366982477,57.66311758607945,0.9830245810849039,6.373815660910122,27.201847995378742,119.81803205941681,False,False,0.0,0.0,False,0.0,0,0,0,True
187,63,0.37,68.15657595886631,77.96862306742459,78.51042013126914,74.58928168208189,6.821326775077505,1.5026071981571496,22.525697165907552,0.0,119.10624944767133,58.204914649924014,0.9729021395780624,3.448684778323943,22.525697165907552,120.60885664582848,False,False,0.0,0.0,False,0.0,1,1,0,True
188,63,0.37,68.21326775077505,76.87132802922518,78.51042013126914,73.28183788101886,6.821326775077505,1.5028371000875036,21.25948503197498,0.0,118.00863897475283,59.84400675196799,0.9737366346605404,3.448684778323943,21.25948503197498,119.51147607484033,False,False,0.0,0.0,False,0.0,0,0,0,True
189,63,0.37,68.21326775077505,77.38820767328663,78.51042013126914,73.4514386523928,6.821326775077505,1.5029642658977223,15.625392869032664,0.0,117.52746054484992,60.96621920995051,0.9694588833416388,0.7426599393377389,15.625392869032664,119.03042481074763,False,False,0.0,0.0,False,0.0,1,1,0,True
190,63,0.37,68.21326775077505,77.51203108486976,78.51042013126914,73.60316352170044,6.821326775077505,1.5030349282446696,14.531374220456822,0.0,117.59700125641159,61.96460825634991,0.9691170562624813,0.7426599393377389,14.531374220456822,119.10003618465626,False,False,0.0,0.0,False,0.0,0,0,0,True
191,63,0.37,68.21326775077505,77.39063311145327,78.51042013126914,73.77689412399361,6.821326775077505,1.5030742894670828,13.58743574830641,0.0,117.2678254365432,63.08439527616579,0.9737366346605404,0.7426599393377389,13.58743574830641,118.77089972601028,False,False,0.0,0.0,False,0.0,0,0,0,True
192,63,0.37,68.21326775077505,78.40316843289791,78.51042013126914,73.9340564990178,6.821326775077505,1.5030962367060083,12.7802632422384,0.0,117.27820652625101,63.191646974537036,0.9601864071336275,0.7426599393377389,12.7802632422384,118.78130276295703,False,False,0.0,0.0,False,0.0,0,0,0,True
193,63,0.37,68.21326775077505,77.72286487201856,78.51042013126914,74.09361239387201,6.821326775077505,1.5031084745781764,12.115210611663114,0.0,117.70016406348194,63.979202233787625,0.9737366346605404,0.7426599393377389,12.115210611663114,119.2032725380601,False,False,0.0,0.0,False,0.0,0,0,0,True
194,63,0.37,68.21326775077505,78.60252963714083,78.51042013126914,74.3179498662697,6.821326775077505,1.5031152945623667,11.660131997859505,0.0,118.20582410209356,63.88709272791595,0.9646005918027919,0.7426599393377389,11.660131997859505,119.70893939665592,False,False,0.0,0.0,False,0.0,0,0,0,True
195,63,0.37,68.21326775077505,78.53465732577507,78.51042013126914,74.33719127225001,6.821326775077505,1.5031190916843944,11.214466926837588,0.0,118.42720446512976,63.86285553341001,0.9648059855316864,0.7426599393377389,11.214466926837588,119.93032355681416,False,False,0.0,0.0,False,0.0,0,0,0,True
196,63,0.37,68.21326775077505,78.33572850274271,78.51042013126914,74.38532256064659,6.821326775077505,1.503121203389643,10.807309850498536,0.0,119.08364000810677,64.03754716193646,0.9691170562624813,0.7426599393377389,10.807309850498536,120.58676121149641,False,False,0.0,0.0,False,0.0,0,0,0,True
197,63,0.37,68.21326775077505,78.4427018099944,78.51042013126914,74.45229025136884,6.821326775077505,1.5031223763437678,10.458329279466469,0.0,119.27519071564355,64.10526548321121,0.9694588833416388,0.7426599393377389,10.458329279466469,120.77831309198731,False,False,0.0,0.0,False,0.0,0,0,0,True
198,63,0.37,68.21326775077505,77.92223760390087,78.51042013126914,74.5449066723843,6.821326775077505,1.5031230270578197,10.194430352057127,0.0,119.88266938873699,64.69344801057949,0.9729021395780624,0.7426599393377389,10.194430352057127,121.38579241579481,False,False,0.0,0.0,False,0.0,0,0,0,True
199,63,0.37,68.21326775077505,78.43870247720496,78.51042013126914,74.56738741871771,6.821326775077505,1.5031233876139707,9.947314480971663,0.0,120.08369154854492,64.76516566464369,0.9690837368505882,0.7426599393377389,9.947314480971663,121.58681493615889,False,False,0.0,0.0,False,0.0,0,0,0,True
200,63,0.37,68.21326775077505,78.86576508801255,78.51042013126914,74.56738757972313,6.821326775077505,1.5031235871647017,9.694863544900986,0.0,120.6376938849341,64.4098207079003,0.9648393049435798,0.7426599393377389,9.694863544900986,122.1408174720988,False,False,0.0,0.0,False,0.0,0,0,0,True
201,63,0.37,68.21326775077505,78.56472276042102,78.51042013126914,74.56738766895181,6.821326775077505,1.5031236974867639,9.43696236339039,0.0,121.23173947593062,64.35551807874845,0.9692201702008509,0.7426599393377389,9.43696236339039,122.73486317341738,False,False,0.0,0.0,False,0.0,0,0,0,True
202,63,0.37,68.21326775077505,78.52746265502145,78.51042013126914,74.5673877183434,6.821326775077505,1.503123758417214,9.173493269316834,0.0,121.81145276810516,64.33847555499612,0.9691170562624813,0.7426599393377389,9.173493269316834,123.31457652652237,False,False,0.0,0.0,False,0.0,0,0,0,True
203,63,0.37,68.21326775077505,78.77785189429353,78.51042013126914,74.56738774565329,6.821326775077505,1.5031237920377643,8.904336055203458,0.0,122.08209813200301,64.07104379197175,0.9648059855316864,0.7426599393377389,8.904336055203458,123.58522192404078,False,False,0.0,0.0,False,0.0,0,0,0,True
204,63,0.37,68.21326775077505,78.52746269966771,78.51042013126914,74.56738776073817,6.821326775077505,1.5031238105734546,8.629367918375056,0.0,122.76449933070448,64.05400122357318,0.9691170562624813,0.7426599393377389,8.629367918375056,124.26762314127794,False,False,0.0,0.0,False,0.0,0,0,0,True
205,63,0.37,68.21326775077505,77.63094305783609,78.51042013126914,74.56738776906256,6.821326775077505,1.5031238207847324,8.348463404929488,0.0,123.03514470962821,64.93347829700625,0.9775217179761213,0.7426599393377389,8.348463404929488,124.53826853041295,False,False,0.0,0.0,False,0.0,0,0,0,True
206,63,0.37,68.21326775077505,78.28691204328058,78.51042013126914,74.63132150364511,6.821326775077505,1.5031238264062163,8.125428082492213,0.0,123.20818809419099,65.15698638499482,0.9737366346605404,0.7426599393377389,8.125428082492213,124.7113119205972,False,False,0.0,0.0,False,0.0,0,0,0,True
207,63,0.37,68.21326775077505,78.98749628821243,78.51042013126914,74.68248413113196,6.821326775077505,1.5031238294990132,7.9487402028316705,0.0,123.82792984125449,64.67991022805154,0.9648393049435798,0.7426599393377389,7.9487402028316705,125.3310536707535,False,False,0.0,0.0,False,0.0,0,0,0,True
208,63,0.37,68.21326775077505,78.55977466711113,78.51042013126914,74.68248413252414,6.821326775077505,1.5031238311996407,7.768237751019415,0.0,124.49916474629129,64.63055569220958,0.9690837368505882,0.7426599393377389,7.768237751019415,126.00228857749093,False,False,0.0,0.0,False,0.0,0,0,0,True
209,63,0.37,68.21326775077505,79.07694799677785,78.51042013126914,74.76650794741421,6.821326775077505,1.5031238321342926,7.667862187139598,0.0,125.32920085870806,64.0640278267009,0.9646005918027919,0.7426599393377389,7.667862187139598,126.83232469084236,False,False,0.0,0.0,False,0.0,0,0,0,True
210,63,0.37,68.21326775077505,78.80649853176695,78.51042013126914,74.7975804886622,6.821326775077505,1.5031238326477414,7.5963921233624365,0.0,125.92306375404138,63.767949426203096,0.9694588833416388,0.7426599393377389,7.5963921233624365,127.42618758668912,False,False,0.0,0.0,False,0.0,0,0,0,True
211,63,0.37,68.21326775077505,78.01956336200348,78.51042013126914,74.79758048889373,6.821326775077505,1.5031238329296912,7.523379069112531,0.0,126.64247517601088,64.25880619546876,0.977774019418599,0.7426599393377389,7.523379069112531,128.14559900894056,False,False,0.0,0.0,False,0.0,0,0,0,True
212,63,0.37,68.21326775077505,78.06903284131063,78.51042013126914,74.79758048902092,6.821326775077505,1.503123833084464,7.448789712266271,0.0,126.84244389683333,64.70019348542725,0.9781527012443674,0.7426599393377389,7.448789712266271,128.3455677299178,False,False,0.0,0.0,False,0.0,0,0,0,True
213,63,0.37,68.11983316614474,78.36470368801541,78.51042013126914,74.70548068424088,6.821326775077505,1.39503678947507,2.6448614952840686,0.0,118.44552307699496,64.84590992868098,0.9737366346605404,7.190433591988202,2.6448614952840686,119.84055986647003,False,True,9.285211636256541,0.07190827615740887,False,0.0,1,1,0,True
214,63,0.37,68.1715141574557,90.67952996481881,78.51042013126914,85.51064485947701,6.821326775077505,1.4489078000292088,13.273637208593241,0.0,129.21223728470486,52.67680009513131,0.9601864071336275,7.190433591988202,13.273637208593241,130.66114508473407,False,False,0.0,0.0,False,0.0,0,0,0,True
215,63,0.37,68.21326775077505,84.84166526340105,78.51042013126914,82.1016011498404,6.821326775077505,1.476548603615418,20.654853510869533,0.0,136.42051612804696,46.345554962999415,0.9868096644004849,7.190433591988202,20.654853510869533,137.89706473166237,False,False,0.0,0.0,False,0.0,0,0,0,True
216,64,0.36,69.29601803253338,84.12030636660916,79.92541327565243,82.02952543529598,6.929601803253339,1.4993555670486682,26.92749043009303,0.0,142.22613491828645,42.1506618720427,0.9906356556643162,7.190433591988202,26.92749043009303,143.72549048533511,False,False,0.0,0.0,False,0.0,0,0,0,True
217,64,0.36,69.29601803253338,77.71047677447304,79.71800943172315,75.77074035513914,6.929601803253338,1.5103319446052788,27.06493368368203,0.0,141.77125543763884,44.158194529292814,0.9958092353325124,7.190433591988202,27.06493368368203,143.2815873822441,False,False,0.0,0.0,False,0.0,0,0,0,True
218,63,0.37,68.21326775077505,77.20905951522397,78.51042013126914,74.74541749019791,6.821326775077505,1.5060368451016384,27.355775212347623,0.0,141.78050759934013,45.459555145338,0.9868096644004849,7.190433591988202,27.355775212347623,143.28654444444177,False,False,0.0,0.0,False,0.0,0,0,0,True
219,63,0.37,68.18180745427763,77.30694243671981,78.51042013126914,74.80984463329654,6.821326775077505,1.50428235520502,27.751323862657124,0.0,142.22210007856896,46.66303283988735,0.9813477092399527,7.190433591988202,27.751323862657124,143.72638243377398,False,False,0.0,0.0,False,0.0,0,0,0,True
220,63,0.37,68.21326775077505,78.81305580677129,78.51042013126914,75.13289709713005,6.821326775077505,1.503572147056362,28.448048590626353,0.0,142.50315710135598,46.36039716438522,0.9737366346605404,7.190433591988202,28.448048590626353,144.00672924841234,False,False,0.0,0.0,False,0.0,0,0,0,True
221,63,0.37,68.21326775077505,77.95546976748373,78.51042013126914,75.04426473544243,6.821326775077505,1.503289264633546,29.071610099592743,0.0,142.71650266729335,46.91534752817065,0.9823935978166579,7.190433591988202,29.071610099592743,144.2197919319269,False,False,0.0,0.0,False,0.0,0,0,0,True
222,63,0.37,68.21326775077505,78.41343732563159,78.51042013126914,75.12755283784121,6.821326775077505,1.5031796483394273,29.79209524949353,0.0,142.9044912200324,47.0123303338082,0.9781527012443674,7.190433591988202,29.79209524949353,144.40767086837184,False,False,0.0,0.0,False,0.0,0,0,0,True
223,63,0.37,68.14745742139439,78.42663332355627,78.51042013126914,74.76451852875438,6.821326775077505,1.5031391518509656,30.230980327936656,0.0,143.39164352040734,47.09611714152109,0.9737366346605404,7.190433591988202,30.230980327936656,144.89478267225832,False,False,0.0,0.0,False,0.0,0,0,0,True
224,63,0.37,68.21326775077505,77.69374420328812,78.51042013126914,74.62771058855704,6.821326775077505,1.5031254767866107,30.476749191055944,0.0,143.53717129240258,47.912793069502094,0.9775217179761213,7.190433591988202,30.476749191055944,145.04029676918918,False,False,0.0,0.0,False,0.0,0,0,0,True
225,63,0.37,68.21326775077505,77.74068774496,78.51042013126914,74.53513038308175,6.821326775077505,1.5031217229852205,30.635253753954647,0.0,143.79091858202443,48.682525455811266,0.9830916209734151,7.190433591988202,30.635253753954647,145.29404030500964,False,False,0.0,0.0,False,0.0,0,0,0,True
226,63,0.37,68.21326775077505,77.30096148123907,78.51042013126914,74.61113179221188,6.821326775077505,1.5031213229678426,30.873185086374356,0.0,144.02544998378545,49.89198410584136,0.9819786925081987,7.190433591988202,30.873185086374356,145.5285713067533,False,False,0.0,0.0,False,0.0,0,0,0,True
227,63,0.37,68.16558702799813,77.76452995059886,78.51042013126914,74.39403443541545,6.821326775077505,1.5031218441806369,30.94683748299482,0.0,144.60973914545113,50.63787428651165,0.9729021395780624,7.190433591988202,30.94683748299482,146.11286098963177,False,False,0.0,0.0,False,0.0,0,0,0,True
228,63,0.37,68.21326775077505,78.045270195152,78.51042013126914,74.40096306970344,6.821326775077505,1.5031224633134026,30.981327994613252,0.0,144.62731739390685,51.103024222628804,0.9737366346605404,7.190433591988202,30.981327994613252,146.13043985722024,False,False,0.0,0.0,False,0.0,0,0,0,True
229,63,0.37,68.21326775077505,78.01547807725882,78.51042013126914,74.37256208835511,6.821326775077505,1.5031229539527495,30.988162023273063,0.0,144.75405084892176,51.597966276639134,0.9737366346605404,7.190433591988202,30.988162023273063,146.25717380287452,False,False,0.0,0.0,False,0.0,0,0,0,True
230,63,0.37,68.21326775077505,78.43244616531462,78.51042013126914,74.47716283155785,6.821326775077505,1.5031232919912743,31.09974418460422,0.0,145.2307565741811,51.675940242593654,0.9691170562624813,7.190433591988202,31.09974418460422,146.73387986617237,False,False,0.0,0.0,False,0.0,0,0,0,True
231,63,0.37,68.21326775077505,78.124183134342,78.51042013126914,74.4761911861507,6.821326775077505,1.5031235090483743,31.21276356315147,0.0,145.42517750546327,52.062177239520786,0.9737366346605404,7.190433591988202,31.21276356315147,146.92830101451165,False,False,0.0,0.0,False,0.0,0,0,0,True
232,63,0.37,68.21326775077505,77.37380248816784,78.51042013126914,74.48431950738951,6.821326775077505,1.5031236427120986,31.336351191699126,0.0,145.71613690870726,53.1987948826221,0.9823935978166579,7.190433591988202,31.336351191699126,147.21926055141935,False,False,0.0,0.0,False,0.0,0,0,0,True
233,63,0.37,68.21326775077505,78.37545173144001,78.51042013126914,74.42304257980355,6.821326775077505,1.503123722803687,31.401330012633228,0.0,145.7516355462159,53.333763282451244,0.9691170562624813,7.190433591988202,31.401330012633228,147.2547592690196,False,False,0.0,0.0,False,0.0,0,0,0,True
234,63,0.37,68.21326775077505,78.10790154776151,78.51042013126914,74.49926283038293,6.821326775077505,1.5031237698917377,31.54393190006109,0.0,145.96871060241259,53.736281865958894,0.9738749499254655,7.190433591988202,31.54393190006109,147.47183437230433,False,False,0.0,0.0,False,0.0,0,0,0,True
235,63,0.37,68.01876924539008,78.11813543898319,78.51042013126914,74.17870253496896,6.821326775077505,1.5031237971965838,31.563550656246044,0.0,146.59136599555103,54.128566558244856,0.9691170562624813,7.190433591988202,31.563550656246044,148.09448979274762,False,False,0.0,0.0,False,0.0,0,0,0,True
236,63,0.37,68.21326775077505,78.05221971466021,78.51042013126914,74.40758808289117,6.821326775077505,1.5031238128664701,31.617979999047083,0.0,146.79516357015268,54.5867669748538,0.9737366346605404,7.190433591988202,31.617979999047083,148.29828738301916,False,False,0.0,0.0,False,0.0,0,0,0,True
237,63,0.37,68.21326775077505,78.19150144763394,78.51042013126914,74.5403660852653,6.821326775077505,1.5031238217876381,31.806362430273822,0.0,147.17891122059228,54.90568565848904,0.9737366346605404,7.190433591988202,31.806362430273822,148.6820350423799,False,False,0.0,0.0,False,0.0,0,0,0,True
238,63,0.37,68.21326775077505,78.0634903015178,78.51042013126914,74.35039226045909,6.821326775077505,1.5031238268348064,31.808838082452784,0.0,147.4950402822689,55.35261548824039,0.9686243882591608,7.190433591988202,31.808838082452784,148.9981641091037,False,False,0.0,0.0,False,0.0,0,0,0,True
239,63,0.37,68.21326775077505,78.0096203695354,78.51042013126914,74.36697790503543,6.821326775077505,1.5031238296759315,31.827952824662834,0.0,147.59127287350475,55.853415249974134,0.9737366346605404,7.190433591988202,31.827952824662834,149.09439670318068,False,False,0.0,0.0,False,0.0,0,0,0,True
240,63,0.37,68.21326775077505,78.29399254540392,78.51042013126914,74.34569131308739,6.821326775077505,1.5031238312687356,31.826193648068575,0.0,147.76985834963983,56.06984283583936,0.9691170562624813,7.190433591988202,31.826193648068575,149.27298218090857,False,False,0.0,0.0,False,0.0,0,0,0,True
241,63,0.37,68.21326775077505,78.33458193444712,78.51042013126914,74.34967047705653,6.821326775077505,1.5031238321587175,31.828375655304477,0.0,147.8632696366786,56.2456810326614,0.9694588833416388,7.190433591988202,31.828375655304477,149.36639346883732,False,False,0.0,0.0,False,0.0,0,0,0,True
242,63,0.37,68.21326775077505,78.50164504643305,78.51042013126914,74.34035257334615,6.821326775077505,1.5031238326546208,31.82128686650044,0.0,148.22798706225265,56.254456117497504,0.9644641584525292,7.190433591988202,31.82128686650044,149.73111089490726,False,False,0.0,0.0,False,0.0,0,0,0,True
243,63,0.37,68.21326775077505,77.99324928512624,78.51042013126914,74.35137126489579,6.821326775077505,1.5031238329303016,31.825063726856712,0.0,148.44103245180318,56.771626963640415,0.9737366346605404,7.190433591988202,31.825063726856712,149.94415628473348,False,False,0.0,0.0,False,0.0,0,0,0,True
244,63,0.37,68.21326775077505,78.33147619770267,78.51042013126914,74.34672273038022,6.821326775077505,1.503123833083259,31.824273592442395,0.0,148.68945217883916,56.95057089720688,0.9694588833416388,7.190433591988202,31.824273592442395,150.19257601192243,False,False,0.0,0.0,False,0.0,0,0,0,True
245,63,0.37,68.21326775077505,78.28775152306551,78.51042013126914,74.33976502033919,6.821326775077505,1.5031238331679864,31.816508689449734,0.0,149.23031560705203,57.173239505410514,0.9691170562624813,7.190433591988202,31.816508689449734,150.73343944022002,False,False,0.0,0.0,False,0.0,0,0,0,True
246,63,0.37,68.21326775077505,77.63823911704488,78.51042013126914,74.35900404998371,6.821326775077505,1.503123833214852,31.827815177045284,0.0,149.33723204848113,58.04542051963481,0.9728688201661692,7.190433591988202,31.827815177045284,150.84035588169598,False,False,0.0,0.0,False,0.0,0,0,0,True
247,63,0.37,68.21326775077505,78.5698448180206,78.51042013126914,74.43535363696486,6.821326775077505,1.503123833240744,31.915715351042348,0.0,149.58436232860436,57.98599583288338,0.9697111847841164,7.190433591988202,31.915715351042348,151.0874861618451,False,False,0.0,0.0,False,0.0,0,0,0,True
248,63,0.37,68.21326775077505,78.02062928168002,78.51042013126914,74.37747275839249,6.821326775077505,1.5031238332550345,31.94763235192627,0.0,149.70551220182568,58.47578668247252,0.9737366346605404,7.190433591988202,31.94763235192627,151.20863603508073,False,False,0.0,0.0,False,0.0,0,0,0,True
249,63,0.37,68.21326775077505,78.29265668262622,78.51042013126914,74.34442281676372,6.821326775077505,1.503123833262915,31.94718847769712,0.0,149.88232839256375,58.69355013111544,0.9691170562624813,7.190433591988202,31.94718847769712,151.38545222582667,False,False,0.0,0.0,False,0.0,0,0,0,True
250,63,0.37,68.21326775077505,78.32995673842458,78.51042013126914,74.34528056660223,6.821326775077505,1.5031238332672565,31.94759277035773,0.0,150.03969702387116,58.874013523960016,0.9694588833416388,7.190433591988202,31.94759277035773,151.54282085713842,False,False,0.0,0.0,False,0.0,0,0,0,True
251,63,0.37,68.21326775077505,78.60844915561313,78.51042013126914,74.44149510517504,6.821326775077505,1.5031238332696473,32.044220329995035,0.0,150.65911987507633,58.775984499616044,0.9644641584525292,7.190433591988202,32.044220329995035,152.16224370834598,False,False,0.0,0.0,False,0.0,0,0,0,True
252,63,0.37,68.21326775077505,78.00384660232461,78.51042013126914,74.3614737426442,6.821326775077505,1.5031238332709629,32.06291265094088,0.0,151.0689192008855,59.28255802856057,0.9737366346605404,7.190433591988202,32.06291265094088,152.57204303415645,False,False,0.0,0.0,False,0.0,0,0,0,True
253,63,0.37,68.21326775077505,78.05751017380345,78.51042013126914,74.34469657814186,6.821326775077505,1.5031238332716867,32.06523136198567,0.0,151.3939681555813,59.73546798602629,0.9686243882591608,7.190433591988202,32.06523136198567,152.897091988853,False,False,0.0,0.0,False,0.0,0,0,0,True
254,63,0.37,68.21326775077505,78.32963705250737,78.51042013126914,74.34426300814339,6.821326775077505,1.5031238332720842,32.067166562439226,0.0,151.6183358784065,59.916251064788085,0.9692201702008509,7.190433591988202,32.067166562439226,153.12145971167857,False,False,0.0,0.0,False,0.0,0,0,0,True
255,63,0.37,68.21326775077505,78.19918843103008,78.51042013126914,74.3396945055345,6.821326775077505,1.5031238332723031,32.06457503995628,0.0,151.98595688336013,60.227482765027155,0.9690837368505882,7.190433591988202,32.06457503995628,153.48908071663243,False,False,0.0,0.0,False,0.0,0,0,0,True
256,63,0.37,68.21326775077505,78.25188270947466,78.51042013126914,74.34366472341912,6.821326775077505,1.503123833272423,32.06589778613535,0.0,152.52288040102624,60.48602018682162,0.9692553715274066,7.190433591988202,32.06589778613535,154.02600423429865,False,False,0.0,0.0,False,0.0,0,0,0,True
257,63,0.37,67.94349856405853,77.82011384917993,78.51042013126914,74.18632035093664,6.821326775077505,1.5031238332724894,32.179673903746256,0.0,153.1157819758151,61.176326468910844,0.9737366346605404,7.190433591988202,32.179673903746256,154.6189058090876,False,False,0.0,0.0,False,0.0,0,0,0,True
258,63,0.37,68.21326775077505,78.29634815748224,78.51042013126914,74.34792813359856,6.821326775077505,1.5031238332725256,32.18774496694351,0.0,153.362266750154,61.39039844269776,0.9691170562624813,7.190433591988202,32.18774496694351,154.86539058342652,False,False,0.0,0.0,False,0.0,0,0,0,True
259,63,0.37,68.21326775077505,78.5391528585917,78.51042013126914,74.34144653093757,6.821326775077505,1.5031238332725456,32.18950867629052,0.0,153.50811950915914,61.3616657153752,0.9648059855316864,7.190433591988202,32.18950867629052,155.0112433424317,False,False,0.0,0.0,False,0.0,0,0,0,True
260,63,0.37,68.21326775077505,78.61663161453201,78.51042013126914,74.33128315278873,6.821326775077505,1.5031238332725565,32.18114708478393,0.0,154.2471010270253,61.25545423211234,0.9646005918027919,7.190433591988202,32.18114708478393,155.75022486029786,False,False,0.0,0.0,False,0.0,0,0,0,True
261,63,0.37,68.21326775077505,77.98860959186027,78.51042013126914,74.34694822111014,6.821326775077505,1.5031238332725625,32.188270040477725,0.0,154.47511545837702,61.777264771521224,0.9737366346605404,7.190433591988202,32.188270040477725,155.97823929164957,False,False,0.0,0.0,False,0.0,0,0,0,True
262,63,0.37,68.21326775077505,78.26619738712135,78.51042013126914,74.3394268808355,6.821326775077505,1.5031238332725658,32.18802543570611,0.0,154.723922832212,62.02148751566904,0.9639714904492085,7.190433591988202,32.18802543570611,156.22704666548455,False,False,0.0,0.0,False,0.0,0,0,0,True
263,63,0.37,68.21326775077505,77.98197361268711,78.51042013126914,74.34062210755887,6.821326775077505,1.5031238332725676,32.18897077680581,0.0,154.91338953898648,62.549934034251066,0.9737366346605404,7.190433591988202,32.18897077680581,156.41651337225903,False,False,0.0,0.0,False,0.0,0,0,0,True
264,63,0.37,68.21326775077505,78.28688939674676,78.51042013126914,74.33894637033701,6.821326775077505,1.5031238332725687,32.1882607899604,0.0,155.1479288469654,62.773464768773465,0.9691170562624813,7.190433591988202,32.1882607899604,156.651052680238,False,False,0.0,0.0,False,0.0,0,0,0,True
265,63,0.37,68.21326775077505,78.32461611447673,78.51042013126914,74.3402116223268,6.821326775077505,1.5031238332725694,32.188800726967656,0.0,155.34326971897175,62.95926878556589,0.9694588833416388,7.190433591988202,32.188800726967656,156.84639355224434,False,False,0.0,0.0,False,0.0,0,0,0,True
266,63,0.37,68.21326775077505,78.49597097522278,78.51042013126914,74.33497927888781,6.821326775077505,1.5031238332725696,32.18411997741173,0.0,155.86110552436412,62.97371794161227,0.9644641584525292,7.190433591988202,32.18411997741173,157.3642293576367,False,False,0.0,0.0,False,0.0,0,0,0,True
267,63,0.37,68.21326775077505,78.32636225237262,78.51042013126914,74.34115482825544,6.821326775077505,1.5031238332725698,32.185513722997534,0.0,156.27886919245253,63.15777582050879,0.9692201702008509,7.190433591988202,32.185513722997534,157.78199302572511,False,False,0.0,0.0,False,0.0,0,0,0,True
268,63,0.37,68.21326775077505,78.62462248147023,78.51042013126914,74.33938783631153,6.821326775077505,1.50312383327257,32.18517056666659,0.0,156.71395791644468,63.04357347030772,0.9648393049435798,7.190433591988202,32.18517056666659,158.21708174971727,False,False,0.0,0.0,False,0.0,0,0,0,True
269,63,0.37,68.21326775077505,77.98462950586992,78.51042013126914,74.34315398438005,6.821326775077505,1.50312383327257,32.18858614989042,0.0,156.9307224900294,63.56936409570696,0.9737366346605404,7.190433591988202,32.18858614989042,158.433846323302,False,False,0.0,0.0,False,0.0,0,0,0,True
270,63,0.37,68.21326775077505,78.50037587997474,78.51042013126914,74.33915068411275,6.821326775077505,1.50312383327257,32.18807217298506,0.0,157.17714106576156,63.5794083470014,0.9644641584525292,7.190433591988202,32.18807217298506,158.68026489903414,False,False,0.0,0.0,False,0.0,0,0,0,True
271,63,0.37,68.21326775077505,78.3245896029664,78.51042013126914,74.3401864594676,6.821326775077505,1.50312383327257,32.18858287501982,0.0,157.3988728044288,63.76523887530413,0.9694588833416388,7.190433591988202,32.18858287501982,158.9019966377014,False,False,0.0,0.0,False,0.0,0,0,0,True
272,63,0.37,68.21326775077505,77.70214783138084,78.51042013126914,74.3343561022704,6.821326775077505,1.50312383327257,32.18327424556986,0.0,157.97406444945616,64.57351117519245,0.9729021395780624,7.190433591988202,32.18327424556986,159.47718828272875,False,False,0.0,0.0,False,0.0,0,0,0,True
273,63,0.37,68.21326775077505,78.3329074558143,78.51042013126914,74.34736701491198,6.821326775077505,1.50312383327257,32.19086191903216,0.0,158.01990232372953,64.7510238506473,0.9692201702008509,7.190433591988202,32.19086191903216,159.5230261570021,False,False,0.0,0.0,False,0.0,0,0,0,True
274,63,0.37,68.21326775077505,78.53351932365764,78.51042013126914,74.33611409328275,6.821326775077505,1.50312383327257,32.187360483617624,0.0,158.32037680491652,64.72792465825883,0.9648059855316864,7.190433591988202,32.187360483617624,159.8235006381891,False,False,0.0,0.0,False,0.0,0,0,0,True
275,63,0.37,68.21326775077505,78.28225548750541,78.51042013126914,74.33454614530275,6.821326775077505,1.50312383327257,32.18221550659411,0.0,159.03478187696032,64.95608930202258,0.9691170562624813,7.190433591988202,32.18221550659411,160.5379057102329,False,False,0.0,0.0,False,0.0,0,0,0,True
276,63,0.37,68.21326775077505,78.33241792950083,78.51042013126914,74.34761655590583,6.821326775077505,1.50312383327257,32.19002986358985,0.0,159.13302401265315,65.1340915037909,0.9694588833416388,7.190433591988202,32.19002986358985,160.63614784592573,False,False,0.0,0.0,False,0.0,0,0,0,True
277,63,0.37,68.21326775077505,78.49676048814244,78.51042013126914,74.33572694052947,6.821326775077505,1.50312383327257,32.186123311906236,0.0,159.5162210875976,65.14775114691761,0.9644641584525292,7.190433591988202,32.186123311906236,161.01934492087017,False,False,0.0,0.0,False,0.0,0,0,0,True
278,63,0.37,68.21326775077505,77.98056428967448,78.51042013126914,74.33927859258156,6.821326775077505,1.50312383327257,32.18568407245872,0.0,159.93000147006768,65.67760698851227,0.9737366346605404,7.190433591988202,32.18568407245872,161.43312530334026,False,False,0.0,0.0,False,0.0,0,0,0,True
279,63,0.37,68.21326775077505,78.46991453612975,78.51042013126914,74.34068187213174,6.821326775077505,1.50312383327257,32.18663862967795,0.0,160.26696601908037,65.71811258365169,0.9697111847841164,7.190433591988202,32.18663862967795,161.77008985235295,False,False,0.0,0.0,False,0.0,0,0,0,True
280,63,0.37,68.21326775077505,78.32598100345115,78.51042013126914,74.34079297709467,6.821326775077505,1.50312383327257,32.18772490010666,0.0,160.53149291321927,65.9025517114697,0.9692201702008509,7.190433591988202,32.18772490010666,162.03461674649185,False,False,0.0,0.0,False,0.0,0,0,0,True
281,63,0.37,68.21326775077505,78.49916035887415,78.51042013126914,74.33799959655114,6.821326775077505,1.50312383327257,32.18604124183774,0.0,160.9136503108479,65.91381148386472,0.9644641584525292,7.190433591988202,32.18604124183774,162.4167741441205,False,False,0.0,0.0,False,0.0,0,0,0,True
282,63,0.37,68.21326775077505,77.74714548496803,78.51042013126914,74.3424007138855,6.821326775077505,1.50312383327257,32.188722351856725,0.0,161.11991351663093,66.67708613016585,0.9732439666572198,7.190433591988202,32.188722351856725,162.6230373499035,False,False,0.0,0.0,False,0.0,0,0,0,True
283,63,0.37,68.21326775077505,78.28733104204714,78.51042013126914,74.3393657438305,6.821326775077505,1.50312383327257,32.1884263751777,0.0,161.34259322102184,66.90017521938783,0.9691170562624813,7.190433591988202,32.1884263751777,162.84571705429443,False,False,0.0,0.0,False,0.0,0,0,0,True
284,63,0.37,68.21326775077505,77.98302184041063,78.51042013126914,74.34162138851401,6.821326775077505,1.50312383327257,32.190379653245316,0.0,161.430536677967,67.42757351024636,0.9737366346605404,7.190433591988202,32.190379653245316,162.9336605112396,False,False,0.0,0.0,False,0.0,0,0,0,True
285,63,0.37,68.21326775077505,78.83124849957869,78.51042013126914,74.33773528482052,6.821326775077505,1.50312383327257,32.1884889975755,0.0,161.65329590583156,67.10674514193684,0.9601864071336275,7.190433591988202,32.1884889975755,163.15641973910414,False,False,0.0,0.0,False,0.0,0,0,0,True
286,63,0.37,68.21326775077505,78.32036470105598,78.51042013126914,74.33546242944871,6.821326775077505,1.50312383327257,32.18428466855315,0.0,162.24712926483627,67.29680057215003,0.9692201702008509,7.190433591988202,32.18428466855315,163.75025309810886,False,False,0.0,0.0,False,0.0,0,0,0,True
287,63,0.37,68.21326775077505,78.28763672454706,78.51042013126914,74.33965601101498,6.821326775077505,1.50312383327257,32.184183152469146,0.0,162.74550880691885,67.5195839788721,0.9691170562624813,7.190433591988202,32.184183152469146,164.24863264019143,False,False,0.0,0.0,False,0.0,0,0,0,True
288,63,0.37,68.21326775077505,78.33043087994453,78.51042013126914,74.34573058835376,6.821326775077505,1.50312383327257,32.19015402206015,0.0,162.83960922695624,67.69957323019673,0.9694588833416388,7.190433591988202,32.19015402206015,164.34273306022882,False,False,0.0,0.0,False,0.0,0,0,0,True
289,63,0.37,68.21326775077505,78.49690214433633,78.51042013126914,74.33586108767241,6.821326775077505,1.50312383327257,32.18638429801712,0.0,163.20511816562401,67.71309121712957,0.9644641584525292,7.190433591988202,32.18638429801712,164.7082419988966,False,False,0.0,0.0,False,0.0,0,0,0,True
290,63,0.37,68.21326775077505,78.32624392108683,78.51042013126914,74.34175662176476,6.821326775077505,1.50312383327257,32.1884287222669,0.0,163.4326926467613,67.89726742731187,0.9694588833416388,7.190433591988202,32.1884287222669,164.93581648003388,False,False,0.0,0.0,False,0.0,0,0,0,True
291,63,0.37,68.21326775077505,78.28221453839441,78.51042013126914,74.33450726122153,6.821326775077505,1.50312383327257,32.183267923714105,0.0,164.00781841120562,68.12547302018662,0.9691170562624813,7.190433591988202,32.183267923714105,165.5109422444782,False,False,0.0,0.0,False,0.0,0,0,0,True
292,63,0.37,68.21326775077505,77.96911923662407,78.51042013126914,74.34433749491933,6.821326775077505,1.50312383327257,32.187825940699135,0.0,164.25715737100532,68.66677391483171,0.9683523557064797,7.190433591988202,32.187825940699135,165.7602812042779,False,False,0.0,0.0,False,0.0,0,0,0,True
293,63,0.37,68.21326775077505,78.32279717230854,78.51042013126914,74.33848521047291,6.821326775077505,1.50312383327257,32.18663007775023,0.0,164.59953097906867,68.85439687379233,0.9694588833416388,7.190433591988202,32.18663007775023,166.10265481234126,False,False,0.0,0.0,False,0.0,0,0,0,True
294,63,0.37,68.21326775077505,78.2845358944933,78.51042013126914,74.33671155325396,6.821326775077505,1.50312383327257,32.183634739707884,0.0,165.14448880990224,69.0802811105682,0.9691170562624813,7.190433591988202,32.183634739707884,166.64761264317482,False,False,0.0,0.0,False,0.0,0,0,0,True
295,63,0.37,68.21326775077505,77.98788741529398,78.51042013126914,74.34625976642346,6.821326775077505,1.50312383327257,32.19012294750694,0.0,165.2395098704942,69.60281382654337,0.9737366346605404,7.190433591988202,32.19012294750694,166.74263370376678,False,False,0.0,0.0,False,0.0,0,0,0,True
296,63,0.37,68.21326775077505,78.62375658825749,78.51042013126914,74.33856913640132,6.821326775077505,1.50312383327257,32.18906060131417,0.0,165.42233334284043,69.48947736955503,0.9648393049435798,7.190433591988202,32.18906060131417,166.925457176113,False,False,0.0,0.0,False,0.0,0,0,0,True
297,63,0.37,68.21326775077505,78.19737760820992,78.51042013126914,74.33797305524894,6.821326775077505,1.50312383327257,32.18737923863124,0.0,165.73436351560736,69.80251989261428,0.9690837368505882,7.190433591988202,32.18737923863124,167.23748734887994,False,False,0.0,0.0,False,0.0,0,0,0,True
298,63,0.37,68.21326775077505,78.2834669666021,78.51042013126914,74.33569653051146,6.821326775077505,1.50312383327257,32.183385051724514,0.0,166.2980795339574,70.02947305728134,0.9691170562624813,7.190433591988202,32.183385051724514,167.80120336723,False,False,0.0,0.0,False,0.0,0,0,0,True
299,63,0.37,68.21326775077505,78.66662933701312,78.51042013126914,74.34423094941404,6.821326775077505,1.50312383327257,32.18783905191901,0.0,166.54682474494072,69.87326385153737,0.9649424188819491,7.190433591988202,32.18783905191901,168.0499485782133,False,False,0.0,0.0,False,0.0,0,0,0,True
