,Employment,UnemploymentRate,WageBill,Output,Production,Consumption,Transfers,UnemploymentTransfers,HH_Deposit,HH_Debt,Firm_Debt,Firm_Cash,Inventories,AvgPrice,AvgMarkup,PriceDispersion,InventoryGap,SalesForecastError,InventoryTurnover,CreditRejections,FirmDowntimeShare,ReentryCount,Bank_Equity,Bank_Loans,Bank_Deposits,BankFailed,BankResolved,BankResolutionAmount,BankResolutionHaircut,BankBailedOut,BankBailoutAmount,Defaults,DefaultsHH,DefaultsFirm,BalanceOK
0,100,0.0,118.2808099459399,115.80970812462327,115.80970812462327,189.60664886953435,12.043279217079807,0.0,44.72310596542958,0.4845275696008014,51.682276664361,119.15537097964442,0.0,1.14047905856525,0.09789774893043454,0.05165687803990149,-1.0,1.1424029132152986,2.0,26.0,0.0,0.0,50.0,52.1668042339618,163.878476945074,False,False,0.0,0.0,False,0.0,0,0,0,True
1,100,0.0,120.0073606923633,115.80970812462327,115.80970812462327,159.02913715995996,12.043279217079807,0.0,20.746259956754503,3.0208075942970307,54.62462493569844,122.13178166879213,0.0,1.161741269031043,0.11805135715151667,0.0560894885766144,-1.0,0.5115195034173483,2.0,41.0,0.0,0.0,52.54697866936932,57.645432529995475,142.87804162554664,False,False,0.0,0.0,False,0.0,0,0,0,True
2,100,0.0,120.08666710300368,113.94396626281228,115.80970812462327,145.18917266392424,12.043279217079807,0.0,11.344058226655626,6.69742742017077,55.87616659638523,123.04369035943206,1.8657418618109922,1.1823000793259524,0.1375226872273047,0.06055669441553803,-0.9878240624090079,0.25245839820521165,1.9366362070196401,59.0,0.0,0.0,55.58223886866019,62.573594016556,134.3877485860877,False,False,0.0,0.0,False,0.0,0,0,0,True
3,100,0.0,119.96526076144626,112.34955785758721,115.80970812462327,139.42550292600617,12.043279217079807,0.0,7.474404144617721,10.680377316050109,57.36589649992247,124.28085593423822,5.325892128847045,1.2019468032177223,0.15614482137550417,0.06465492219346367,-0.9656431218881092,0.1291855201018792,1.8485930850671786,71.0,0.0,0.0,58.820185495057615,68.04627381597258,131.75526007885594,False,False,0.0,0.0,False,0.0,0,0,0,True
4,100,0.0,119.84148871179845,110.17197997231071,115.80970812462327,136.89669902511662,12.043279217079807,0.0,5.664911111510838,14.697682832912664,59.82257485241613,125.71103821361656,10.963620281159615,1.2205518312460717,0.173809379462825,0.06819375745569785,-0.9299936758898086,0.06794147503299755,1.7319957407216215,80.0,0.0,0.0,62.21480626750327,74.5202576853288,131.3759493251274,False,False,0.0,0.0,False,0.0,0,0,0,True
5,100,0.0,119.69137124322917,107.93430458636428,115.80970812462327,135.70479657079954,12.043279217079807,0.0,4.724500366853985,18.90108846709491,64.08888892245679,127.94330957428008,18.83902381941862,1.237940479215823,0.19035833578049602,0.07105956059419553,-0.8807119581673483,0.03213828009761431,1.5895979515342584,80.0,0.0,0.0,65.82295427104285,82.9899773895517,132.66780994113407,False,False,0.0,0.0,False,0.0,0,0,0,True
6,100,0.0,119.55088193874987,106.21434245616284,115.80970812462327,135.05982034688395,12.043279217079807,0.0,4.156057904950755,23.336614680466607,69.91589792774029,131.06626887679622,28.434389487879052,1.2539539216350377,0.20564164373804972,0.07321648674997167,-0.8203740922305851,0.020431712171134726,1.442195348077465,82.0,0.0,0.0,69.77984103787293,93.2525126082069,135.22232678174697,False,False,0.0,0.0,False,0.0,0,0,0,True
7,100,0.0,119.40564107297642,104.82908744548585,115.80970812462327,134.65764772713115,12.043279217079807,0.0,3.8036255373286894,28.11119686762885,77.87192815534053,135.77360118188545,39.415010167016476,1.268477564615615,0.21955050156284378,0.07464689501042575,-0.7506744841888835,0.02246410088776346,1.3021082402112896,82.0,0.0,0.0,74.2040995026301,105.98312502296938,139.57722671921414,False,False,0.0,0.0,False,0.0,0,0,0,True
8,100,0.0,119.24392899617833,103.6554185138001,115.80970812462327,134.33635959016144,12.043279217079807,0.0,3.5846658971373246,33.26576262158479,86.88406273268407,140.9459876940714,51.56929977783965,1.2814437629358206,0.232021844921639,0.07533436431655224,-0.6728273996157026,0.025465253819621947,1.174821793848717,84.0,0.0,0.0,79.25668069812697,120.14982535426887,144.5306535912087,False,False,0.0,0.0,False,0.0,0,0,0,True
9,98,0.020000000000000018,116.91731606443425,101.53104065643764,113.83797218369322,132.41387221585467,11.80241363273821,0.1307268983579938,3.4199969381629893,39.42546039823607,94.39150767670915,144.89426027492905,63.876231305095246,1.2927923648307675,0.24299469032651438,0.07531592434358993,-0.5938244894791007,0.0364056869225983,1.0501306433400004,84.0,0.0,0.0,85.0207584251612,133.81696807494524,148.31425721309205,False,False,0.0,0.0,False,0.0,0,0,0,True
10,98,0.020000000000000018,116.72905496725089,100.68720709787388,114.10681730472042,132.12576400227044,11.802413632738212,0.1307268983579938,2.954572024340389,45.70516632825557,104.17377374933352,150.65825249584884,77.29584151194179,1.302568955936645,0.2524772386022354,0.07499390320249699,-0.5095000560882053,0.03148637593252742,0.9421049240564425,84.0,0.0,0.0,91.38141901130054,149.8789400775891,153.61282452018924,False,False,0.0,0.0,False,0.0,0,0,0,True
11,98,0.020000000000000018,116.57876254540436,99.82236880648497,114.34891045388137,131.59573742121373,11.802413632738212,0.1307268983579938,3.0210788566418874,52.67119168074569,115.50606808175864,156.99522462573148,91.82238315933823,1.3107840147071097,0.2604516531843188,0.07466325653808924,-0.4192973385259998,0.028623959031616714,0.8509628848857471,83.0,0.0,0.0,98.51526158036022,168.17725976250432,160.01630348237336,False,False,0.0,0.0,False,0.0,0,0,0,True
12,98,0.020000000000000018,116.54122837252105,99.41742461065422,114.41038125597323,131.53125832895196,11.802413632738212,0.1307268983579938,3.0504794895016727,60.159066686354606,126.56299419152205,162.26223746161554,106.81533980465721,1.3174361356807651,0.26689143453794617,0.07464000365111699,-0.32679171068416835,0.022423261648405614,0.7754445147801945,83.0,0.0,0.0,106.54179594500505,186.72206087787666,165.3127169511172,False,False,0.0,0.0,False,0.0,0,0,0,True
13,96,0.040000000000000036,114.55911482217651,98.14845677305655,112.39974968566467,129.97809214055036,11.561548048396615,0.2614537967159876,3.060774812626445,68.79719146335128,133.75257060367284,163.76336094126128,121.06663271726534,1.3225353256780124,0.2717982424068605,0.07514905315757071,-0.2384711468524468,0.027160506334278484,0.708754400201102,83.0,0.0,0.0,115.4500988914668,202.54976206702412,166.82413575388773,False,False,0.0,0.0,False,0.0,0,0,0,True
14,97,0.030000000000000027,115.91833280649861,98.75362877899812,114.2090359255799,130.9924008274379,11.681980840567412,0.19609034753699073,2.742455216731938,77.43407782960738,139.5133017392463,162.89442259298775,136.52203986384708,1.3261776065294597,0.27523397438708735,0.07666301181505891,-0.15146636651633133,0.012776748975585898,0.652374022730484,84.0,0.0,0.0,124.95362857850874,216.94737956885365,165.6368778097197,False,False,0.0,0.0,False,0.0,0,0,0,True
15,96,0.040000000000000036,114.82734340479526,97.8243016453974,113.01323574303593,129.51272482927612,11.561548048396617,0.2614537967159876,2.9472504235244292,86.99143186491567,144.3149538648244,160.5957176693296,151.71097396148565,1.328410756272262,0.27718765941903417,0.0797778001780905,-0.061813820167572066,0.01771530454158519,0.6062311087663181,81.0,0.0,0.0,134.9612345363949,231.30638572974004,163.542968092854,False,False,0.0,0.0,False,0.0,0,0,0,True
16,96,0.040000000000000036,114.72944242967188,98.13404794168959,113.05704930408982,129.2578193762252,11.561548048396617,0.2614537967159876,3.0663170903662325,97.10862084845435,150.03413273755285,159.2285585304905,166.6339753238859,1.3292865984643885,0.27771428393782543,0.08443696810994589,0.027509151368649686,0.016736968872859373,0.5172117373306968,79.0,0.0,0.0,145.40149392760043,247.1427535860072,162.29487562085671,False,False,0.0,0.0,False,0.0,0,0,0,True
17,95,0.050000000000000044,113.44292614040457,97.4440565859956,112.04195677709666,128.1469298187609,11.441115256225817,0.3268172458949845,3.0399277367460495,108.161735405997,156.49861006343028,158.39242788325035,181.23187551498697,1.328897036388606,0.2769066401893895,0.09039316799669721,0.11936391968998512,0.017748508883283238,0.43231984469660995,79.0,0.0,0.0,156.34297912767056,264.6603454694273,161.4323556199964,False,False,0.0,0.0,False,0.0,0,0,0,True
18,90,0.09999999999999998,107.43185850535698,93.93340678971558,106.0994237082136,123.18985752256815,10.838951295371828,0.653634491789969,2.5484204796857854,121.01022617733905,163.05436447937032,158.73345397984068,193.397892433485,1.3273598829932898,0.2748628666229058,0.0973036037272027,0.2136697285502278,0.04678527820521291,0.39007153353819424,80.0,0.0,0.0,167.8448029589411,284.06459065670936,161.28187445952645,False,False,0.0,0.0,False,0.0,0,0,0,True
19,86,0.14,102.48144685025112,90.77637328591199,101.22650503494825,118.59867548969083,10.357220126688636,0.9150882885059567,2.4397094042695215,135.90863649568047,170.86801641465198,160.61959962488132,203.84802418252127,1.3248904519566551,0.27179020928627773,0.1051358822968845,0.3100163390499535,0.06496250607294787,0.3632781725473808,81.0,0.0,0.0,179.90668059026854,306.7766529103325,163.05930902915082,False,False,0.0,0.0,False,0.0,0,0,0,True
20,82,0.18000000000000005,97.3704301362146,88.01109113801408,96.24024373208348,114.436054956287,9.875488958005443,1.1765420852219444,2.325127695299514,153.22577043551934,181.10796212717412,165.72267094664213,212.07717677659068,1.3216757826139276,0.26788434553714896,0.11410690126599395,0.40486432319997767,0.07401257391297275,0.34299531051739285,81.0,0.0,0.0,192.61392642560475,334.33373256269346,168.04779864194165,False,False,0.0,0.0,False,0.0,0,0,0,True
21,79,0.20999999999999996,93.57000326584478,85.8867382190089,92.70006514460975,111.05278953866012,9.514190581493049,1.372632432758935,2.2235740093915597,163.4182661813903,192.63043493439892,172.06563903911223,218.89050370219158,1.3180913764010211,0.2635261474013791,0.1242625576467202,0.4964260148012257,0.07438583598092055,0.327101862760947,80.0,0.0,0.0,200.6290126662162,356.0487011157892,174.2892130485038,False,False,0.0,0.0,False,0.0,1,1,0,True
22,77,0.22999999999999998,90.98009211470146,84.69881318225804,90.51044714659882,108.8378869830165,9.273324997151454,1.5033593311169289,2.133898341124908,165.99148637070272,205.26502155073092,179.2216227279901,224.70213766653234,1.3145389462627022,0.2590882739297067,0.13602699898413056,0.5820836752727886,0.06554548390063375,0.3161741079319163,82.0,0.0,0.0,204.16932711231325,371.25650792143364,181.355521069115,False,False,0.0,0.0,False,0.0,2,2,0,True
23,73,0.27,86.18344151568098,82.01065154907539,85.69143957104167,104.67707755079236,8.791593828468258,1.7648131278329164,1.688037274499889,187.43790639541805,217.7028260819843,186.28573319044,228.38292568849863,1.3113551850238283,0.2548794436655778,0.14961059401072305,0.6707693887232852,0.07761901501147513,0.303612011260571,83.0,0.0,0.0,219.31300195974814,405.14073247740237,187.9737704649399,False,False,0.0,0.0,False,0.0,0,0,0,True
24,67,0.32999999999999996,84.8828937616175,80.66344442423335,84.70080832318583,102.22619949606633,8.67116103629746,1.8301765770119134,1.6468331405282508,200.53306077925583,130.68516289965882,186.72731699881152,206.23929694091245,1.308545691941423,0.2509486557049263,0.164399478492853,0.7644552364759127,0.07172883171909064,0.29494015603551205,80.0,0.1,0.0,168.05607334533113,331.2182236789147,188.37415013933978,False,False,0.0,0.0,False,0.0,2,1,1,True
25,66,0.33999999999999997,78.2700560930007,72.85956554859281,78.76654739083237,96.34480713392483,7.948564283272673,2.222357272085895,1.5739127068321532,197.3849475184394,138.26866937123808,189.43745633203116,212.14627878315207,1.3039794699291705,0.24554341817641467,0.17577579864741338,0.5367854730410433,0.1776446240008536,0.2621179231034862,77.0,0.1,0.0,160.34531796076243,335.65361688967744,191.0113690388633,False,False,0.0,0.0,False,0.0,3,3,0,True
26,69,0.31000000000000005,81.10205126555829,79.0917022682536,81.52255179899687,98.58800732893673,8.309862659785066,2.0262669245489042,1.5562718014714463,212.56345520115386,150.56279145082868,203.03558739375262,214.57712831389532,1.299101133516527,0.2397504952476579,0.18837247180348154,0.5860767496099101,0.05097983378957186,0.44532278766624156,80.0,0.0,1.0,164.08244179507838,363.12624665198257,204.59185919522406,False,False,0.0,0.0,False,0.0,1,1,0,True
27,66,0.33999999999999997,83.66114876965949,80.67116790020536,83.50381429470856,99.67135797840768,8.550728244126663,1.8955400261909103,1.6648363704037668,226.89159389043743,68.47451838016387,206.08698624633936,192.1286281121407,1.294676369488538,0.23437144417833258,0.20155645971765052,0.6498406862726888,0.045384399588709934,0.3564367414487956,78.0,0.1,0.0,111.57526104668388,295.3661122706013,207.75182261674314,False,False,0.0,0.0,False,0.0,2,1,1,True
28,67,0.32999999999999996,79.24231922268582,74.42191036015605,79.58892207719337,95.57333805399956,8.068997075443471,2.1569938229068977,1.6138963182459043,223.8042579715775,74.80436192063314,211.5966286967345,197.29563982917801,1.2881001824896345,0.2273635174218361,0.20935202851906484,0.3900856831212101,0.11491540736001464,0.29464266375889386,75.0,0.1,0.0,98.2184565093849,298.60861989221064,213.21052501498042,False,False,0.0,0.0,False,0.0,3,3,0,True
29,68,0.31999999999999995,80.20352050097014,79.34232080776202,80.41178782279988,96.31998262145765,8.189429867614269,2.091630373727901,1.5494107453079455,201.98368072972298,80.51362635364904,224.4153997994076,198.36510684421586,1.2804290238392717,0.21948750105248202,0.21474430384534934,0.4165521451426285,0.03954066395887901,0.45507701362564246,78.0,0.0,1.0,74.37666960731953,282.497307083372,225.96481054471553,False,False,0.0,0.0,False,0.0,5,5,0,True
30,70,0.30000000000000004,82.52533971348588,81.26205986779435,82.68063728782282,97.81919137554972,8.430295451955866,1.960903475369907,1.5893536808027555,214.24284797452367,84.89279894521476,232.0352545998134,199.78368426424439,1.2727290908115632,0.21169549587706013,0.21887301065940445,0.4453921702175207,0.041056546244846615,0.3749480934458965,79.0,0.0,0.0,72.92608852468467,299.1356469197384,233.62460828061617,False,False,0.0,0.0,False,0.0,1,1,0,True
31,71,0.29000000000000004,83.56192180056588,82.01796614868454,83.88715787108173,97.95851248886945,8.550728244126663,1.8955400261909103,1.6054642422128758,216.97016485598158,89.20132179722896,238.3308938833289,201.6528759866416,1.2647575938566527,0.20382775869541234,0.22070473281388023,0.47651394961342247,0.03386244042390123,0.349911296766143,77.0,0.0,0.0,66.03735365512655,306.17148665321054,239.9363581255418,False,False,0.0,0.0,False,0.0,2,2,0,True
32,70,0.30000000000000004,82.35097552128202,81.60461060186928,82.90605317800753,96.76197213394404,8.430295451955864,1.960903475369907,1.6225627450020186,210.40668223810255,92.64407301336809,243.65091971323113,202.95431856277986,1.256523772244948,0.19587793066535347,0.22036593169065058,0.5014371733921121,0.019490979261998477,0.33895546353021827,77.0,0.0,0.0,53.692387913799784,303.0507552514706,245.27348245823316,False,False,0.0,0.0,False,0.0,3,3,0,True
33,69,0.31000000000000005,80.94359567630518,80.78028341053476,81.92494848493331,95.13784583482844,8.309862659785066,2.0262669245489042,1.5121624508972615,222.63432505286715,95.23603878807043,247.9008057423423,204.09898363717843,1.248216005126836,0.18796869081913087,0.21861097627961323,0.5230801891169564,0.0114934771769931,0.3322744766732646,79.0,0.0,0.0,53.37092266531367,317.87036384093756,249.41296819323955,False,False,0.0,0.0,False,0.0,1,1,0,True
34,68,0.31999999999999995,79.40162061088525,79.5502733929343,80.94384379185911,93.08087628781132,8.189429867614269,2.091630373727901,1.5004748474578242,216.26505500731173,97.73892796638225,251.35982156034413,205.49255403610323,1.2399439366910028,0.18015001871700556,0.21618930168282063,0.5442952157208285,0.015699961705536614,0.3271041944696539,75.0,0.0,0.0,41.56689510583677,314.00398297369395,252.86029640780197,False,False,0.0,0.0,False,0.0,3,3,0,True
35,68,0.31999999999999995,78.44915114930201,78.71580655465596,80.94384379185911,91.50881242165669,8.189429867614269,2.091630373727901,1.494721576262549,209.46679492391542,99.91686460305598,253.87913217874726,207.72059127330635,1.231804829332977,0.1724580212875729,0.21386881372156008,0.5745965293838367,0.020385179171887386,0.32261857131423466,77.0,0.0,0.0,30.369088881270823,309.3836595269714,255.3738537550098,False,False,0.0,0.0,False,0.0,3,3,0,True
36,68,0.31999999999999995,77.06227701312766,76.31040098086825,80.94384379185911,88.12698531039953,8.189429867614269,2.091630373727901,1.491759156455082,189.94282900710064,101.16698223488736,253.59015540389237,212.35403408429727,1.2236299287399288,0.1647286914811363,0.21169674410176564,0.637100424444768,0.04292709806917443,0.3100404933587754,77.0,0.0,0.0,13.231677734733022,291.109811241988,255.08191456034746,False,False,0.0,0.0,False,0.0,4,4,0,True
37,66,0.33999999999999997,71.57053722100684,67.43597453556248,78.64378464948781,77.31563493646733,7.948564283272673,2.222357272085895,1.4755850701705855,182.9039053692092,98.59886835867079,244.99928817088013,223.56184419822256,1.2148801800906224,0.15644175900351737,0.20969786812745025,0.8177032193895284,0.14077444576024203,0.26755524826499705,77.0,0.0,0.0,7.8152008393965975,281.50277372788,246.47487324105072,False,False,0.0,0.0,False,0.0,2,2,0,True
38,63,0.37,67.68653316931045,66.08209333854188,75.23559154392295,75.03255061391407,7.58726590676028,2.4184476196228855,1.345615021737001,167.99519246525185,96.1277370988553,221.57150725895104,232.71534240360367,1.2035694387749443,0.1456847450570134,0.2077296049569267,0.9652099947131509,0.1128013446399148,0.25463767106845975,76.0,0.0,0.0,13.375027336841283,264.12292956410715,222.91712228068803,False,True,16.515135882684923,0.06897623573936337,False,0.0,3,3,0,True
39,59,0.41000000000000003,62.05421990771284,62.896490408654664,70.28169700121794,70.57103415964855,7.105534738077088,2.6799014163388732,1.342032961697894,163.70851445117418,94.34907365154531,217.11648622763605,240.10054899616694,1.1904130797965213,0.1331004896330633,0.20648022450271147,1.1230972369129555,0.12028015852002272,0.23751328278920095,80.0,0.0,0.0,8.750890481235071,258.0575881027195,218.45851918933394,False,False,0.0,0.0,False,0.0,2,2,0,True
40,58,0.42000000000000004,60.50191131592618,61.46846818898513,69.07517641795901,68.00724961935477,6.9851019459062895,2.74526486551787,1.2466754198429726,145.70107382449953,92.21685704245742,196.30166028705526,247.7072572251408,1.174967526109431,0.11832603790786884,0.20511569836262947,1.2804716325165548,0.10192233969210866,0.22661965499263914,79.0,0.0,0.0,11.85290014241389,237.91793086695697,197.54833570689823,False,True,15.271965909998352,0.0717599110327821,False,0.0,4,4,0,True
41,56,0.43999999999999995,59.57411325239052,62.92274465940958,66.861347327868,68.61454124198676,6.744236361564694,2.875991763875864,1.281023128654928,135.15272554478543,90.74854887836507,192.85553957919564,251.6458598935992,1.158931100085796,0.10300929711274072,0.20311545560470776,1.3588568125934093,0.046061963076894905,0.22787782681164398,82.0,0.0,0.0,4.115592602165421,225.90127442315048,194.13656270785057,False,False,0.0,0.0,False,0.0,3,3,0,True
42,55,0.44999999999999996,58.95519678800096,61.864599185482476,65.56407600113762,66.55483906830277,6.623803569393895,2.9413552130548606,1.1070181559923964,99.03792185068433,88.96052737443544,160.82212467686836,255.3453367092544,1.1432569733612412,0.08812858974353285,0.19973782980190694,1.4393786227787317,0.04594412127480874,0.22155693862067988,84.0,0.0,0.0,9.715748569971641,187.99844922511977,161.92914283286075,False,True,27.386431826990517,0.14466021549572192,False,0.0,5,5,0,True
43,53,0.47,55.61138639298461,62.340615770977365,63.17036463005582,66.31252860171853,6.3829379850522985,3.0720821114128545,1.1579316851994907,108.66304434660896,89.234060361613,161.23053245193375,256.17508556833286,1.1295746649680736,0.07524777898863903,0.19529871798108772,1.4759066740719367,0.02555526780189618,0.2226821068094072,92.0,0.0,0.0,15.002506891001083,197.89710470822195,162.38846413713324,False,False,0.0,0.0,False,0.0,0,0,0,True
44,52,0.48,57.57212861556632,67.23608172521429,61.86245747132007,70.91027040890253,6.262505192881501,3.1374455605918516,1.8871201716763657,122.46852754224803,90.57262823808617,164.7896062063137,250.80146131443863,1.117822059919122,0.06438585900664091,0.18924544648422512,1.3789174850981207,0.06661071375875216,0.2436039682729365,82.0,0.0,0.0,20.764618052646938,213.04115578033418,166.67672637799006,False,False,0.0,0.0,False,0.0,0,0,0,True
45,54,0.45999999999999996,61.11431225682977,71.92027306109455,64.46763595678621,75.43332177383128,6.503370777223097,3.0067186622338578,2.471000373422434,92.47098295858702,92.35843570180525,158.7240534828624,243.3488242101303,1.1090073365935775,0.0563883930124327,0.18287184691372863,1.2176509191254712,0.11742943987918072,0.26734090412930034,79.0,0.0,0.0,9.671703231377087,184.82941866039226,161.19505385628483,False,True,10.586580118494709,0.06162812562400588,False,0.0,5,5,0,True
46,58,0.42000000000000004,62.95947291282229,70.12276402471085,69.1614064702393,73.29932699218668,6.9851019459062895,2.74526486551787,1.9858067846651752,92.28277711696144,92.35167071195326,156.985840722094,242.38746665565876,1.1031389521284294,0.05113915281417469,0.17788866251393134,1.168337371517457,0.04748624404234616,0.265575379536939,81.0,0.0,0.0,10.870160095307252,184.6344478289147,158.97164750675918,False,False,0.0,0.0,False,0.0,1,1,0,True
47,59,0.41000000000000003,64.89705179392712,73.41491576610233,70.15203771809516,76.57102101191127,7.105534738077088,2.6799014163388732,1.9093292339346528,86.41858197402128,92.92796117014964,157.3145985564466,239.12458860765156,1.0987695633211905,0.047275287984891515,0.17357443608262615,1.0820934504362274,0.08047690059501325,0.2812261271174389,82.0,0.0,0.0,7.722609979132132,179.34654314417094,159.22392779038125,False,False,0.0,0.0,False,0.0,2,2,0,True
48,59,0.41000000000000003,64.09386533977884,70.49127130327452,70.15203771809516,73.41316453297874,7.105534738077088,2.6799014163388732,1.5880403879240084,92.88778349529466,92.15192231501226,154.1255392203931,238.78535502247223,1.095501712533554,0.044412696309868285,0.1700234185097811,1.073153909414302,0.017108075170667612,0.2737473716949873,88.0,0.0,0.0,13.868766236927282,185.0397058103069,155.7135796083171,False,False,0.0,0.0,False,0.0,0,0,0,True
49,59,0.41000000000000003,65.66420645431097,76.53596432046199,70.15203771809516,79.63094878660658,7.105534738077088,2.6799014163388732,1.9125895296657125,105.19862246031818,93.8120070693009,157.8204756548867,232.40142842010533,1.0930674018881605,0.04231779552242358,0.16708722738079876,0.952609777143069,0.09427194984144703,0.3039870048485779,81.0,0.0,0.0,19.98026383649126,199.01062952961908,159.73306518455243,False,False,0.0,0.0,False,0.0,0,0,0,True
50,61,0.39,69.57883899726785,80.54589859715865,72.75721620356128,83.75018884076637,7.346400322418684,2.5491745179808794,2.526914707674713,118.92670706227503,95.92741605765349,161.6760901785551,224.612746026508,1.0915032620874405,0.04096601731425278,0.16525307684309656,0.8071211498069321,0.11449919903550317,0.33162216261538996,79.0,0.0,0.0,26.178688898878285,214.85412311992852,164.20300488622982,False,False,0.0,0.0,False,0.0,0,0,0,True
51,63,0.37,72.69113219212437,84.3538972181535,74.99059690952296,87.68807599135981,7.58726590676028,2.4184476196228855,2.902447526214415,124.55966970563739,98.62135913055843,166.19821060760984,215.24944571787745,1.0911567803420914,0.04066254023894524,0.16505395848103857,0.660364213743392,0.12055600406012701,0.3583366082828247,78.0,0.0,0.0,26.66443714907695,223.18102883619582,169.10065813382425,False,False,0.0,0.0,False,0.0,1,1,0,True
52,67,0.32999999999999996,77.05746206320428,88.20017522761923,79.48027404990519,91.69290617950489,8.068997075443471,2.1569938229068977,2.7800549523327693,129.86229791674708,101.88808753478625,170.13743151068144,206.52954454016344,1.0917742307742384,0.04120201939065456,0.1660447963468738,0.5330987550375693,0.1216933412882425,0.38265620280920665,75.0,0.0,0.0,27.485162848642627,231.75038545153333,172.9174864630142,False,False,0.0,0.0,False,0.0,1,1,0,True
53,72,0.28,82.64640170242004,92.77175637915398,85.38157238035089,96.53594669027599,8.67116103629746,1.8301765770119134,2.5046151224164857,115.83964529486568,105.5822868527709,173.22445795219454,199.1393605413603,1.093525865464772,0.04281035128052879,0.1674636892507424,0.4243679582688574,0.1288759139726612,0.4074192869496204,76.0,0.0,0.0,17.409044246314732,221.4219321476366,175.72907307461102,False,False,0.0,0.0,False,0.0,3,3,0,True
54,74,0.26,83.93157768316107,92.04271496904958,87.62447964109421,95.94819784590992,8.912026620639057,1.6994496786539195,1.9122403400667483,117.53386936612999,107.55687091910136,172.38797604890686,194.72112521340492,1.0961584378709,0.04527215238727693,0.16891777349891574,0.37476538750135646,0.06904344273313526,0.40594180003241326,81.0,0.0,0.0,19.131567560449973,225.09074028523133,174.3002163889736,False,False,0.0,0.0,False,0.0,1,1,0,True
55,76,0.24,86.21555683806466,94.22418921727302,90.22965812656035,98.45598642536312,9.152892204980652,1.5687227802959258,1.653624451530831,110.26074484889513,109.97505847076626,172.07568974788688,190.72659412269223,1.0992335742141373,0.04821035003819392,0.17002322288994137,0.326832353794554,0.06706385214411334,0.4153904461627166,84.0,0.0,0.0,15.28599396148841,220.2358033196614,173.7293141994177,False,False,0.0,0.0,False,0.0,2,2,0,True
56,81,0.18999999999999995,91.35927206154122,96.77862462022851,96.43506856636719,101.39980994030536,9.755056165834645,1.241905534400941,1.8505272336122287,118.76826979116996,111.52962311577582,168.69777200922,190.38303806883093,1.1026078943050022,0.0514584325466181,0.17097036346672065,0.2961653860081409,0.06950262032795443,0.42158380773828374,87.0,0.0,0.0,22.68625078982622,230.29789290694578,170.54829924283223,False,False,0.0,0.0,False,0.0,0,0,0,True
57,82,0.18000000000000005,93.51497283986043,100.51090128348194,97.4378563820081,105.60497265600807,9.875488958005441,1.1765420852219444,1.9036196308081952,129.84138529890464,115.01932443131759,168.59997811914675,187.30999316735705,1.106149719811309,0.054860513692615465,0.17198837214222287,0.2459106786478177,0.08288683075822652,0.43863395230061003,83.0,0.0,0.0,30.32316808980611,244.86070973022223,170.50359774995496,False,False,0.0,0.0,False,0.0,0,0,0,True
58,85,0.15000000000000002,98.14799508726286,104.08258870277267,100.96850841470018,109.73886601536215,10.236787334517837,0.9804517376849535,2.342349475368565,132.26819085557923,119.27413509462815,167.65683524356183,184.19591287928455,1.1104064506412326,0.05895957942490595,0.17307251385512418,0.1979749360699313,0.08812807624190253,0.4536090227717164,78.0,0.0,0.0,32.66590948714053,251.54232595020738,169.9991847189304,False,False,0.0,0.0,False,0.0,1,1,0,True
59,90,0.09999999999999998,104.43621838247327,108.9193430007252,107.24099680124945,115.32485342386695,10.838951295371828,0.653634491789969,2.5832191223249428,133.67646398933442,123.59750058530356,164.64824997095903,182.51756667980882,1.115410257467349,0.06379963004422928,0.17408245071047557,0.14693439008309297,0.10304136078969091,0.47207585739462415,73.0,0.0,0.0,35.35246358262689,257.273964574638,167.23146909328398,False,False,0.0,0.0,False,0.0,1,1,0,True
60,95,0.050000000000000044,110.66965746706856,113.33713757105863,113.0861287380113,120.5872836425114,11.44111525622582,0.3268172458949845,2.8780430569177984,133.90430940760723,127.89687108006646,159.88264720957955,182.26655784676146,1.1212703365113539,0.0694426787800452,0.17538933974269713,0.10499830456366022,0.10587960194429913,0.48488429590067667,71.0,0.0,0.0,38.363169902173,261.8011804876737,162.76069026649733,False,False,0.0,0.0,False,0.0,1,1,0,True
61,100,0.0,116.45489501557142,117.59775538868364,118.95405002704811,125.78406816535042,12.043279217079808,0.0,2.9885811987832867,133.32202222164688,132.38863947118264,154.88038058427256,183.62285248512595,1.1277916036470876,0.07570974838406541,0.17706805786260757,0.07452284159215997,0.10429430813186205,0.4926704051816452,74.0,0.0,0.0,42.05789630045754,265.7106616928295,157.86896178305585,False,False,0.0,0.0,False,0.0,1,1,0,True
62,100,0.0,115.84992994468821,117.01552296647806,118.95405002704811,125.85231021968293,12.043279217079808,0.0,2.941279163665441,133.01124438827938,138.6607297737413,151.90894909922145,185.561379545696,1.1347467380810758,0.08239331929697258,0.17910778598450103,0.06522890559680299,0.058596663162172394,0.48557146135035156,77.0,0.0,0.0,46.09413833483694,271.67197416202066,154.85022826288687,False,False,0.0,0.0,False,0.0,1,1,0,True
63,94,0.06000000000000005,114.95632654548484,115.91792284030046,117.74553672211138,125.36186325557024,11.922846424909011,0.0653634491789969,2.854003888426929,142.51153082497567,55.65029788209255,141.49219225431656,161.48623385386466,1.142154971122577,0.08950020724784054,0.1819597142736393,0.06949096789668216,0.03744144379516333,0.477865610936418,79.0,0.1,0.0,2.6264120553914125,198.16182870706822,144.34619614274348,False,False,0.0,0.0,False,0.0,1,0,1,True
64,99,0.010000000000000009,106.07184577736469,96.58722222772487,118.24480643176804,110.44929707039188,11.922846424909011,0.0653634491789969,2.366528019675994,137.02021468431622,52.18706102493075,127.36352813058471,183.14381805790782,1.1481728884718458,0.09531071139682454,0.18280266046463936,-0.04851423787441866,0.19407616611998063,0.3771782955537966,85.0,0.1,0.0,0.275391215425941,189.20727570924697,129.7300561502607,False,False,0.0,0.0,False,0.0,1,1,0,True
65,93,0.06999999999999995,99.63019725294728,93.8449463402648,111.0747566001859,106.17666526728767,11.200249671884222,0.45754414425297835,1.7293483816995365,125.41230910772556,50.57646829145143,107.84945425830641,200.37362831782895,1.1514400883889206,0.098446806855085,0.18433502090159867,0.07909582916220817,0.16603011940166873,0.5406857271066066,87.0,0.0,1.0,6.574728158400356,175.988777399177,109.57880264000595,False,True,13.844614554889384,0.11217170022952487,False,0.0,2,2,0,True
66,89,0.10999999999999999,87.74292828183378,87.48469585052308,105.98731049257164,95.26436407707735,10.718518503201029,0.718997940968966,1.3238693838361226,108.75850900026806,49.76239482625408,99.65317450704586,218.8762429598775,1.1524193977655617,0.09934518585200489,0.18658475884353345,0.2570371481110754,0.19662768177991746,0.4648702290776723,97.0,0.0,0.0,6.0586226334529165,158.52090382652216,100.97704389088199,False,True,10.130022335620769,0.09117352009790014,False,0.0,3,3,0,True
67,86,0.14,83.9926521018966,84.54447816962305,102.09170043091784,91.72354869914024,10.357220126688633,0.9150882885059567,1.283334067117802,114.32155416302965,48.990563406223636,102.29754621062216,236.42346522117228,1.15019162799776,0.09714081265441998,0.18927043671909463,0.4637704839773226,0.14545489742840942,0.3446021860634775,102.0,0.0,0.0,9.218967666072249,163.31211756925327,103.58088027773996,False,False,0.0,0.0,False,0.0,0,0,0,True
68,80,0.19999999999999996,88.62273312523965,89.45858616613278,95.10891806565479,96.44255594128141,9.634623373663846,1.307268983579938,2.096908674236356,121.62729626161821,48.61730940655282,104.2863592664692,242.0737971206943,1.1443511970952425,0.0915163524616466,0.19031391370029488,0.543742018702246,0.05315513721111152,0.3298924302309154,89.0,0.0,0.0,12.309695726780696,170.24460566817103,106.38326794070557,False,False,0.0,0.0,False,0.0,0,0,0,True
69,79,0.20999999999999996,91.42008610454982,93.17581364832208,93.98862753467616,99.82619359634265,9.514190581493047,1.372632432758935,3.275945260331347,130.54701485773742,48.93826441327068,106.01819021386785,242.88661100704837,1.1377031955169215,0.08516823868581595,0.18961491949233406,0.5507450865036706,0.035660257240013864,0.3339911983522506,75.0,0.0,0.0,15.435682815548926,179.4852792710081,109.2941354741992,False,False,0.0,0.0,False,0.0,0,0,0,True
70,78,0.21999999999999997,91.06451362451685,94.3974797354835,92.86833700369753,100.63681467886157,9.39375778932225,1.437995881937932,3.7517893451302697,122.28194041757682,49.6884845191955,107.54179530307643,241.3574682752624,1.1317662727123312,0.07955377834945046,0.18785180979792923,0.528808202313122,0.03614609782208485,0.33936533812277825,71.0,0.0,0.0,7.646894154914897,171.9704249367723,111.29358464820669,False,False,0.0,0.0,False,0.0,2,2,0,True
71,78,0.21999999999999997,89.53531439202143,90.31489106250399,92.86833700369753,95.92365446760334,9.39375778932225,1.437995881937932,3.265043311467015,113.33830378696615,48.91213155530136,105.66830526788698,243.91091421645592,1.1269247146306913,0.07500712398394667,0.18593353593154913,0.5626197967071177,0.030209894408425746,0.3243981919658966,77.0,0.0,0.0,2.372278597074655,162.2504353422675,108.93334857935399,False,False,0.0,0.0,False,0.0,2,2,0,True
72,78,0.21999999999999997,89.12475599092645,91.7915780382715,92.86833700369753,97.1636979947285,9.39375778932225,1.437995881937932,2.590800643196661,102.12881561623006,48.12969732533866,96.27203699836848,244.98767318188195,1.1222581459159422,0.07065171071885659,0.1836950812111047,0.571372632898139,0.015557676466354253,0.3283219972882796,85.0,0.0,0.0,5.931770258493908,150.2585129415687,98.86283764156514,False,True,10.908526582011628,0.09937497505992264,False,0.0,2,2,0,True
73,78,0.21999999999999997,83.642747476789,87.37361096957117,92.86833700369753,92.20920213872354,9.39375778932225,1.437995881937932,2.0103166319175747,98.65771091571797,47.39056812546273,98.80156223424073,250.4823992160083,1.1180100449696582,0.06669123086434758,0.18152021974889457,0.6361500005037998,0.04654368282101114,0.3099172290596326,92.0,0.0,0.0,3.5628632751350864,146.0482790411807,100.81187886615831,False,False,0.0,0.0,False,0.0,1,1,0,True
74,76,0.24,85.5632979922479,88.87376410860963,90.31878966407967,93.536409493237,9.152892204980654,1.5687227802959258,2.1323851839143,95.09914557821826,46.64058824184411,100.60129485402959,251.9274247714783,1.1135660652813484,0.0626009555882809,0.17860495764307358,0.6573033755227392,0.019894112962626144,0.3134160291115405,89.0,0.0,0.0,1.0223078520077076,141.73973382006236,102.73368003794388,False,False,0.0,0.0,False,0.0,1,1,0,True
75,76,0.24,86.24240076700103,89.76781954437236,90.31878966407967,94.28191356849446,9.152892204980654,1.5687227802959258,2.2763065083324454,100.5474685664536,45.881545123629266,102.25364135775472,252.47839489118562,1.1094758383172239,0.05889160068743939,0.17518590608906442,0.6610361092361202,0.015431829419262627,0.31659173737958335,85.0,0.0,0.0,3.986653507687002,146.42901369008285,104.52994786608716,False,False,0.0,0.0,False,0.0,0,0,0,True
76,77,0.22999999999999998,87.82334817872012,91.38499713767192,91.61606099081006,95.8219069813128,9.273324997151452,1.5033593311169289,2.5211684373221295,97.38835063344371,45.104815883349936,103.77749352930289,252.70945874432374,1.1057333753259766,0.05552375596243249,0.17165060540159166,0.6472256981045434,0.023091232961209303,0.3230070169207898,82.0,0.0,0.0,1.4215341422417387,142.49316651679365,106.29866196662502,False,False,0.0,0.0,False,0.0,1,1,0,True
77,77,0.22999999999999998,88.39162892894218,92.2877636068713,91.61606099081006,96.63798343499391,9.273324997151452,1.5033593311169289,2.3371874669836235,84.68940454328431,44.314567162283616,93.89330752142214,252.0377561282625,1.1024392729232013,0.052564650650447756,0.16836136901269352,0.6237290861783651,0.026705251062249004,0.3287202295293285,81.0,0.0,0.0,5.773829699304345,129.00397170556792,96.23049498840577,False,True,12.644749622254988,0.11613980448423121,False,0.0,2,2,0,True
78,77,0.22999999999999998,80.69187353625178,86.1667809735483,91.61606099081006,90.13713569877596,9.273324997151452,1.5033593311169289,1.5698590451044834,80.83736506388324,43.57216833070284,98.80070899263315,257.4870361455242,1.0998703160906114,0.050253790430956416,0.16569391794404642,0.6850382617265363,0.049038276053411003,0.30652536298880617,95.0,0.0,0.0,3.2671218920954184,124.40953339458608,100.37056803773763,False,False,0.0,0.0,False,0.0,1,1,0,True
79,76,0.24,84.27423042424644,88.80885545185956,90.31878966407967,92.8004136751891,9.152892204980654,1.5687227802959258,1.638264009475151,67.2587649020673,42.79970724136644,91.82262288912577,258.99697035774426,1.0970247264441773,0.0477039924456645,0.16270787478559226,0.6915988584849566,0.018176173255030067,0.3148702160091257,90.0,0.0,0.0,5.607653213916055,110.05847214343373,93.46088689860092,False,True,10.72755520465908,0.1029630061463739,False,0.0,2,2,0,True
80,75,0.25,79.82486561139375,86.28681839547689,89.13359159793461,90.07989799972815,9.032459412809855,1.6340862294749225,1.5125640048461713,62.64894439334674,42.49735703844811,97.45441546973123,261.84374356020203,1.094540384431972,0.045476257235256966,0.1600832406260128,0.72368744254498,0.029168666575725616,0.30595323683578896,95.0,0.0,0.0,2.478218422961672,105.14630143179485,98.9669794745774,False,False,0.0,0.0,False,0.0,1,1,0,True
81,74,0.26,82.99911482445157,87.06048315871709,87.82568443919885,90.80180976609503,8.912026620639057,1.6994496786539195,1.9910519443185046,57.41987759331963,41.72475694140553,100.25802892758793,262.60894484068376,1.092100500689084,0.04327797207281543,0.15753652302190715,0.730623849317877,0.02087135989271243,0.3086459575770463,89.0,0.0,0.0,0.16800887568251355,99.14463453472516,102.24908087190643,False,False,0.0,0.0,False,0.0,1,1,0,True
82,73,0.27,83.39952835114998,88.35120179985391,86.61916385593995,92.06659052592012,8.791593828468258,1.7648131278329164,2.1837984149043432,60.53800099644134,40.93133294987832,102.62235749371976,260.8769068967697,1.089888883662155,0.04127666055678225,0.1552773353350734,0.7089973007131193,0.013422665975295877,0.31551281373629425,86.0,0.0,0.0,2.7039807753483416,101.46933394631967,104.8061559086241,False,False,0.0,0.0,False,0.0,0,0,0,True
83,72,0.28,83.20588292773806,88.15029258466866,85.41065055100319,91.78351488586443,8.67116103629746,1.8301765770119134,2.2984898820615327,54.23686216174323,40.13048980476673,97.17521470820537,258.13726486310424,1.0879842607298227,0.039546414053790134,0.15342595126878605,0.684392611389341,0.014090086066161526,0.31877157052935157,83.0,0.0,0.0,5.968422275416013,94.36735196650997,99.4737045902669,False,True,6.651294874075273,0.06267415696251756,False,0.0,1,1,0,True
84,72,0.28,82.54561173404325,90.77195342574734,85.41065055100319,94.4506962722129,8.67116103629746,1.8301765770119134,2.4072297174299875,51.20781481448254,40.30772054649941,104.24641482927356,252.77596198836014,1.086470045702543,0.03816689112053369,0.15199790268857777,0.6248909019365556,0.034861973049729635,0.3340990171542847,91.0,0.0,0.0,2.9440342483759974,91.51553536098194,106.65364454670355,False,False,0.0,0.0,False,0.0,1,1,0,True
85,75,0.25,86.09608710661028,90.10088866559573,88.94597497017747,93.70205812154421,9.032459412809855,1.6340862294749225,2.3758687830033325,52.40234152062124,39.474185858015986,105.67565192338371,251.62104829294182,1.0853623765132627,0.03715010641038472,0.15110280416986474,0.6098738059370947,0.014932404684378564,0.3313497114881638,86.0,0.0,0.0,5.274470944602866,91.87652737863723,108.05152070638704,False,False,0.0,0.0,False,0.0,0,0,0,True
86,74,0.26,85.95052467516669,93.24355927653622,87.82568443919885,96.92544503602572,8.912026620639057,1.6994496786539195,2.448213914325371,57.22582941552875,39.199864286394494,109.69869831122863,246.20317345560443,1.0843495825795204,0.03621054668531069,0.15017705786959568,0.543303682625321,0.04525550735752292,0.3500205212904797,85.0,0.0,0.0,7.543361175995039,96.42569370192325,112.14691222555399,False,False,0.0,0.0,False,0.0,0,0,0,True
87,79,0.20999999999999996,91.87689990315386,99.60324233192874,93.6257967078302,103.51478945847609,9.514190581493047,1.372632432758935,2.6654870823411976,62.98734022522613,39.75987477580821,114.66260023267559,240.2257278315059,1.0840062454396313,0.0358637599768659,0.1500047969266112,0.45540420536852827,0.09858122952222867,0.3748901602098024,84.0,0.0,0.0,9.749190258494089,102.74721500103433,117.32808731501679,False,False,0.0,0.0,False,0.0,0,0,0,True
88,82,0.18000000000000005,96.77257981974554,104.19862020350334,96.92191655280975,108.29512464975997,9.875488958005443,1.1765420852219444,3.111797727340443,49.90141959187008,40.471783802411444,118.394432058381,232.94902418081236,1.0841796560857841,0.03596522714336199,0.15023975933550426,0.3663089862725672,0.10929368274507587,0.3921014299238685,80.0,0.0,0.0,0.3786740181174837,90.37320339428152,121.50622978572144,False,False,0.0,0.0,False,0.0,2,2,0,True
89,83,0.17000000000000004,96.0361630831172,98.80037050484363,98.04453328257445,102.70953171306776,9.99592175017624,1.1111786360429474,2.601219285602464,40.09858217451953,39.54525074774502,106.57381985363662,232.19318695854312,1.0846736497049785,0.03634026117366369,0.15058997103017732,0.36273898580719915,0.012264947777854283,0.3722811117266718,84.0,0.0,0.0,6.550502348354344,79.64383292226455,109.17503913923909,False,True,9.521424238065551,0.08021657905509337,False,0.0,1,1,0,True
90,82,0.18000000000000005,93.8151367935911,103.7029606059158,97.0539020347186,107.83095273533962,9.875488958005441,1.1765420852219444,2.243825325175772,46.05395328413836,40.386470624829926,115.30082359614232,225.54412838734595,1.0850180357108885,0.03661063719739788,0.15065463821320227,0.29989566068613227,0.05705700541620586,0.39455127100544707,92.0,0.0,0.0,8.813637327429209,86.44042390896828,117.5446489213181,False,False,0.0,0.0,False,0.0,0,0,0,True
91,86,0.14,100.87479221228944,107.95680363248974,101.89713361262862,112.29851466995544,10.357220126688635,0.9150882885059567,2.4622095010070817,50.2780065865762,41.14891925860802,119.74493413276436,219.48445836748485,1.0856418377154438,0.03714069279552421,0.15093709391900803,0.23483109249249584,0.07781347546550457,0.4132319808673669,87.0,0.0,0.0,11.025998427512707,91.42692584518421,122.20714363377144,False,False,0.0,0.0,False,0.0,0,0,0,True
92,90,0.09999999999999998,105.60141469178339,112.13827924872763,106.4637728124723,116.74764229472129,10.838951295371826,0.653634491789969,2.665396490471747,54.34251301335205,42.738488246612825,123.87892044886144,213.8099519312295,1.0867782338974679,0.03814790741509224,0.15129307709637824,0.17172002216166116,0.08851115425023338,0.43166274193222043,86.0,0.0,0.0,13.264796507791564,97.08100125996486,126.54431693933319,False,False,0.0,0.0,False,0.0,0,0,0,True
93,93,0.06999999999999995,109.45691539396245,115.42229789310149,109.99442484516439,120.30002142572698,11.200249671884222,0.45754414425297835,2.8745565625315903,58.28473278765376,44.58248515362723,127.36832380178024,208.38207888329248,1.088260517018101,0.039478237530989446,0.15183628980496183,0.11540823143296944,0.08513323636594114,0.4458437231464491,84.0,0.0,0.0,15.596276815499444,102.86721794128098,130.24288036431182,False,False,0.0,0.0,False,0.0,0,0,0,True
94,95,0.050000000000000044,111.9849596170053,117.53098128230195,112.42262253487876,122.66690378018262,11.441115256225817,0.3268172458949845,3.2406241917982697,62.44220270984516,46.47446918998144,129.50614447792427,203.27372013586924,1.09003599314824,0.041099559700476275,0.1523752363800693,0.07111147979492885,0.07147423675504123,0.4553265595290088,83.0,0.0,0.0,18.043923877128258,108.91667189982661,132.74676866972254,False,False,0.0,0.0,False,0.0,0,0,0,True
95,99,0.010000000000000009,115.92975257380776,120.86466849636349,117.19046653282707,126.43309210690917,11.922846424909011,0.0653634491789969,3.3734163477923405,57.5617108983901,50.012301001912846,133.00732717395064,199.5995181723328,1.0924282787731798,0.043356182422332655,0.15233293597025035,0.029038643852698647,0.07410541808655992,0.4694053856527015,86.0,0.0,0.0,15.333369130949091,107.57401190030295,136.38074352174297,False,False,0.0,0.0,False,0.0,1,1,0,True
96,99,0.010000000000000009,116.35658643893547,120.60382092833815,117.32012581594985,126.55701691038622,11.922846424909011,0.0653634491789969,3.3600956050300814,41.781015356742365,52.03705971808233,134.38411730732926,196.31582305994448,1.0956087105799692,0.04640765212520144,0.15211210013357648,0.0026429507444631567,0.0440015610247754,0.4720909116246047,84.0,0.0,0.0,6.8954467696607,93.81807507482469,137.74421291235933,False,False,0.0,0.0,False,0.0,2,2,0,True
97,100,0.0,115.08085939007863,117.53472540006636,118.3107570638057,123.79603853018283,12.043279217079808,0.0,2.9875686947506024,32.25852185896032,52.25390365428937,134.1232163868314,197.09185472368387,1.0992616382336506,0.04993271222077702,0.15163693180994167,0.014394388196506385,0.010805195416130058,0.4590942062961112,87.0,0.0,0.0,4.28368235141573,84.5124255132497,137.11078508158198,False,False,0.0,0.0,False,0.0,1,1,0,True
98,97,0.030000000000000027,111.76137895208373,113.65396359615256,114.90256395824085,120.14152129777682,11.681980840567416,0.19609034753699073,2.716493199247088,31.173188696713733,50.81546282128095,133.12373191866334,198.3404550857721,1.1025966925083837,0.053192230598219536,0.15076542370876317,0.03575833801898086,0.031734242979630546,0.44536704470358784,90.0,0.0,0.0,7.2527406105804895,81.98865151799468,135.84022511791042,False,False,0.0,0.0,False,0.0,0,0,0,True
99,100,0.0,115.18621528970655,119.31004346468714,118.53927495289196,126.5189072328705,12.043279217079808,0.0,2.7406083456132913,33.08176547359521,52.031065191639456,136.76493207978865,197.56968657397692,1.10542428616585,0.0559857919673757,0.14982040081165357,0.02474294040533378,0.03247186856114533,0.46351947067517674,91.0,0.0,0.0,10.0879812377724,85.11283066523467,139.50554042540193,False,False,0.0,0.0,False,0.0,0,0,0,True
100,100,0.0,117.0595073674351,120.46141819706533,118.53927495289196,128.1620454379151,12.043279217079808,0.0,3.107990631904608,35.26363508744382,53.66573531957453,138.93660363685265,195.6475433298036,1.108376815720901,0.05890526780939689,0.1488249959372428,0.007551382359494413,0.03199856105145937,0.47089831247230735,83.0,0.0,0.0,12.960166953676154,88.92937040701835,142.04459426875727,False,False,0.0,0.0,False,0.0,0,0,0,True
101,100,0.0,117.52238059519884,120.73167807267825,118.53927495289196,128.90787608858662,12.043279217079808,0.0,3.410601837618062,37.84315534425375,56.02771304983538,140.98260182609658,193.4551402100173,1.1116471361891764,0.06212813818230054,0.1479031397383505,-0.008529192518579401,0.0254867888946957,0.4768217408531329,84.0,0.0,0.0,15.931505706406247,93.87086839408913,144.39320366371464,False,False,0.0,0.0,False,0.0,0,0,0,True
102,100,0.0,117.78826054389529,120.88851904197325,118.53927495289196,129.56680045167903,12.043279217079808,0.0,3.5935490006795696,40.90977585475448,59.323798388677716,143.55967865521322,191.10589612093597,1.1152532135223425,0.06566718403815983,0.14712731653483935,-0.023591733847750013,0.021305371710908134,0.4833295437462737,83.0,0.0,0.0,19.069117676007565,100.2335742434322,147.15322765589278,False,False,0.0,0.0,False,0.0,0,0,0,True
103,100,0.0,118.03758172778063,120.80708105173757,118.53927495289196,130.00129053151625,12.043279217079808,0.0,3.6435649008170445,34.968039353821176,63.12884194715459,146.15726474762423,188.83809002209037,1.119213627584872,0.06953574392621749,0.14656368660204475,-0.03643998978702224,0.01809703758488488,0.48953729401029733,81.0,0.0,0.0,16.866147531852075,98.09688130097577,149.80082964844127,False,False,0.0,0.0,False,0.0,1,1,0,True
104,100,0.0,117.79383222860666,120.34030748899627,118.53927495289196,130.04437135635445,12.043279217079808,0.0,3.5664246624588998,38.00180312059832,66.85016890157728,148.6447639854191,187.03705748598605,1.123513693603891,0.07371689948580898,0.14626219907228816,-0.04468473384329095,0.015320455158949572,0.49413027826600686,81.0,0.0,0.0,20.547355910955396,104.8519720221756,152.211188647878,False,False,0.0,0.0,False,0.0,0,0,0,True
105,100,0.0,117.9710141697925,120.34681030978491,118.53927495289196,130.61119107470574,12.043279217079808,0.0,3.518087461481211,41.7103734032825,71.21796871386552,151.51442200725106,185.22952212909308,1.1280767253422852,0.07813500243514818,0.14625206016035647,-0.05276270860479719,0.015344435309307422,0.5006476973854651,80.0,0.0,0.0,24.51822757461523,112.92834211714802,155.03250946873226,False,False,0.0,0.0,False,0.0,0,0,0,True
106,99,0.010000000000000009,117.24582941215937,119.43875787888172,117.44573639377955,130.1969338825277,11.922846424909011,0.0653634491789969,3.496995699144861,46.125055509103575,75.13765056226711,153.7010363778521,183.23650064399092,1.1329311407585496,0.08281546807956419,0.14656864807687797,-0.06145820953508718,0.01507803564134145,0.5037701157746199,80.0,0.0,0.0,28.829171056873186,121.26270607137069,157.19803207699695,False,False,0.0,0.0,False,0.0,0,0,0,True
107,100,0.0,118.40467204877059,119.80211561232677,118.4363676416354,131.17295354375923,12.043279217079808,0.0,3.472872577160056,50.670841236465236,79.586630445594,155.96045305335565,181.8707526732996,1.1380934764819033,0.08776657088428186,0.14738320396024537,-0.06636592660694937,0.015232727112271457,0.5088143133221831,80.0,0.0,0.0,33.44944268047478,130.25747168205925,159.4333256305157,False,False,0.0,0.0,False,0.0,0,0,0,True
108,100,0.0,118.30750078739604,119.35263289000946,118.4363676416354,131.26584322018556,12.043279217079808,0.0,3.441443980099657,55.78248510857095,84.89802892227293,158.75556805640076,180.9544874249255,1.1434782243160417,0.09292828881994315,0.14855359849380056,-0.06737874203027625,0.015618176129493436,0.5109016638513382,81.0,0.0,0.0,38.423332852887086,140.68051403084388,162.1970120365004,False,False,0.0,0.0,False,0.0,0,0,0,True
109,100,0.0,118.30901396993862,118.91688659319422,118.4363676416354,131.3726086057028,12.043279217079808,0.0,3.402856535587116,52.25476869933919,90.77308658486372,161.68001316680545,180.47396847336677,1.1490994599253557,0.09830763163026165,0.1501846375130288,-0.06471353029856348,0.01610711873736302,0.5126453652941753,81.0,0.0,0.0,38.317336905205416,143.0278552842029,165.08286970239257,False,False,0.0,0.0,False,0.0,1,1,0,True
110,100,0.0,118.1843375940963,118.53894553258401,118.4363676416354,131.53854819557685,12.043279217079808,0.0,3.338560698046652,57.86359859203523,96.9803694976666,164.753625298789,180.37139058241817,1.1549631404465068,0.10390656853422069,0.15236656764320242,-0.05870149907577704,0.016625112806360188,0.5143596745356047,82.0,0.0,0.0,44.180030939491495,154.84396808970183,168.09218599683564,False,False,0.0,0.0,False,0.0,0,0,0,True
111,99,0.010000000000000009,117.25888767242286,117.29519449860108,117.44573639377955,130.7324092955778,11.922846424909011,0.0653634491789969,3.295271543173749,64.14089862942735,102.76376763186826,167.0188542263729,180.5219324775966,1.1610907211716055,0.10974189121197911,0.15520706474937984,-0.04922274018764441,0.01869236761622898,0.5135465275738244,81.0,0.0,0.0,50.5373370063558,166.90466626129563,170.31412576954665,False,False,0.0,0.0,False,0.0,0,0,0,True
112,100,0.0,118.15165713307945,117.59973619207402,118.4363676416354,131.6363195225746,12.043279217079808,0.0,3.2668611278102144,70.91829031461717,110.35307707584961,170.52158962372715,181.35856392715803,1.1675855491382845,0.11588868242475289,0.15904292498622077,-0.03444281301097418,0.017579115721790738,0.5166456971203788,83.0,0.0,0.0,57.36206456211414,181.27136739046676,173.78845075153737,False,False,0.0,0.0,False,0.0,0,0,0,True
113,98,0.020000000000000018,116.21591498131465,115.10720224488959,116.35219783466718,129.3926019585133,11.802413632738213,0.1307268983579938,3.2017165235895795,78.03220008435927,116.35995078890294,171.61368101497177,182.60355951693563,1.1744878534157839,0.12239887368391,0.1639386058291923,-0.013994139502765197,0.029098290634934687,0.5088239012047269,80.0,0.0,0.0,64.79384775708279,194.3921508732622,174.81539753856134,False,False,0.0,0.0,False,0.0,0,0,0,True
114,94,0.06000000000000005,118.35870074589347,116.00857124412677,118.46311961350168,130.91405861204663,12.043279217079808,0.0,3.1065973142208225,75.68730962256636,14.237142228964927,156.54392529978603,155.5986348438467,1.1814523477837786,0.12893208306366472,0.1697727614205679,0.014459954413196387,0.018961532504347553,0.5055150022165688,80.0,0.1,0.0,9.579031356840407,89.92445185153129,159.65052261400686,False,True,9.613321166390666,0.05679488868788166,False,0.0,2,1,1,True
115,99,0.010000000000000009,114.26092905280429,102.93473683651641,117.48444359136732,122.64019526678342,11.922846424909011,0.0653634491789969,3.0146253462907673,78.33694676288317,13.234910704028605,148.99494231250637,170.14834159869758,1.185955858708843,0.133216495193964,0.17164570685825886,-0.16021914555049452,0.15993230536654582,0.4232738964967476,84.0,0.1,0.0,9.579031356840407,91.57185746691178,152.00956765879712,False,False,0.0,0.0,False,0.0,0,0,0,True
116,97,0.030000000000000027,112.01531185211505,103.29648987114257,115.29138886028181,121.86207569194445,11.681980840567416,0.19609034753699073,2.7587385531327877,82.62509429848603,11.965869756692484,147.44370912085185,182.14324058783683,1.188305011877357,0.13547017507710107,0.1731049814641841,-0.07924258835075554,0.11774264224924577,0.5967736913374246,86.0,0.0,1.0,9.579031356840407,94.59096405517852,150.20244767398464,False,False,0.0,0.0,False,0.0,0,0,0,True
117,95,0.050000000000000044,110.34179661442536,104.96426890183605,112.76899078374856,119.84034117608333,11.44111525622582,0.3268172458949845,2.8421589115378216,87.37888009804391,9.97195298585603,148.24877285611905,189.94796246974934,1.18898179828923,0.13612378383869078,0.1745171163271103,-0.02167483826644537,0.08978801680715949,0.57809176073476,88.0,0.0,0.0,9.579031356840407,97.35083308389994,151.09093176765685,False,False,0.0,0.0,False,0.0,0,0,0,True
118,93,0.06999999999999995,108.98784849506788,104.47678536606121,110.19178270870323,118.39411792295357,11.20024967188422,0.45754414425297835,2.9360155746361403,83.9343241013056,7.8313327938194135,149.60469282672437,195.66295981239136,1.1884989863067332,0.13564869731763682,0.17612059568371954,0.03816421877005762,0.07654351481652641,0.48790303921922185,86.0,0.0,0.0,4.401189615407612,91.76565689512502,152.54070840136052,False,False,0.0,0.0,False,0.0,1,1,0,True
119,93,0.06999999999999995,107.5234066750774,100.80401427003707,109.98804994108524,114.03977884887338,11.200249671884222,0.45754414425297835,2.9486636547070377,85.86144686735275,4.76097666730683,148.41668098910725,204.8469954834395,1.1867985998252102,0.1340253359126104,0.1768500268924143,0.13479894763555322,0.06945547053443049,0.41605714752628664,87.0,0.0,0.0,4.401189615407612,90.62242353465959,151.3653446438143,False,False,0.0,0.0,False,0.0,0,0,0,True
120,92,0.07999999999999996,107.41296383962982,101.7063758447998,108.89451138197285,114.73221478136914,11.079816879713423,0.5229075934319752,2.8379381604412925,79.41856675711293,3.3619257354812317,141.06963154683294,212.03513102061262,1.1831707570490704,0.13059261647990866,0.1760791455623757,0.1984079158414808,0.036774511518402,0.3972547264793978,85.0,0.0,0.0,8.63445418243645,82.78049249259416,143.90756970727423,False,True,9.913640446412066,0.0644491122941181,False,0.0,1,1,0,True
121,90,0.09999999999999998,105.23673819485195,103.93374499667472,106.548696809973,116.82000933775187,10.838951295371828,0.653634491789969,2.5003863201901995,85.8544506618747,3.214953993813394,146.80861650087263,214.65008283391086,1.1783694202247832,0.12605599556815572,0.1745096420116767,0.21437893212910933,0.01373254042380503,0.3979029174422651,87.0,0.0,0.0,8.63445418243645,89.06940465568809,149.30900282106282,False,False,0.0,0.0,False,0.0,0,0,0,True
122,90,0.09999999999999998,106.98454742065455,103.86682898678761,106.548696809973,116.3089994146259,10.838951295371828,0.653634491789969,2.656984307944964,91.06872426734857,2.6173939431550037,149.55205152151967,217.33195065709626,1.173383796843035,0.12135684136273157,0.17273451095619335,0.23161385812599344,0.010618476435802118,0.3920870035876828,82.0,0.0,0.0,8.63445418243645,93.68611821050358,152.20903582946463,False,False,0.0,0.0,False,0.0,0,0,0,True
123,89,0.10999999999999999,105.8986271714996,103.56872241121138,105.4551582508606,115.5258007077315,10.71851850320103,0.718997940968966,2.382165447519723,87.1959643377865,1.93856745550828,152.82145641865927,219.2183864967454,1.1681887920850775,0.1164691540218965,0.17076705530962824,0.23815832120187835,0.009743480766515518,0.39076981115274967,82.0,0.0,0.0,2.9625198912143373,89.13453179329478,155.203621866179,False,False,0.0,0.0,False,0.0,1,1,0,True
124,90,0.09999999999999998,106.63194861183955,102.32678005481173,106.548696809973,113.67891312187173,10.838951295371828,0.653634491789969,2.3207400796797684,90.02973844652409,0.6225912468220409,154.60632179449573,223.44030325190667,1.1630122153977391,0.11159485287933535,0.16919994946216096,0.27088986509085744,0.013305634799439994,0.3797095048594357,85.0,0.0,0.0,2.9625198912143373,90.65232969334613,156.9270618741755,False,False,0.0,0.0,False,0.0,0,0,0,True
125,89,0.10999999999999999,105.61911969383284,103.06869857717494,105.4551582508606,113.98989721787494,10.71851850320103,0.718997940968966,2.0924849138665076,85.22670080510353,0.0,147.22670158217906,225.82676292559233,1.1573182520532745,0.10623258909569626,0.1674510475522129,0.2800797599794248,0.0067625000710952125,0.38106386049791313,84.0,0.0,0.0,8.95915118976273,85.22670080510353,149.31918649604557,False,True,11.547270312229815,0.07178171597321958,False,0.0,1,1,0,True
126,90,0.09999999999999998,104.85827526205755,106.20618593252433,106.548696809973,116.90888024909489,10.838951295371828,0.653634491789969,1.9562581943691704,92.82597822220109,0.0,154.03578733675275,226.16927380304097,1.1516117931605079,0.10085031010031316,0.16610956835469456,0.2704020473149477,0.031647552096321974,0.38881179582560044,86.0,0.0,0.0,8.95915118976273,92.82597822220109,155.99204553112193,False,False,0.0,0.0,False,0.0,0,0,0,True
127,90,0.09999999999999998,107.30740770990793,106.29081658735984,106.548696809973,116.4939428353276,10.838951295371828,0.653634491789969,2.1430770864898356,89.22942402925447,0.0,157.96036650495031,226.42715402565412,1.1462616129183552,0.09581357656709462,0.1646312569291081,0.2646962715763568,0.021122111134104747,0.38790409889736094,81.0,0.0,0.0,3.3823589551057545,89.22942402925447,160.10344359144014,False,False,0.0,0.0,False,0.0,1,1,0,True
128,90,0.09999999999999998,107.67036932011042,105.00473602514195,106.548696809973,114.61490049583085,10.838951295371828,0.653634491789969,2.0612378538281697,73.66388229238962,0.0,144.5070946379349,227.97111481048512,1.1411820340242083,0.09103811819429641,0.16303866295881347,0.27486343301396,0.005720215089854394,0.38139840244886614,81.0,0.0,0.0,8.794099949505785,73.66388229238962,146.56833249176307,False,True,16.622135104825524,0.10185726745949344,False,0.0,2,2,0,True
129,90,0.09999999999999998,104.38960498697334,108.65738564105551,106.548696809973,118.11410960570967,10.838951295371828,0.653634491789969,1.9025485818450045,72.62977728926295,0.0,152.3920112025545,225.8624259794026,1.1360595783215863,0.08622174501678619,0.16134433515354119,0.2481497349340509,0.03632311335909161,0.3946868268787074,89.0,0.0,0.0,3.2074755387354106,72.62977728926295,154.2945597843995,False,False,0.0,0.0,False,0.0,1,1,0,True
130,90,0.09999999999999998,106.66162753117693,104.2237468524429,106.548696809973,112.90654722055832,10.838951295371828,0.653634491789969,1.9538602197452979,64.52626043568038,0.0,144.82883723087363,228.18737593693265,1.1316667028213703,0.08210399101974966,0.15958627195168906,0.2709420142215554,0.018347284176191917,0.3782289813162472,87.0,0.0,0.0,8.806961847037137,64.52626043568038,146.78269745061894,False,True,11.102426525922494,0.07031964916195708,False,0.0,1,1,0,True
131,90,0.09999999999999998,105.70126583764376,111.48730453570846,106.548696809973,120.35202701181574,10.838951295371828,0.653634491789969,1.9849820234772046,73.1497262370205,0.0,153.0455896871704,223.24876821119722,1.127126639968752,0.07784863851976545,0.1576574557810222,0.21829712128250053,0.05784131264895202,0.4064775946551481,91.0,0.0,0.0,8.806961847037137,73.1497262370205,155.03057171064762,False,False,0.0,0.0,False,0.0,0,0,0,True
132,91,0.08999999999999997,108.90663106171736,110.80750468303884,107.80097282286047,119.31819674281714,10.959384087542626,0.5882710426109722,2.1635353832042816,59.56728171069097,0.0,145.41203463533006,220.24223635101882,1.123723346934833,0.07467324507390279,0.15585844969915433,0.18842699352175676,0.030427161116608197,0.40864764104273965,84.0,0.0,0.0,8.85453420111206,59.56728171069097,147.57557001853434,False,True,11.419207821128941,0.07182127599589799,False,0.0,2,2,0,True
133,91,0.08999999999999997,107.60382019226789,111.755622853907,107.66898734095162,120.1057387865198,10.959384087542626,0.5882710426109722,2.2490339338930534,56.07998992712749,0.0,150.9555148407623,216.1556008380635,1.1210034368439241,0.07213394575070678,0.1542336335613883,0.15613693180017404,0.0285212492014216,0.41670287377747617,88.0,0.0,0.0,3.128550350026276,56.07998992712749,153.20454877465536,False,False,0.0,0.0,False,0.0,1,1,0,True
134,91,0.08999999999999997,108.0027693620117,106.05238633755546,107.80097282286047,113.82783625599556,10.959384087542626,0.5882710426109722,2.3458730158365944,55.17697385016349,0.0,152.66734902316617,217.9041873233685,1.1189638676929685,0.07024081818075163,0.1526744691702803,0.17921945518902077,0.0333400841042512,0.39709892641479405,87.0,0.0,0.0,3.128550350026276,55.17697385016349,155.01322203900276,False,False,0.0,0.0,False,0.0,0,0,0,True
135,90,0.09999999999999998,108.19662884155169,109.27153138512416,106.548696809973,117.10939021904814,10.838951295371828,0.653634491789969,2.5044382822493443,57.40252016719681,0.0,157.36052702738704,215.1813527482173,1.116699864846661,0.06812683342264851,0.15110775380695346,0.1598849105967076,0.00971898293180159,0.4113699933948758,85.0,0.0,0.0,3.128550350026276,57.40252016719681,159.86496530963637,False,False,0.0,0.0,False,0.0,0,0,0,True
136,90,0.09999999999999998,108.38951295371827,110.15247643462654,106.548696809973,117.91818522151262,10.838951295371828,0.653634491789969,2.5779883453617196,60.34638964425645,0.0,160.46067126919542,211.57757312356375,1.11488247075102,0.06642982454688587,0.1497316054753836,0.1332689259899511,0.014402149083625696,0.4203471135235651,82.0,0.0,0.0,3.128550350026276,60.34638964425645,163.03865961455713,False,False,0.0,0.0,False,0.0,0,0,0,True
137,91,0.08999999999999997,109.59384087542624,111.52547034364522,107.66898734095162,119.29748520995261,10.959384087542626,0.5882710426109722,2.5914307465923354,63.59797623844195,0.0,163.07425157405854,207.7210901208702,1.1136045025040002,0.06523525999095185,0.14861232599512086,0.10416404641383074,0.02220553130818025,0.43042144940035076,81.0,0.0,0.0,3.128550350026276,63.59797623844195,165.66568232065086,False,False,0.0,0.0,False,0.0,0,0,0,True
138,90,0.09999999999999998,108.38951295371827,110.54367027758515,106.548696809973,118.2062556448247,10.838951295371828,0.653634491789969,2.5530105513473518,67.23970481524319,0.0,165.03346206765343,203.72611665325798,1.112848425054551,0.06452734504885235,0.14770048041913444,0.07898624801980932,0.005756182800571346,0.4350591880203809,81.0,0.0,0.0,3.128550350026276,67.23970481524319,167.58647261900077,False,False,0.0,0.0,False,0.0,0,0,0,True
139,93,0.06999999999999995,112.00249671884221,113.75841624314027,110.01480191295148,121.64268720597124,11.200249671884222,0.45754414425297835,2.2724886682104875,42.79366631772521,0.0,144.95825759610426,199.98250232306924,1.1125751740087755,0.064269312545672,0.14705154625105352,0.05171115862493921,0.0329999657309964,0.44872368493760506,79.0,0.0,0.0,8.833844775858882,42.79366631772521,147.23074626431475,False,True,22.600959290156712,0.13307856278289412,False,0.0,3,3,0,True
140,95,0.050000000000000044,111.33352007591363,120.15632211590972,112.34880907860435,128.55254795859008,11.441115256225817,0.3268172458949845,2.175693605647581,51.750943071085544,1.757011160480067,155.8189519757996,192.17498928576384,1.1127646350221663,0.06444958855732237,0.14621264906265563,-0.013978915398789779,0.07866220392736026,0.481062477741742,92.0,0.0,0.0,8.833844775858882,53.50795423156561,157.99464558144717,False,False,0.0,0.0,False,0.0,0,0,0,True
141,100,0.0,118.1358542898875,119.8428613573851,118.19194829368837,128.44768718799577,12.043279217079808,0.0,2.44872064061055,54.64790946321113,1.2606294553287087,157.77789533529253,190.52407622206715,1.1142125314491558,0.06584817628119115,0.14521004618679192,-0.03635927960819055,0.046596121125159456,0.48250224519978213,89.0,0.0,0.0,8.833844775858882,55.90853891853984,160.2266159759031,False,False,0.0,0.0,False,0.0,0,0,0,True
142,100,0.0,118.20869923412447,119.6477619694689,118.19194829368837,128.51735255605513,12.043279217079808,0.0,2.5835274678760847,57.646518709235615,1.008278004665088,160.22957954751323,189.06826254628663,1.1160238362787394,0.0676067491058207,0.14417187505836007,-0.05148599786278517,0.02820420374817902,0.4841994213520656,88.0,0.0,0.0,8.833844775858882,58.6547967139007,162.8131070153893,False,False,0.0,0.0,False,0.0,0,0,0,True
143,100,0.0,118.36153354100982,119.46393668333995,118.19194829368837,128.62760520777886,12.043279217079808,0.0,2.7293129547722925,51.35418282140376,0.6702243146311011,162.65153292473684,187.79627415663506,1.1180526337684038,0.06958493999680215,0.14311872263980724,-0.06212674845724423,0.016952732272688766,0.48584788193333706,85.0,0.0,0.0,3.1264080121684774,52.02440713603486,165.38084587950914,False,False,0.0,0.0,False,0.0,1,1,0,True
144,100,0.0,116.21850592734377,112.95839396457905,118.19194829368837,121.92895679917744,12.043279217079808,0.0,2.680225315078597,49.29445658109597,0.0,164.48078796195787,193.02982848574436,1.1202058220035789,0.07169156415867187,0.14208172702384766,-0.019103306738584642,0.0436059442443076,0.45567906504317823,86.0,0.0,0.0,3.1264080121684774,49.29445658109597,167.16101327703646,False,False,0.0,0.0,False,0.0,0,0,0,True
145,100,0.0,118.06897423728199,117.2889762191677,118.19194829368837,126.81332559411076,12.043279217079808,0.0,2.8243998875437955,50.28965083708634,0.0,170.25679783183026,193.9328005602651,1.121432758171924,0.07291978856146941,0.14100174506745314,-0.01723559237142627,0.00978274790110757,0.4675503070062449,87.0,0.0,0.0,3.1264080121684774,50.28965083708634,173.08119771937405,False,False,0.0,0.0,False,0.0,0,0,0,True
146,100,0.0,120.30609087253508,119.29049358000977,118.19194829368837,129.17920301016633,12.043279217079808,0.0,3.1122763355458565,51.6413434592278,0.0,174.19613895164403,192.83425527394374,1.1225775289670197,0.07407547365968017,0.13997005065456716,-0.030968587700593603,0.024066331314645358,0.47615680769097024,78.0,0.0,0.0,3.1264080121684774,51.6413434592278,177.3084152871899,False,False,0.0,0.0,False,0.0,0,0,0,True
147,100,0.0,120.43279217079807,119.64588687137677,118.19194829368837,129.7894051706477,12.043279217079808,0.0,3.022610956512185,44.02622263879568,0.0,164.70630565615375,191.38031669625533,1.1239466438443244,0.07544993641670798,0.13903497606797202,-0.04489545820337352,0.018857902649166085,0.48072095109019114,76.0,0.0,0.0,10.063734996759958,44.02622263879568,167.72891661266593,False,True,12.585468288988872,0.06979736140215938,False,0.0,1,1,0,True
148,100,0.0,119.59619468916381,124.84166755157746,118.19194829368837,135.68314061869773,12.043279217079808,0.0,3.0552593127441408,51.80945070379911,0.05677124299500047,171.86093455192625,184.73059743836626,1.1255388857049216,0.07704001280441061,0.13821627578931167,-0.09724494734723663,0.05649001192898395,0.5109488356705623,85.0,0.0,0.0,10.063734996759958,51.866221946794106,174.9161938646704,False,False,0.0,0.0,False,0.0,0,0,0,True
149,100,0.0,120.07096787871528,120.56325576881919,118.19194829368837,131.39019770211394,12.043279217079808,0.0,3.0983944638520997,46.00772066703915,0.0,173.99099066820415,182.35928996323543,1.128095399495051,0.07955264337124697,0.13759251060796443,-0.10970689619218137,0.0051207502411732215,0.5040705221678248,81.0,0.0,0.0,4.373717909500955,46.00772066703915,177.08938513205624,False,False,0.0,0.0,False,0.0,1,1,0,True
150,100,0.0,119.13558835458888,116.19780972310254,118.19194829368837,126.98830152398058,12.043279217079808,0.0,3.0666114873044554,45.659638517800005,0.0,175.63186365899205,184.3534285338213,1.1308115723719288,0.08221695405559412,0.13711029332775568,-0.08905896434014368,0.035556603757809904,0.48769784508580827,83.0,0.0,0.0,4.373717909500955,45.659638517800005,178.6984751462965,False,False,0.0,0.0,False,0.0,0,0,0,True
151,100,0.0,119.36443828292418,117.90082480233816,118.19194829368837,129.14613138645424,12.043279217079808,0.0,3.0794547938899206,47.25589318947224,0.0,179.52909837562848,184.64455202517152,1.133045017901822,0.08441638285753632,0.1367354734353861,-0.0861171914211453,0.008683810371311601,0.49416077549918314,82.0,0.0,0.0,4.373717909500955,47.25589318947224,182.6085531695184,False,False,0.0,0.0,False,0.0,0,0,0,True
152,100,0.0,119.94708773040519,118.28948668511408,118.19194829368837,129.84658157810395,12.043279217079808,0.0,3.1498151352119477,49.1620737177009,0.0,183.20441320319705,184.54701363374582,1.135155470337823,0.08649337678167568,0.13650530466669042,-0.08752822775531098,0.004134647111966932,0.49746320883892664,80.0,0.0,0.0,4.373717909500955,49.1620737177009,186.354228338409,False,False,0.0,0.0,False,0.0,0,0,0,True
153,100,0.0,120.24462970125832,118.41775864021483,118.19194829368837,130.24957638278252,12.043279217079808,0.0,3.030315912560513,42.227876633465584,0.0,175.07532372964153,184.32120328721936,1.1372326261772778,0.08853237329288441,0.136431865588576,-0.09039986949003306,0.0035130426936681733,0.5003589299225066,79.0,0.0,0.0,10.68633837853212,42.227876633465584,178.10563964220205,False,True,11.78287641120468,0.06205154822469997,False,0.0,1,1,0,True
154,100,0.0,119.5135555616886,122.49814551098036,118.19194829368837,134.99917780428967,12.043279217079808,0.0,3.0773945982288895,49.27357760436099,0.24748823164422085,181.51694691984127,180.01500606992744,1.1393071492512932,0.09056161046535319,0.1365188406725678,-0.12487742432554791,0.03477172454247189,0.5249228696763156,84.0,0.0,0.0,10.68633837853212,49.52106583600521,184.59434151807017,False,False,0.0,0.0,False,0.0,0,0,0,True
155,100,0.0,119.88615756310598,119.2484218791431,118.19194829368837,131.73641632599595,12.043279217079808,0.0,3.1456394687565163,43.91910603698474,0.10933429439574005,183.9595589347071,178.9585324844727,1.1419994618578548,0.0931734743439877,0.13680352390458803,-0.13033120632673956,0.005720642748729863,0.5193713162068266,81.0,0.0,0.0,5.0589436436838815,44.02844033138048,187.10519840346362,False,False,0.0,0.0,False,0.0,1,1,0,True
156,100,0.0,118.98176036030178,115.58642347625005,118.19194829368837,127.99414806653769,12.043279217079808,0.0,2.920016739945409,35.23950932087235,0.0,174.86696140955596,181.56405730191102,1.1447182702476546,0.09580246214270867,0.13724402780876424,-0.10829328783009787,0.03393187282214599,0.5038564411010982,83.0,0.0,0.0,10.667218688970081,35.23950932087235,177.78697814950135,False,True,11.191544334796882,0.05922125005357029,False,0.0,1,1,0,True
157,100,0.0,118.71640316350295,120.08511870846857,118.19194829368837,133.22177168114143,12.043279217079808,0.0,2.936973264965923,40.686299350305504,2.230409359918058,182.01672787016298,179.67088688713085,1.14693104994243,0.09793873814728797,0.13780048556708333,-0.12488236725998625,0.016102870680024188,0.5247318389917949,87.0,0.0,0.0,10.667218688970081,42.91670871022356,184.9537011351289,False,False,0.0,0.0,False,0.0,0,0,0,True
158,100,0.0,119.53973453853976,118.33232149257218,118.19194829368837,131.5503484528696,12.043279217079808,0.0,3.0569805109259076,34.688960426816635,2.337462578040144,184.87551290501568,179.53051368824708,1.1494610786011823,0.1003688293627221,0.1384887142582651,-0.12596479466478908,0.005352446339494663,0.5213964979258898,84.0,0.0,0.0,4.962329730636933,37.02642300485678,187.9324934159416,False,False,0.0,0.0,False,0.0,1,1,0,True
159,100,0.0,118.63359450886125,115.0382380271364,118.19194829368837,128.1418140284395,12.043279217079808,0.0,3.050753910558366,35.065847656496004,1.382885400018487,186.33883950773426,182.68422395479905,1.151946246936768,0.10274703238821578,0.13929139163068874,-0.10184618149236402,0.03098385865375288,0.5050052680099953,85.0,0.0,0.0,4.962329730636933,36.44873305651449,189.38959341829263,False,False,0.0,0.0,False,0.0,0,0,0,True
160,100,0.0,118.33733116060047,115.72792578993842,118.19194829368837,129.09378722796444,12.043279217079808,0.0,3.0623805279444705,36.741893011047566,0.9600003726695507,189.49679083121822,185.14824645854898,1.1538751795815982,0.10458394321046097,0.1401788092577483,-0.08627829358874418,0.014369643496422387,0.5027864311586031,84.0,0.0,0.0,4.962329730636933,37.70189338371711,192.5591713591627,False,False,0.0,0.0,False,0.0,0,0,0,True
161,100,0.0,118.61782110665935,115.9134245345182,118.19194829368837,129.4375760723557,12.043279217079808,0.0,2.9328900903287303,29.099495529289833,0.5429117119556506,180.99358737845415,187.42677021771917,1.155441509174927,0.10606591111550075,0.14112733583107714,-0.0735090953525686,0.007973755941554698,0.4990085413957691,83.0,0.0,0.0,11.035588648126971,29.642407241245483,183.92647746878288,False,True,11.815726614412627,0.06036371496762465,False,0.0,1,1,0,True
162,100,0.0,118.91183185602142,119.62123514000287,118.19194829368837,133.68002560969833,12.043279217079808,0.0,3.049144264830039,34.3905893930774,3.6351307137043625,188.90595153426426,185.9974833714047,1.1567088161832477,0.10725542721504977,0.14210843525554726,-0.09079407054530836,0.026309066140155286,0.51434029249013,86.0,0.0,0.0,11.035588648126971,38.02572010678176,191.9550957990943,False,False,0.0,0.0,False,0.0,0,0,0,True
163,100,0.0,119.75068397236437,118.28971805831583,118.19194829368837,132.33748345819208,12.043279217079808,0.0,3.207109914792725,37.98345588146802,3.913420685443359,192.12108627714136,185.8997136067773,1.1583527528004622,0.10879959908232291,0.14309579889548918,-0.09391676811766148,0.0072366973488987,0.510359195824605,85.0,0.0,0.0,11.035588648126971,41.896876566911374,195.3281961919341,False,False,0.0,0.0,False,0.0,0,0,0,True
164,100,0.0,119.65323954435668,118.07480614973684,118.19194829368837,132.24421704997292,12.043279217079808,0.0,3.271533724423672,41.7889870014215,4.460005038347249,195.71275821319853,186.01685575072884,1.1600191589092153,0.11036080065736467,0.1440811519781801,-0.0943723340753837,0.004618766316237662,0.5090651039554944,83.0,0.0,0.0,11.035588648126971,46.24899203976875,198.9842919376222,False,False,0.0,0.0,False,0.0,0,0,0,True
165,100,0.0,119.61951091237928,117.83037131979543,118.19194829368837,132.11494243532496,12.043279217079808,0.0,3.291860454968912,36.236589466808546,4.87239012633648,199.12528092227856,186.37843272462177,1.1616607328032278,0.11189493483259072,0.1450399977183425,-0.09241184013372447,0.0034899132597883834,0.506825594864842,83.0,0.0,0.0,5.312784412330882,41.10897959314502,202.41714137724748,False,False,0.0,0.0,False,0.0,1,1,0,True
166,100,0.0,118.95732198344216,114.88997708789256,118.19194829368837,128.95183280007757,12.043279217079808,0.0,3.2367376923537554,37.17772626190596,3.7383033819553253,200.24962916604326,189.68040393041758,1.163227292702564,0.11335509159585092,0.1459528244018007,-0.06700801764705623,0.026530594142833153,0.4893288814412718,84.0,0.0,0.0,5.312784412330882,40.916029643861286,203.48636685839702,False,False,0.0,0.0,False,0.0,0,0,0,True
167,100,0.0,118.49870300766445,115.31221507056608,118.19194829368837,129.49615323653722,12.043279217079808,0.0,3.180503522782761,39.201621420742185,2.964405001680395,202.75470798731726,192.5601371535399,1.1642316507350674,0.1142752093477138,0.14680066133468875,-0.04754753499199299,0.01382383265056324,0.483500232359569,84.0,0.0,0.0,5.312784412330882,42.16602642242258,205.93521151010003,False,False,0.0,0.0,False,0.0,0,0,0,True
168,100,0.0,118.5699248024156,115.23836133417393,118.19194829368837,129.43735632913132,12.043279217079808,0.0,3.163070033398995,41.30589887035779,2.2595800316027983,205.16622393855025,195.51372411305434,1.1648116815959473,0.11478880363619659,0.14756168324525798,-0.02868302512875457,0.00985840826852236,0.4760197326014315,82.0,0.0,0.0,5.312784412330882,43.56547890196059,208.32929397194926,False,False,0.0,0.0,False,0.0,0,0,0,True
169,100,0.0,118.7035348845322,115.33098735215746,118.19194829368837,129.52361200283013,12.043279217079808,0.0,3.1731431524639735,43.568511636840526,1.6577346182086765,207.67905459981986,198.37468505458526,1.1649909232833353,0.11492032802175371,0.1482127333169533,-0.011367117664041328,0.005855771122791471,0.4693683752238894,82.0,0.0,0.0,5.312784412330882,45.226246255049205,210.85219775228384,False,False,0.0,0.0,False,0.0,0,0,0,True
170,100,0.0,118.9143573689585,115.44020059713868,118.19194829368837,129.5927651785089,12.043279217079808,0.0,3.199464763361971,45.89704216006775,0.9309511772900261,209.98129914976357,201.12643275113493,1.1648114167587333,0.11471178922285075,0.1487350369550308,0.004679216696722258,0.003583120610962965,0.4631298069493341,81.0,0.0,0.0,5.312784412330882,46.827993337357775,213.18076391312553,False,False,0.0,0.0,False,0.0,0,0,0,True
171,100,0.0,119.03967619122544,115.69698698409277,118.19194829368837,129.79602405439297,12.043279217079808,0.0,3.2215539435063434,48.49630601718242,0.07927200755726571,212.29156186449822,203.6213940607305,1.1643042845753666,0.1141940855525948,0.14911879034481984,0.01849883769786039,0.002679867602593893,0.45798585306273354,81.0,0.0,0.0,5.312784412330882,48.575578024739684,215.51311580800456,False,False,0.0,0.0,False,0.0,0,0,0,True
172,100,0.0,119.15301771814778,115.84562938146183,118.19194829368837,129.85245749764834,12.043279217079808,0.0,3.236497105500142,51.2514936869641,0.0,215.35371425776646,205.96771297295703,1.1635184116166264,0.11341493358615665,0.14935921499173568,0.0313159437436364,0.0025003162735233756,0.45294745913211687,81.0,0.0,0.0,5.312784412330882,51.2514936869641,218.5902113632666,False,False,0.0,0.0,False,0.0,0,0,0,True
173,100,0.0,119.77949253478484,116.31264495187386,118.19194829368837,130.24570866358877,12.043279217079808,0.0,3.289677287585333,54.04382647899413,0.0,218.36840575192613,207.84701631477157,1.1625025814703493,0.11242036645086215,0.1494557381674823,0.040533729928856864,0.004547164579067602,0.4498575504458526,79.0,0.0,0.0,5.312784412330882,54.04382647899413,221.65808303951147,False,False,0.0,0.0,False,0.0,0,0,0,True
174,100,0.0,120.17886979825137,116.65017527766406,118.19194829368837,130.48275677220607,12.043279217079808,0.0,3.3413101898658297,56.90744301931502,0.0,221.1449140214693,209.38878933079593,1.1613351590482057,0.1112857114223577,0.14941324033754416,0.047639646362196045,0.005709065230951538,0.4471094364645781,78.0,0.0,0.0,5.312784412330882,56.90744301931502,224.48622421133513,False,False,0.0,0.0,False,0.0,0,0,0,True
175,100,0.0,120.4248868696328,116.86148813972542,118.19194829368837,130.572720337926,12.043279217079808,0.0,3.093859609621715,40.94536773452367,0.0,205.44704106954987,210.7192494847589,1.160061334992106,0.11005442716547209,0.14923961899929192,0.053792080085809324,0.005418638940534083,0.444488142138867,75.0,0.0,0.0,12.512454040750297,40.94536773452367,208.54090067917159,False,True,18.53165917743554,0.08161117833496923,False,0.0,2,2,0,True
176,100,0.0,119.42645275538447,121.10640975184009,118.19194829368837,135.16072880215583,12.043279217079808,0.0,3.100938093049067,38.99606729619855,0.8497759288181075,212.3106086774836,207.80478802660716,1.1587026763862878,0.10874716563252926,0.1489450681609123,0.025455426243132566,0.039929621030881796,0.4611438694579945,84.0,0.0,0.0,7.055065994593217,39.84584322501665,215.41154677053268,False,False,0.0,0.0,False,0.0,1,1,0,True
177,100,0.0,119.86424211904348,117.395636786993,118.19194829368837,130.94669823407423,12.043279217079808,0.0,3.1630030743621522,41.38038657386317,0.15584365789336996,214.12142732295663,208.60109953330254,1.1579499779237463,0.10802521350450485,0.14857471980610126,0.03317234440328911,0.006244097840951967,0.4480971510579943,82.0,0.0,0.0,7.055065994593217,41.53623023175654,217.2844303973188,False,False,0.0,0.0,False,0.0,0,0,0,True
178,100,0.0,119.47576221313331,117.40557241727308,118.19194829368837,130.87258883951156,12.043279217079808,0.0,3.160275566824928,44.2159221174963,0.03972328846538464,216.78246191633352,209.38747540971784,1.1570495369342129,0.10716669109968206,0.14811748717101259,0.03983642607367503,0.004195905620078396,0.4461542859184148,82.0,0.0,0.0,7.055065994593217,44.25564540596168,219.94273748315845,False,False,0.0,0.0,False,0.0,0,0,0,True
179,100,0.0,119.47990458845145,117.35341803728704,118.19194829368837,130.72091017122227,12.043279217079808,0.0,3.1721930438704753,47.14922316172003,0.0,219.41953925029318,210.22600566611916,1.1560401891194652,0.10620835406028264,0.14758422684877404,0.04624678931916666,0.0036053936932715054,0.4440719538892403,81.0,0.0,0.0,7.055065994593217,47.14922316172003,222.59173229416365,False,False,0.0,0.0,False,0.0,0,0,0,True
180,100,0.0,119.54460501990032,117.39888681189937,118.19194829368837,130.6700576711496,12.043279217079808,0.0,3.1845324723012682,50.214473314681314,0.0,222.0981109607252,211.01906714790823,1.1549322624133702,0.10515968237929729,0.14698915129959872,0.05170459646893314,0.002908686259138641,0.44248093940642724,81.0,0.0,0.0,7.055065994593217,50.214473314681314,225.28264343302646,False,False,0.0,0.0,False,0.0,0,0,0,True
181,100,0.0,119.64903449216071,117.48736465879792,118.19194829368837,130.6608266026648,12.043279217079808,0.0,3.200217192652639,44.294130494664444,0.0,224.8011076660442,211.7236507827987,1.153749059191773,0.10404226505732808,0.14634991194185612,0.05603575113353285,0.002276938794532881,0.441283213004284,80.0,0.0,0.0,1.575012781653415,44.294130494664444,228.00132485869685,False,False,0.0,0.0,False,0.0,1,1,0,True
182,100,0.0,119.17349376438175,113.4628727837134,118.19194829368837,126.0770781173858,12.043279217079808,0.0,2.942241630596645,33.13714355791906,0.0,210.03107201100315,216.45272629277366,1.1525152176474514,0.10287910170871033,0.14568333999835725,0.09414758427250676,0.03378105311319413,0.4216754369965653,81.0,0.0,0.0,12.778398818495987,33.13714355791906,212.9733136415998,False,True,17.03838285166033,0.07407615834944982,False,0.0,1,1,0,True
183,100,0.0,119.36769741910307,123.65780892703373,118.19194829368837,137.2024304570334,12.043279217079808,0.0,3.024699187561541,41.8017454879449,1.406895542138893,219.15279935571377,210.98686565942836,1.1505793956215695,0.10104565867568886,0.14496150438229188,0.04156512262230698,0.0664125063033356,0.4601035194933557,85.0,0.0,0.0,12.778398818495987,43.20864103008379,222.1774985432753,False,False,0.0,0.0,False,0.0,0,0,0,True
184,100,0.0,120.21927757213778,119.85967068692892,118.19194829368837,132.9245020073623,12.043279217079808,0.0,3.1789880427133506,46.13675771114398,0.6959385430246454,221.23499283740645,209.31914326618775,1.1497531065428865,0.10027570547831666,0.1443058872353199,0.030030704817314246,0.00957628494375778,0.45203120374789607,81.0,0.0,0.0,12.778398818495987,46.832696254168624,224.4139808801198,False,False,0.0,0.0,False,0.0,0,0,0,True
185,100,0.0,119.8469402569199,119.47880169945812,118.19194829368837,132.46452102969772,12.043279217079808,0.0,3.2148400275086044,41.31633549780276,0.9662806651029621,224.28245653753066,208.03228986041808,1.1491584492645717,0.09972799904934446,0.14369547107532274,0.022660416521833836,0.0031694500459210906,0.4532640857043765,81.0,0.0,0.0,7.189268979536435,42.282616162905725,227.49729656503928,False,False,0.0,0.0,False,0.0,1,1,0,True
186,100,0.0,119.43919620323338,117.62557996726227,118.19194829368837,130.3907412123212,12.043279217079808,0.0,3.195883566187245,43.684007013601175,0.7173640474522507,226.32561169222961,208.59865818684418,1.1487316565422483,0.09934072192354589,0.1431312236276865,0.030514212685501967,0.013249506753672263,0.4470723876791099,83.0,0.0,0.0,7.189268979536435,44.401371061053425,229.52149525841685,False,False,0.0,0.0,False,0.0,0,0,0,True
187,100,0.0,119.26716088815347,117.75431542302451,118.19194829368837,130.49495247626692,12.043279217079808,0.0,3.1741172483038436,46.52482093783426,0.6179036815353647,228.9877050091957,209.03629105750807,1.148159749939151,0.09881428150409714,0.1426039761219116,0.03530421409629299,0.007605671424018081,0.4470076147999299,82.0,0.0,0.0,7.189268979536435,47.14272461936962,232.16182225749955,False,False,0.0,0.0,False,0.0,0,0,0,True
188,100,0.0,119.28423285418087,117.70323434738944,118.19194829368837,130.38805082982321,12.043279217079808,0.0,3.1731535198649663,40.486666037730565,0.3977494969361002,231.5774882388493,209.52500500380702,1.1475106694676995,0.09821311279063835,0.14212527481224896,0.039330281975885464,0.005520645851463958,0.4463959848523693,82.0,0.0,0.0,1.7801665580922208,40.884415534666665,234.75064175871427,False,False,0.0,0.0,False,0.0,1,1,0,True
189,100,0.0,118.0319807636187,112.51473755709998,118.19194829368837,124.58227918824821,12.043279217079808,0.0,3.1116653133437224,38.34138498258348,0.0,233.42678584188263,215.20221574039542,1.146798753270075,0.09755065750883744,0.14170213166585777,0.08604448389724673,0.0467976593929004,0.4221498651870667,82.0,0.0,0.0,1.7801665580922208,38.34138498258348,236.53845115522637,False,False,0.0,0.0,False,0.0,0,0,0,True
190,100,0.0,119.49089454643955,116.50198414884301,118.19194829368837,128.8307008486134,12.043279217079808,0.0,3.1892643580491713,38.944484081719956,0.0,238.97394493270164,216.89217988524075,1.145192943382667,0.09603192024465401,0.14127699894350118,0.09256617957893307,0.004211830294382153,0.4315252795321204,80.0,0.0,0.0,1.7801665580922208,38.944484081719956,242.1632092907508,False,False,0.0,0.0,False,0.0,0,0,0,True
191,100,0.0,120.43279217079807,117.99043787202513,118.19194829368837,130.29593356680644,12.043279217079808,0.0,3.3166448800350317,40.17149057994562,0.0,242.46180822263972,217.09369030690405,1.1435122232686594,0.09443924075633636,0.14090838094568597,0.08689245027316994,0.015587780612088414,0.43593928665243437,75.0,0.0,0.0,1.7801665580922208,40.17149057994562,245.77845310267475,False,False,0.0,0.0,False,0.0,0,0,0,True
192,100,0.0,120.43279217079807,118.7465601353457,118.19194829368837,130.96494579118414,12.043279217079808,0.0,3.365194955447547,42.09201291179471,0.0,245.54044258419242,216.53907846524675,1.1419952475471713,0.09300088037010859,0.14061117867262718,0.07704226882183421,0.01640710828123396,0.4394763521269776,75.0,0.0,0.0,1.7801665580922208,42.09201291179471,248.90563753963997,False,False,0.0,0.0,False,0.0,0,0,0,True
193,100,0.0,120.43279217079807,118.93244481930316,118.19194829368837,131.02865609554027,12.043279217079808,0.0,3.0469434261111616,25.517762723456823,0.0,225.37524854704918,215.79858193963196,1.1407180591918469,0.09178946174841096,0.14038969321809516,0.06799061507691985,0.012007130459941758,0.44169469080178897,75.0,0.0,0.0,13.705331518389617,25.517762723456823,228.42219197316035,False,True,23.122275386791706,0.09192122422515647,False,0.0,2,2,0,True
194,100,0.0,119.87193944732147,126.35371306058914,118.19194829368837,139.07825488124348,12.043279217079808,0.0,3.100118926007688,34.882988256713276,1.0735213627462654,235.0383673792552,207.63681717273116,1.139658023791917,0.09078317978722586,0.14024146918918928,0.0005692214549295586,0.0705042918333563,0.47773491219267206,85.0,0.0,0.0,13.705331518389617,35.95650961945954,238.1384863052629,False,False,0.0,0.0,False,0.0,0,0,0,True
195,100,0.0,120.3504835215275,121.39082075340579,118.19194829368837,133.65634324025746,12.043279217079808,0.0,3.1797492003998924,39.161740928474956,0.4359456268152775,237.14483039116848,204.43794471301374,1.1399634302694166,0.09108160947017416,0.14022296325805347,-0.016803554400561246,0.0027807732221269287,0.46971634123938977,80.0,0.0,0.0,13.705331518389617,39.59768655529023,240.32457959156838,False,False,0.0,0.0,False,0.0,0,0,0,True
196,100,0.0,120.02864072672749,120.74604672689998,118.19194829368837,133.02062944535442,12.043279217079808,0.0,3.1858216650303026,33.91281205494323,0.9027174589650029,240.14393221521598,201.88384627980219,1.1405843348259705,0.09167913476914757,0.14029355317051714,-0.02876570878492878,0.0035389479483969267,0.47311368751952176,80.0,0.0,0.0,8.004560285767433,34.81552951390823,243.32975388024627,False,False,0.0,0.0,False,0.0,1,1,0,True
197,100,0.0,119.74043025884886,119.47451749883349,118.19194829368837,131.71680225135302,12.043279217079808,0.0,3.1713376727679163,36.686439731223864,0.9744791225958971,242.50407798981473,200.60127707465705,1.1414324241527531,0.09249105778269073,0.14043658260504208,-0.031250795067320106,0.012771657810993181,0.472286838093863,82.0,0.0,0.0,8.004560285767433,37.66091885381976,245.67541566258265,False,False,0.0,0.0,False,0.0,0,0,0,True
198,100,0.0,119.56187552810503,119.28814500700865,118.19194829368837,131.6078389126319,12.043279217079808,0.0,3.157297839825172,39.76362379346829,1.1770854701666595,245.2826973661049,199.50508036133684,1.1423079158870588,0.0933262377304381,0.14064028117097574,-0.03390737879446641,0.009753081896085435,0.4743462587180877,82.0,0.0,0.0,8.004560285767433,40.94070926363495,248.43999520593007,False,False,0.0,0.0,False,0.0,0,0,0,True
199,100,0.0,119.48817692490705,118.99827526571279,118.19194829368837,131.38509365674554,12.043279217079808,0.0,3.152394649118122,42.95984660864044,1.2898046359693933,248.02705645012514,198.69875338931237,1.1432160159328086,0.09418996945345204,0.14089684167657468,-0.03549200117860297,0.00871218619468887,0.47551394873933023,82.0,0.0,0.0,8.004560285767433,44.24965124460984,251.17945109924327,False,False,0.0,0.0,False,0.0,0,0,0,True
200,100,0.0,119.41953758192737,118.69614349264825,118.19194829368837,131.14663737379132,12.043279217079808,0.0,3.1536738568479152,46.261505674033806,1.3175331878681007,250.71914973868806,198.19455819035255,1.1441323028528552,0.09505930068197177,0.14119762397129498,-0.03573541450416837,0.008180031589703481,0.47601208653867033,82.0,0.0,0.0,8.004560285767433,47.57903886190191,253.87282359553598,False,False,0.0,0.0,False,0.0,0,0,0,True
201,100,0.0,119.35878430188747,118.4050555262038,118.19194829368837,130.915272752356,12.043279217079808,0.0,3.1580100314711808,40.34748737681729,1.2537999346686826,253.35279485411792,197.98145095783713,1.1450279685021545,0.0959070995345462,0.14153308650370405,-0.03462181080607232,0.007775377083518798,0.4759105235650642,82.0,0.0,0.0,2.408863274997035,41.601287311485976,256.5108048855891,False,False,0.0,0.0,False,0.0,1,1,0,True
202,100,0.0,117.91930657170813,112.18971391648692,118.19194829368837,124.12164642711218,12.043279217079808,0.0,2.8759490957166594,28.38913258031145,0.0,236.1889188259971,203.9836853350386,1.1458745619216373,0.09670660345239586,0.1418931876628924,0.016045453222729135,0.057319590195276215,0.44591700251578015,84.0,0.0,0.0,14.343892075302826,28.38913258031145,239.06486792171376,False,True,17.601258828648124,0.0685764773540508,False,0.0,1,1,0,True
203,100,0.0,119.24434686801095,123.52143322406589,118.19194829368837,136.6154099790649,12.043279217079808,0.0,3.0021285576218513,36.23392615180221,3.6874885358578426,246.78273558941765,198.65420040466114,1.14568158178225,0.09651099525072226,0.1422187591543223,-0.032597085830345096,0.059804854433949825,0.490435721349953,86.0,0.0,0.0,14.343892075302826,39.921414687660054,249.7848641470395,False,False,0.0,0.0,False,0.0,0,0,0,True
204,100,0.0,120.16725361963479,120.59685872159125,118.19194829368837,133.46508891806312,12.043279217079808,0.0,3.1938630697548183,40.72797007748444,2.956784785345919,249.15334626782527,196.2492899767583,1.1465285549518591,0.09730928049619388,0.1425766512051574,-0.049259041821336697,0.012541585244608282,0.48654154844412956,83.0,0.0,0.0,14.343892075302826,43.68475486283036,252.3472093375801,False,False,0.0,0.0,False,0.0,0,0,0,True
205,100,0.0,119.89011153516383,120.1045954534585,118.19194829368837,133.03731249640126,12.043279217079808,0.0,3.2574875571352004,45.32232412070843,3.563430447563902,252.84437970377726,194.33664281698816,1.147656006786241,0.09837567422053191,0.14295570169784116,-0.06026311989107004,0.003956317814023834,0.4889433818086246,82.0,0.0,0.0,14.343892075302826,48.88575456827233,256.10186726091246,False,False,0.0,0.0,False,0.0,0,0,0,True
206,100,0.0,119.82063004877402,119.82444307366023,118.19194829368837,132.86711019678393,12.043279217079808,0.0,3.269372962523322,50.15047131791565,4.145374025660051,256.4804347687105,192.70414803701632,1.1489774743966965,0.09962754930735877,0.143339327971839,-0.06848419869753952,0.001065626510628211,0.4914111150003199,82.0,0.0,0.0,14.343892075302826,54.29584534357571,259.74980773123383,False,False,0.0,0.0,False,0.0,0,0,0,True
207,100,0.0,119.76448800732267,119.31082630761506,118.19194829368837,132.4533555314705,12.043279217079808,0.0,3.256284897560553,55.00206312082414,4.6414183743803985,259.75412884290597,191.58527002308966,1.1504323021145482,0.10100708932703566,0.14372078699416002,-0.07261410607027066,0.0044656067230136615,0.4920791100024526,82.0,0.0,0.0,14.343892075302826,59.64348149520454,263.0104137404665,False,False,0.0,0.0,False,0.0,0,0,0,True
208,100,0.0,119.65756610142888,118.4427200269711,118.19194829368837,131.65045046633753,12.043279217079808,0.0,3.234446731927502,59.55705855171002,5.106887784797651,262.3946181249411,191.33449828980693,1.1519351745984123,0.1024328284162604,0.1440928366239743,-0.07042822418129548,0.010203637699697224,0.48980793032015624,79.0,0.0,0.0,14.343892075302826,64.66394633650768,265.6290648568686,False,False,0.0,0.0,False,0.0,0,0,0,True
209,100,0.0,119.50809908156968,118.04956809749976,118.19194829368837,131.36545944990058,12.043279217079808,0.0,3.212576613971574,64.35970452991805,5.601967299997096,265.1076252534848,191.47687848599554,1.1533619043765562,0.10378602232519847,0.14444573760542223,-0.06630579556239659,0.009911964731806427,0.48814892540603855,80.0,0.0,0.0,14.343892075302826,69.96167182991515,268.3202018674564,False,False,0.0,0.0,False,0.0,0,0,0,True
210,100,0.0,119.39338751988392,117.68161846167477,118.19194829368837,131.09547090143687,12.043279217079808,0.0,3.1962827870568713,69.4166982378429,6.007588142208107,267.76996685040115,191.9872083180092,1.1546777101276204,0.10503362752013608,0.1447728598880392,-0.060391833479066626,0.009519061355701902,0.48577717799361614,80.0,0.0,0.0,14.343892075302826,75.424286380051,270.966249637458,False,False,0.0,0.0,False,0.0,0,0,0,True
211,100,0.0,119.27429938092293,117.32820086067747,118.19194829368837,130.82505031421715,12.043279217079808,0.0,3.183699070799623,65.29886423916113,6.305191462191772,270.37740397045684,192.85095575102008,1.1558490380420685,0.1061437493679838,0.1450691083199275,-0.052738869339999925,0.009149108500508651,0.48270975877138156,80.0,0.0,0.0,8.672232185597974,71.6040557013529,273.56110304125644,False,False,0.0,0.0,False,0.0,1,1,0,True
212,100,0.0,118.56575232870101,114.9898708582985,118.19194829368837,128.319590901073,12.043279217079808,0.0,3.1362470199297263,68.45501426401006,5.2235770273516495,271.37874984062285,196.05303318640998,1.1568439470194523,0.10708600708667763,0.14533007461477848,-0.027292041275821556,0.02573307554807781,0.4688623232377081,80.0,0.0,0.0,8.672232185597974,73.67859129136171,274.51499686055257,False,False,0.0,0.0,False,0.0,0,0,0,True
213,100,0.0,118.12300100890566,115.07297774958835,118.19194829368837,128.4519132128301,12.043279217079808,0.0,3.10276066799908,72.46716105932568,4.580057038711496,273.7569319440376,199.17200373051003,1.1572914426337049,0.10750517786082259,0.14554613567027122,-0.00541005660447803,0.015910101997724475,0.46285617937946677,81.0,0.0,0.0,8.672232185597974,77.04721809803718,276.85969261203667,False,False,0.0,0.0,False,0.0,0,0,0,True
214,100,0.0,118.27147816777982,114.96580993605151,118.19194829368837,128.32132772170638,12.043279217079808,0.0,2.8494356954108557,48.59141732616256,3.975651501305345,252.9098727804067,202.39814208814687,1.1572840498249726,0.10749094174215552,0.14570579743697223,0.015545158469735029,0.011198613624620601,0.4561968714274644,81.0,0.0,0.0,15.345558508549054,52.56706882746791,255.75930847581753,False,True,23.466743046199053,0.08404209749873116,False,0.0,3,3,0,True
215,100,0.0,118.02002613981243,118.91501448519108,118.19194829368837,132.67071775164,12.043279217079808,0.0,2.906459636173744,55.34431224447197,7.79373998551828,261.8110772057797,201.6750758966442,1.1568574362293993,0.10707800209417584,0.14580078249513626,0.0024182819770775916,0.02685986230877504,0.4691458735969598,85.0,0.0,0.0,15.345558508549054,63.13805222999025,264.71753684195346,False,False,0.0,0.0,False,0.0,0,0,0,True
216,100,0.0,119.3319927555649,117.6399133616593,118.19194829368837,131.23603431258928,12.043279217079808,0.0,3.1138152725867485,60.06610390826845,8.014042718016698,264.67194249011266,202.2271108286733,1.1567867917117212,0.10700650338881426,0.145846417126632,0.003453351694209764,0.0059804029193918406,0.4639434728166706,84.0,0.0,0.0,15.345558508549054,68.08014662628516,267.7857577626994,False,False,0.0,0.0,False,0.0,0,0,0,True
217,100,0.0,119.21187752204874,117.49346741098245,118.19194829368837,131.0615313508528,12.043279217079808,0.0,3.210190920534435,65.01953677152709,8.73215968878774,268.14990907697177,202.9255917113792,1.1567040565017874,0.10692491803845487,0.1458510709675322,0.0065040973317133845,0.0025311711438874597,0.4618944342034134,81.0,0.0,0.0,15.345558508549054,73.75169646031483,271.3600999975062,False,False,0.0,0.0,False,0.0,0,0,0,True
218,100,0.0,119.18829792612705,117.23805816224436,118.19194829368837,130.76324882394678,12.043279217079808,0.0,3.2565212225934834,70.06452599855392,9.36080312708405,271.35017631057815,203.87948184282325,1.1565827548772791,0.10680762189987605,0.14581471673585555,0.011990759040653406,0.0006454364329841355,0.4590871266152968,79.0,0.0,0.0,15.345558508549054,79.42532912563797,274.60669753317165,False,False,0.0,0.0,False,0.0,0,0,0,True
219,100,0.0,119.09612043422838,116.98575135035995,118.19194829368837,130.460390614012,12.043279217079808,0.0,3.259240432660786,65.68059913635787,9.898998914605707,274.3331990571711,205.08567878615168,1.1563751949900687,0.10660883690174064,0.14573912684324145,0.019472948133354158,0.0024900090773617815,0.45588332645919055,77.0,0.0,0.0,9.586252872835491,75.57959805096358,277.59243948983186,False,False,0.0,0.0,False,0.0,1,1,0,True
